--
-- PostgreSQL database dump
--

-- Dumped from database version 9.5.25
-- Dumped by pg_dump version 9.5.25

SET statement_timeout = 0;
SET lock_timeout = 0;
SET client_encoding = 'UTF8';
SET standard_conforming_strings = on;
SELECT pg_catalog.set_config('search_path', '', false);
SET check_function_bodies = false;
SET xmloption = content;
SET client_min_messages = warning;
SET row_security = off;

ALTER TABLE ONLY public.usage_stats_total_temporary_records DROP CONSTRAINT ust_submission_id_foreign;
ALTER TABLE ONLY public.usage_stats_total_temporary_records DROP CONSTRAINT ust_submission_file_id_foreign;
ALTER TABLE ONLY public.usage_stats_total_temporary_records DROP CONSTRAINT ust_representation_id_foreign;
ALTER TABLE ONLY public.usage_stats_total_temporary_records DROP CONSTRAINT ust_issue_id_foreign;
ALTER TABLE ONLY public.usage_stats_total_temporary_records DROP CONSTRAINT ust_issue_galley_id_foreign;
ALTER TABLE ONLY public.usage_stats_total_temporary_records DROP CONSTRAINT ust_context_id_foreign;
ALTER TABLE ONLY public.usage_stats_unique_item_requests_temporary_records DROP CONSTRAINT usir_submission_id_foreign;
ALTER TABLE ONLY public.usage_stats_unique_item_requests_temporary_records DROP CONSTRAINT usir_submission_file_id_foreign;
ALTER TABLE ONLY public.usage_stats_unique_item_requests_temporary_records DROP CONSTRAINT usir_representation_id_foreign;
ALTER TABLE ONLY public.usage_stats_unique_item_requests_temporary_records DROP CONSTRAINT usir_context_id_foreign;
ALTER TABLE ONLY public.usage_stats_unique_item_investigations_temporary_records DROP CONSTRAINT usii_submission_id_foreign;
ALTER TABLE ONLY public.usage_stats_unique_item_investigations_temporary_records DROP CONSTRAINT usii_submission_file_id_foreign;
ALTER TABLE ONLY public.usage_stats_unique_item_investigations_temporary_records DROP CONSTRAINT usii_representation_id_foreign;
ALTER TABLE ONLY public.usage_stats_unique_item_investigations_temporary_records DROP CONSTRAINT usii_context_id_foreign;
ALTER TABLE ONLY public.usage_stats_institution_temporary_records DROP CONSTRAINT usi_institution_id_foreign;
ALTER TABLE ONLY public.submission_files DROP CONSTRAINT submission_files_file_id_foreign;
ALTER TABLE ONLY public.submission_file_revisions DROP CONSTRAINT submission_file_revisions_submission_file_id_foreign;
ALTER TABLE ONLY public.submission_file_revisions DROP CONSTRAINT submission_file_revisions_file_id_foreign;
ALTER TABLE ONLY public.review_round_files DROP CONSTRAINT review_round_files_submission_file_id_foreign;
ALTER TABLE ONLY public.review_files DROP CONSTRAINT review_files_submission_file_id_foreign;
ALTER TABLE ONLY public.review_assignments DROP CONSTRAINT review_assignments_submission_id_foreign;
ALTER TABLE ONLY public.review_assignments DROP CONSTRAINT review_assignments_reviewer_id_foreign;
ALTER TABLE ONLY public.review_assignments DROP CONSTRAINT review_assignments_review_round_id_foreign;
ALTER TABLE ONLY public.review_assignments DROP CONSTRAINT review_assignments_review_form_id_foreign;
ALTER TABLE ONLY public.publications DROP CONSTRAINT publications_doi_id_foreign;
ALTER TABLE ONLY public.publication_galleys DROP CONSTRAINT publication_galleys_submission_file_id_foreign;
ALTER TABLE ONLY public.publication_galleys DROP CONSTRAINT publication_galleys_doi_id_foreign;
ALTER TABLE ONLY public.publication_categories DROP CONSTRAINT publication_categories_publication_id_foreign;
ALTER TABLE ONLY public.publication_categories DROP CONSTRAINT publication_categories_category_id_foreign;
ALTER TABLE ONLY public.metrics_counter_submission_monthly DROP CONSTRAINT msm_submission_id_foreign;
ALTER TABLE ONLY public.metrics_counter_submission_monthly DROP CONSTRAINT msm_context_id_foreign;
ALTER TABLE ONLY public.metrics_counter_submission_institution_monthly DROP CONSTRAINT msim_submission_id_foreign;
ALTER TABLE ONLY public.metrics_counter_submission_institution_monthly DROP CONSTRAINT msim_institution_id_foreign;
ALTER TABLE ONLY public.metrics_counter_submission_institution_monthly DROP CONSTRAINT msim_context_id_foreign;
ALTER TABLE ONLY public.metrics_counter_submission_institution_daily DROP CONSTRAINT msid_submission_id_foreign;
ALTER TABLE ONLY public.metrics_counter_submission_institution_daily DROP CONSTRAINT msid_institution_id_foreign;
ALTER TABLE ONLY public.metrics_counter_submission_institution_daily DROP CONSTRAINT msid_context_id_foreign;
ALTER TABLE ONLY public.metrics_submission_geo_monthly DROP CONSTRAINT msgm_submission_id_foreign;
ALTER TABLE ONLY public.metrics_submission_geo_monthly DROP CONSTRAINT msgm_context_id_foreign;
ALTER TABLE ONLY public.metrics_submission_geo_daily DROP CONSTRAINT msgd_submission_id_foreign;
ALTER TABLE ONLY public.metrics_submission_geo_daily DROP CONSTRAINT msgd_context_id_foreign;
ALTER TABLE ONLY public.metrics_counter_submission_daily DROP CONSTRAINT msd_submission_id_foreign;
ALTER TABLE ONLY public.metrics_counter_submission_daily DROP CONSTRAINT msd_context_id_foreign;
ALTER TABLE ONLY public.metrics_submission DROP CONSTRAINT metrics_submission_submission_id_foreign;
ALTER TABLE ONLY public.metrics_submission DROP CONSTRAINT metrics_submission_submission_file_id_foreign;
ALTER TABLE ONLY public.metrics_submission DROP CONSTRAINT metrics_submission_representation_id_foreign;
ALTER TABLE ONLY public.metrics_submission DROP CONSTRAINT metrics_submission_context_id_foreign;
ALTER TABLE ONLY public.metrics_issue DROP CONSTRAINT metrics_issue_issue_id_foreign;
ALTER TABLE ONLY public.metrics_issue DROP CONSTRAINT metrics_issue_issue_galley_id_foreign;
ALTER TABLE ONLY public.metrics_issue DROP CONSTRAINT metrics_issue_context_id_foreign;
ALTER TABLE ONLY public.metrics_context DROP CONSTRAINT metrics_context_context_id_foreign;
ALTER TABLE ONLY public.mailable_templates DROP CONSTRAINT mailable_templates_email_id_foreign;
ALTER TABLE ONLY public.journals DROP CONSTRAINT journals_current_issue_id_foreign;
ALTER TABLE ONLY public.item_views DROP CONSTRAINT item_views_user_id_foreign;
ALTER TABLE ONLY public.issues DROP CONSTRAINT issues_doi_id_foreign;
ALTER TABLE ONLY public.institutions DROP CONSTRAINT institutions_context_id_foreign;
ALTER TABLE ONLY public.institutional_subscriptions DROP CONSTRAINT institutional_subscriptions_institution_id_foreign;
ALTER TABLE ONLY public.institution_settings DROP CONSTRAINT institution_settings_institution_id_foreign;
ALTER TABLE ONLY public.institution_ip DROP CONSTRAINT institution_ip_institution_id_foreign;
ALTER TABLE ONLY public.genres DROP CONSTRAINT genres_context_id_foreign;
ALTER TABLE ONLY public.genre_settings DROP CONSTRAINT genre_settings_genre_id_foreign;
ALTER TABLE ONLY public.edit_decisions DROP CONSTRAINT edit_decisions_review_round_id_foreign;
ALTER TABLE ONLY public.dois DROP CONSTRAINT dois_context_id_foreign;
ALTER TABLE ONLY public.doi_settings DROP CONSTRAINT doi_settings_doi_id_foreign;
ALTER TABLE ONLY public.category_settings DROP CONSTRAINT category_settings_category_id_foreign;
ALTER TABLE ONLY public.categories DROP CONSTRAINT categories_parent_id_foreign;
ALTER TABLE ONLY public.categories DROP CONSTRAINT categories_context_id_foreign;
ALTER TABLE ONLY public.announcements DROP CONSTRAINT announcements_type_id_foreign;
ALTER TABLE ONLY public.announcement_types DROP CONSTRAINT announcement_types_context_id_foreign;
ALTER TABLE ONLY public.announcement_type_settings DROP CONSTRAINT announcement_type_settings_type_id_foreign;
ALTER TABLE ONLY public.announcement_settings DROP CONSTRAINT announcement_settings_announcement_id_foreign;
DROP INDEX public.user_user_groups_user_id;
DROP INDEX public.user_user_groups_user_group_id;
DROP INDEX public.user_settings_user_id;
DROP INDEX public.user_settings_locale_setting_name_index;
DROP INDEX public.user_groups_user_group_id;
DROP INDEX public.user_groups_role_id;
DROP INDEX public.user_groups_context_id;
DROP INDEX public.user_group_stage_user_group_id;
DROP INDEX public.user_group_stage_stage_id;
DROP INDEX public.user_group_stage_context_id;
DROP INDEX public.temporary_files_user_id;
DROP INDEX public.subscription_type_settings_type_id;
DROP INDEX public.submissions_publication_id;
DROP INDEX public.submissions_context_id;
DROP INDEX public.submission_settings_submission_id;
DROP INDEX public.submission_search_object_submission;
DROP INDEX public.submission_search_object_keywords_keyword_id;
DROP INDEX public.submission_files_submission_id;
DROP INDEX public.submission_files_stage_assoc;
DROP INDEX public.submission_file_settings_id;
DROP INDEX public.submission_comments_submission_id;
DROP INDEX public.subeditor_submission_group_user_id;
DROP INDEX public.subeditor_submission_group_assoc_id;
DROP INDEX public.static_page_settings_static_page_id;
DROP INDEX public.stage_assignments_user_id;
DROP INDEX public.stage_assignments_user_group_id;
DROP INDEX public.stage_assignments_submission_id;
DROP INDEX public.sessions_user_id;
DROP INDEX public.sections_journal_id;
DROP INDEX public.section_settings_section_id;
DROP INDEX public.section_editors_context_id;
DROP INDEX public.review_rounds_submission_id;
DROP INDEX public.review_round_files_submission_id;
DROP INDEX public.review_form_settings_review_form_id;
DROP INDEX public.review_form_responses_pkey;
DROP INDEX public.review_form_elements_review_form_id;
DROP INDEX public.review_form_element_settings_review_form_element_id;
DROP INDEX public.review_files_review_id;
DROP INDEX public.review_assignments_submission_id;
DROP INDEX public.review_assignments_reviewer_review;
DROP INDEX public.review_assignments_reviewer_id;
DROP INDEX public.review_assignments_form_id;
DROP INDEX public.review_assignment_reviewer_round;
DROP INDEX public.queries_assoc_id;
DROP INDEX public.publications_url_path;
DROP INDEX public.publications_submission_id;
DROP INDEX public.publications_section_id;
DROP INDEX public.publication_settings_publication_id;
DROP INDEX public.publication_settings_name_value;
DROP INDEX public.publication_galleys_url_path;
DROP INDEX public.publication_galleys_publication_id;
DROP INDEX public.publication_galley_settings_name_value;
DROP INDEX public.publication_galley_settings_galley_id;
DROP INDEX public.plugin_settings_plugin_name;
DROP INDEX public.notifications_user_id_level;
DROP INDEX public.notifications_context_id_user_id;
DROP INDEX public.notifications_context_id;
DROP INDEX public.notifications_assoc;
DROP INDEX public.notes_assoc;
DROP INDEX public.navigation_menu_item_settings_navigation_menu_id;
DROP INDEX public.msm_context_id_submission_id;
DROP INDEX public.msim_context_id_submission_id;
DROP INDEX public.msid_load_id;
DROP INDEX public.msid_context_id_submission_id;
DROP INDEX public.msgm_context_id_submission_id;
DROP INDEX public.msgd_load_id;
DROP INDEX public.msgd_context_id_submission_id;
DROP INDEX public.msd_load_id;
DROP INDEX public.msd_context_id_submission_id;
DROP INDEX public.ms_load_id;
DROP INDEX public.ms_context_id_submission_id_assoc_type_file_type;
DROP INDEX public.metrics_issue_load_id;
DROP INDEX public.metrics_issue_context_id_issue_id;
DROP INDEX public.metrics_context_load_id;
DROP INDEX public.metrics_context_context_id;
DROP INDEX public.metadata_descriptions_assoc;
DROP INDEX public.metadata_description_settings_id;
DROP INDEX public.library_files_submission_id;
DROP INDEX public.library_files_context_id;
DROP INDEX public.library_file_settings_id;
DROP INDEX public.journal_settings_journal_id;
DROP INDEX public.jobs_queue_reserved_at_index;
DROP INDEX public.issues_url_path;
DROP INDEX public.issues_journal_id;
DROP INDEX public.issue_settings_name_value;
DROP INDEX public.issue_settings_issue_id;
DROP INDEX public.issue_galleys_url_path;
DROP INDEX public.issue_galleys_issue_id;
DROP INDEX public.issue_galley_settings_galley_id;
DROP INDEX public.issue_files_issue_id;
DROP INDEX public.institutional_subscriptions_subscription_id;
DROP INDEX public.institutional_subscriptions_domain;
DROP INDEX public.institution_settings_institution_id;
DROP INDEX public.institution_ip_start;
DROP INDEX public.institution_ip_institution_id;
DROP INDEX public.institution_ip_end;
DROP INDEX public.filter_settings_id;
DROP INDEX public.event_log_settings_name_value;
DROP INDEX public.event_log_settings_log_id;
DROP INDEX public.event_log_assoc;
DROP INDEX public.email_templates_default_email_key;
DROP INDEX public.email_settings_email_id;
DROP INDEX public.email_log_assoc;
DROP INDEX public.edit_decisions_submission_id;
DROP INDEX public.edit_decisions_editor_id;
DROP INDEX public.doi_settings_doi_id;
DROP INDEX public.data_object_tombstones_data_object_id;
DROP INDEX public.data_object_tombstone_settings_tombstone_id;
DROP INDEX public.data_object_tombstone_oai_set_objects_tombstone_id;
DROP INDEX public.controlled_vocab_entries_cv_id;
DROP INDEX public.citations_publication;
DROP INDEX public.citation_settings_citation_id;
DROP INDEX public.category_context_id;
DROP INDEX public.c_v_e_s_entry_id;
DROP INDEX public.authors_publication_id;
DROP INDEX public.author_settings_author_id;
DROP INDEX public.assignment_settings_navigation_menu_item_assignment_id;
DROP INDEX public.announcements_assoc;
DROP INDEX public.announcement_types_context_id;
DROP INDEX public.announcement_type_settings_type_id;
DROP INDEX public.announcement_settings_announcement_id;
DROP INDEX public.access_keys_hash;
ALTER TABLE ONLY public.versions DROP CONSTRAINT versions_pkey;
ALTER TABLE ONLY public.usage_stats_institution_temporary_records DROP CONSTRAINT usitr_load_id_line_number_institution_id;
ALTER TABLE ONLY public.users DROP CONSTRAINT users_username;
ALTER TABLE ONLY public.users DROP CONSTRAINT users_pkey;
ALTER TABLE ONLY public.users DROP CONSTRAINT users_email;
ALTER TABLE ONLY public.user_user_groups DROP CONSTRAINT user_user_groups_pkey;
ALTER TABLE ONLY public.user_settings DROP CONSTRAINT user_settings_pkey;
ALTER TABLE ONLY public.user_groups DROP CONSTRAINT user_groups_pkey;
ALTER TABLE ONLY public.user_group_stage DROP CONSTRAINT user_group_stage_pkey;
ALTER TABLE ONLY public.user_group_settings DROP CONSTRAINT user_group_settings_pkey;
ALTER TABLE ONLY public.user_interests DROP CONSTRAINT u_e_pkey;
ALTER TABLE ONLY public.temporary_files DROP CONSTRAINT temporary_files_pkey;
ALTER TABLE ONLY public.subscriptions DROP CONSTRAINT subscriptions_pkey;
ALTER TABLE ONLY public.subscription_types DROP CONSTRAINT subscription_types_pkey;
ALTER TABLE ONLY public.subscription_type_settings DROP CONSTRAINT subscription_type_settings_pkey;
ALTER TABLE ONLY public.submissions DROP CONSTRAINT submissions_pkey;
ALTER TABLE ONLY public.submission_settings DROP CONSTRAINT submission_settings_pkey;
ALTER TABLE ONLY public.submission_search_objects DROP CONSTRAINT submission_search_objects_pkey;
ALTER TABLE ONLY public.submission_search_object_keywords DROP CONSTRAINT submission_search_object_keywords_pkey;
ALTER TABLE ONLY public.submission_search_keyword_list DROP CONSTRAINT submission_search_keyword_text;
ALTER TABLE ONLY public.submission_search_keyword_list DROP CONSTRAINT submission_search_keyword_list_pkey;
ALTER TABLE ONLY public.submission_files DROP CONSTRAINT submission_files_pkey;
ALTER TABLE ONLY public.submission_file_settings DROP CONSTRAINT submission_file_settings_pkey;
ALTER TABLE ONLY public.submission_file_revisions DROP CONSTRAINT submission_file_revisions_pkey;
ALTER TABLE ONLY public.submission_comments DROP CONSTRAINT submission_comments_pkey;
ALTER TABLE ONLY public.static_pages DROP CONSTRAINT static_pages_pkey;
ALTER TABLE ONLY public.static_page_settings DROP CONSTRAINT static_page_settings_pkey;
ALTER TABLE ONLY public.stage_assignments DROP CONSTRAINT stage_assignments_pkey;
ALTER TABLE ONLY public.stage_assignments DROP CONSTRAINT stage_assignment;
ALTER TABLE ONLY public.site_settings DROP CONSTRAINT site_settings_pkey;
ALTER TABLE ONLY public.sessions DROP CONSTRAINT sessions_pkey;
ALTER TABLE ONLY public.sections DROP CONSTRAINT sections_pkey;
ALTER TABLE ONLY public.section_settings DROP CONSTRAINT section_settings_pkey;
ALTER TABLE ONLY public.subeditor_submission_group DROP CONSTRAINT section_editors_pkey;
ALTER TABLE ONLY public.scheduled_tasks DROP CONSTRAINT scheduled_tasks_pkey;
ALTER TABLE ONLY public.review_rounds DROP CONSTRAINT review_rounds_submission_id_stage_id_round_pkey;
ALTER TABLE ONLY public.review_rounds DROP CONSTRAINT review_rounds_pkey;
ALTER TABLE ONLY public.review_round_files DROP CONSTRAINT review_round_files_pkey;
ALTER TABLE ONLY public.review_forms DROP CONSTRAINT review_forms_pkey;
ALTER TABLE ONLY public.review_form_settings DROP CONSTRAINT review_form_settings_pkey;
ALTER TABLE ONLY public.review_form_elements DROP CONSTRAINT review_form_elements_pkey;
ALTER TABLE ONLY public.review_form_element_settings DROP CONSTRAINT review_form_element_settings_pkey;
ALTER TABLE ONLY public.review_files DROP CONSTRAINT review_files_pkey;
ALTER TABLE ONLY public.review_assignments DROP CONSTRAINT review_assignments_pkey;
ALTER TABLE ONLY public.queued_payments DROP CONSTRAINT queued_payments_pkey;
ALTER TABLE ONLY public.query_participants DROP CONSTRAINT query_participants_pkey;
ALTER TABLE ONLY public.queries DROP CONSTRAINT queries_pkey;
ALTER TABLE ONLY public.publications DROP CONSTRAINT publications_pkey;
ALTER TABLE ONLY public.publication_settings DROP CONSTRAINT publication_settings_pkey;
ALTER TABLE ONLY public.publication_galleys DROP CONSTRAINT publication_galleys_pkey;
ALTER TABLE ONLY public.publication_galley_settings DROP CONSTRAINT publication_galley_settings_pkey;
ALTER TABLE ONLY public.publication_categories DROP CONSTRAINT publication_categories_id;
ALTER TABLE ONLY public.plugin_settings DROP CONSTRAINT plugin_settings_pkey;
ALTER TABLE ONLY public.oai_resumption_tokens DROP CONSTRAINT oai_resumption_tokens_pkey;
ALTER TABLE ONLY public.notifications DROP CONSTRAINT notifications_pkey;
ALTER TABLE ONLY public.notification_subscription_settings DROP CONSTRAINT notification_subscription_settings_pkey;
ALTER TABLE ONLY public.notification_settings DROP CONSTRAINT notification_settings_pkey;
ALTER TABLE ONLY public.notification_mail_list DROP CONSTRAINT notification_mail_list_pkey;
ALTER TABLE ONLY public.notification_mail_list DROP CONSTRAINT notification_mail_list_email_context;
ALTER TABLE ONLY public.notes DROP CONSTRAINT notes_pkey;
ALTER TABLE ONLY public.navigation_menus DROP CONSTRAINT navigation_menus_pkey;
ALTER TABLE ONLY public.navigation_menu_items DROP CONSTRAINT navigation_menu_items_pkey;
ALTER TABLE ONLY public.navigation_menu_item_settings DROP CONSTRAINT navigation_menu_item_settings_pkey;
ALTER TABLE ONLY public.navigation_menu_item_assignments DROP CONSTRAINT navigation_menu_item_assignments_pkey;
ALTER TABLE ONLY public.navigation_menu_item_assignment_settings DROP CONSTRAINT navigation_menu_item_assignment_settings_pkey;
ALTER TABLE ONLY public.metrics_counter_submission_monthly DROP CONSTRAINT msm_uc_context_id_submission_id_month;
ALTER TABLE ONLY public.metrics_counter_submission_institution_monthly DROP CONSTRAINT msim_uc_context_id_submission_id_institution_id_month;
ALTER TABLE ONLY public.metrics_counter_submission_institution_daily DROP CONSTRAINT msid_uc_load_id_context_id_submission_id_institution_id_date;
ALTER TABLE ONLY public.metrics_submission_geo_monthly DROP CONSTRAINT msgm_uc_context_submission_c_r_c_month;
ALTER TABLE ONLY public.metrics_submission_geo_daily DROP CONSTRAINT msgd_uc_load_context_submission_c_r_c_date;
ALTER TABLE ONLY public.metrics_counter_submission_daily DROP CONSTRAINT msd_uc_load_id_context_id_submission_id_date;
ALTER TABLE ONLY public.metadata_description_settings DROP CONSTRAINT metadata_descripton_settings_pkey;
ALTER TABLE ONLY public.metadata_descriptions DROP CONSTRAINT metadata_descriptions_pkey;
ALTER TABLE ONLY public.mailable_templates DROP CONSTRAINT mailable_templates_pkey;
ALTER TABLE ONLY public.library_files DROP CONSTRAINT library_files_pkey;
ALTER TABLE ONLY public.library_file_settings DROP CONSTRAINT library_file_settings_pkey;
ALTER TABLE ONLY public.journals DROP CONSTRAINT journals_pkey;
ALTER TABLE ONLY public.journals DROP CONSTRAINT journals_path;
ALTER TABLE ONLY public.journal_settings DROP CONSTRAINT journal_settings_pkey;
ALTER TABLE ONLY public.jobs DROP CONSTRAINT jobs_pkey;
ALTER TABLE ONLY public.item_views DROP CONSTRAINT item_views_pkey;
ALTER TABLE ONLY public.issues DROP CONSTRAINT issues_pkey;
ALTER TABLE ONLY public.issue_settings DROP CONSTRAINT issue_settings_pkey;
ALTER TABLE ONLY public.issue_galleys DROP CONSTRAINT issue_galleys_pkey;
ALTER TABLE ONLY public.issue_galley_settings DROP CONSTRAINT issue_galley_settings_pkey;
ALTER TABLE ONLY public.issue_files DROP CONSTRAINT issue_files_pkey;
ALTER TABLE ONLY public.institutions DROP CONSTRAINT institutions_pkey;
ALTER TABLE ONLY public.institutional_subscriptions DROP CONSTRAINT institutional_subscriptions_pkey;
ALTER TABLE ONLY public.institution_settings DROP CONSTRAINT institution_settings_pkey;
ALTER TABLE ONLY public.institution_ip DROP CONSTRAINT institution_ip_pkey;
ALTER TABLE ONLY public.genres DROP CONSTRAINT genres_pkey;
ALTER TABLE ONLY public.genre_settings DROP CONSTRAINT genre_settings_pkey;
ALTER TABLE ONLY public.filters DROP CONSTRAINT filters_pkey;
ALTER TABLE ONLY public.filter_settings DROP CONSTRAINT filter_settings_pkey;
ALTER TABLE ONLY public.filter_groups DROP CONSTRAINT filter_groups_symbolic;
ALTER TABLE ONLY public.filter_groups DROP CONSTRAINT filter_groups_pkey;
ALTER TABLE ONLY public.files DROP CONSTRAINT files_pkey;
ALTER TABLE ONLY public.failed_jobs DROP CONSTRAINT failed_jobs_pkey;
ALTER TABLE ONLY public.event_log_settings DROP CONSTRAINT event_log_settings_pkey;
ALTER TABLE ONLY public.event_log DROP CONSTRAINT event_log_pkey;
ALTER TABLE ONLY public.email_templates DROP CONSTRAINT email_templates_pkey;
ALTER TABLE ONLY public.email_templates DROP CONSTRAINT email_templates_email_key;
ALTER TABLE ONLY public.email_templates_default DROP CONSTRAINT email_templates_default_pkey;
ALTER TABLE ONLY public.email_templates_default_data DROP CONSTRAINT email_templates_default_data_pkey;
ALTER TABLE ONLY public.email_templates_settings DROP CONSTRAINT email_settings_pkey;
ALTER TABLE ONLY public.email_log_users DROP CONSTRAINT email_log_user_id;
ALTER TABLE ONLY public.email_log DROP CONSTRAINT email_log_pkey;
ALTER TABLE ONLY public.edit_decisions DROP CONSTRAINT edit_decisions_pkey;
ALTER TABLE ONLY public.dois DROP CONSTRAINT dois_pkey;
ALTER TABLE ONLY public.doi_settings DROP CONSTRAINT doi_settings_pkey;
ALTER TABLE ONLY public.data_object_tombstones DROP CONSTRAINT data_object_tombstones_pkey;
ALTER TABLE ONLY public.data_object_tombstone_settings DROP CONSTRAINT data_object_tombstone_settings_pkey;
ALTER TABLE ONLY public.data_object_tombstone_oai_set_objects DROP CONSTRAINT data_object_tombstone_oai_set_objects_pkey;
ALTER TABLE ONLY public.custom_section_orders DROP CONSTRAINT custom_section_orders_pkey;
ALTER TABLE ONLY public.custom_issue_orders DROP CONSTRAINT custom_issue_orders_pkey;
ALTER TABLE ONLY public.controlled_vocabs DROP CONSTRAINT controlled_vocabs_pkey;
ALTER TABLE ONLY public.controlled_vocabs DROP CONSTRAINT controlled_vocab_symbolic;
ALTER TABLE ONLY public.controlled_vocab_entries DROP CONSTRAINT controlled_vocab_entries_pkey;
ALTER TABLE ONLY public.completed_payments DROP CONSTRAINT completed_payments_pkey;
ALTER TABLE ONLY public.citations DROP CONSTRAINT citations_publication_seq;
ALTER TABLE ONLY public.citations DROP CONSTRAINT citations_pkey;
ALTER TABLE ONLY public.citation_settings DROP CONSTRAINT citation_settings_pkey;
ALTER TABLE ONLY public.category_settings DROP CONSTRAINT category_settings_pkey;
ALTER TABLE ONLY public.categories DROP CONSTRAINT category_path;
ALTER TABLE ONLY public.categories DROP CONSTRAINT categories_pkey;
ALTER TABLE ONLY public.controlled_vocab_entry_settings DROP CONSTRAINT c_v_e_s_pkey;
ALTER TABLE ONLY public.authors DROP CONSTRAINT authors_pkey;
ALTER TABLE ONLY public.author_settings DROP CONSTRAINT author_settings_pkey;
ALTER TABLE ONLY public.auth_sources DROP CONSTRAINT auth_sources_pkey;
ALTER TABLE ONLY public.announcements DROP CONSTRAINT announcements_pkey;
ALTER TABLE ONLY public.announcement_types DROP CONSTRAINT announcement_types_pkey;
ALTER TABLE ONLY public.announcement_type_settings DROP CONSTRAINT announcement_type_settings_pkey;
ALTER TABLE ONLY public.announcement_settings DROP CONSTRAINT announcement_settings_pkey;
ALTER TABLE ONLY public.access_keys DROP CONSTRAINT access_keys_pkey;
ALTER TABLE public.users ALTER COLUMN user_id DROP DEFAULT;
ALTER TABLE public.user_groups ALTER COLUMN user_group_id DROP DEFAULT;
ALTER TABLE public.temporary_files ALTER COLUMN file_id DROP DEFAULT;
ALTER TABLE public.subscriptions ALTER COLUMN subscription_id DROP DEFAULT;
ALTER TABLE public.subscription_types ALTER COLUMN type_id DROP DEFAULT;
ALTER TABLE public.submissions ALTER COLUMN submission_id DROP DEFAULT;
ALTER TABLE public.submission_search_objects ALTER COLUMN object_id DROP DEFAULT;
ALTER TABLE public.submission_search_keyword_list ALTER COLUMN keyword_id DROP DEFAULT;
ALTER TABLE public.submission_files ALTER COLUMN submission_file_id DROP DEFAULT;
ALTER TABLE public.submission_file_revisions ALTER COLUMN revision_id DROP DEFAULT;
ALTER TABLE public.submission_comments ALTER COLUMN comment_id DROP DEFAULT;
ALTER TABLE public.static_pages ALTER COLUMN static_page_id DROP DEFAULT;
ALTER TABLE public.stage_assignments ALTER COLUMN stage_assignment_id DROP DEFAULT;
ALTER TABLE public.sections ALTER COLUMN section_id DROP DEFAULT;
ALTER TABLE public.review_rounds ALTER COLUMN review_round_id DROP DEFAULT;
ALTER TABLE public.review_forms ALTER COLUMN review_form_id DROP DEFAULT;
ALTER TABLE public.review_form_elements ALTER COLUMN review_form_element_id DROP DEFAULT;
ALTER TABLE public.review_assignments ALTER COLUMN review_id DROP DEFAULT;
ALTER TABLE public.queued_payments ALTER COLUMN queued_payment_id DROP DEFAULT;
ALTER TABLE public.queries ALTER COLUMN query_id DROP DEFAULT;
ALTER TABLE public.publications ALTER COLUMN publication_id DROP DEFAULT;
ALTER TABLE public.publication_galleys ALTER COLUMN galley_id DROP DEFAULT;
ALTER TABLE public.notifications ALTER COLUMN notification_id DROP DEFAULT;
ALTER TABLE public.notification_subscription_settings ALTER COLUMN setting_id DROP DEFAULT;
ALTER TABLE public.notification_mail_list ALTER COLUMN notification_mail_list_id DROP DEFAULT;
ALTER TABLE public.notes ALTER COLUMN note_id DROP DEFAULT;
ALTER TABLE public.navigation_menus ALTER COLUMN navigation_menu_id DROP DEFAULT;
ALTER TABLE public.navigation_menu_items ALTER COLUMN navigation_menu_item_id DROP DEFAULT;
ALTER TABLE public.navigation_menu_item_assignments ALTER COLUMN navigation_menu_item_assignment_id DROP DEFAULT;
ALTER TABLE public.metadata_descriptions ALTER COLUMN metadata_description_id DROP DEFAULT;
ALTER TABLE public.library_files ALTER COLUMN file_id DROP DEFAULT;
ALTER TABLE public.journals ALTER COLUMN journal_id DROP DEFAULT;
ALTER TABLE public.jobs ALTER COLUMN id DROP DEFAULT;
ALTER TABLE public.issues ALTER COLUMN issue_id DROP DEFAULT;
ALTER TABLE public.issue_galleys ALTER COLUMN galley_id DROP DEFAULT;
ALTER TABLE public.issue_files ALTER COLUMN file_id DROP DEFAULT;
ALTER TABLE public.institutions ALTER COLUMN institution_id DROP DEFAULT;
ALTER TABLE public.institutional_subscriptions ALTER COLUMN institutional_subscription_id DROP DEFAULT;
ALTER TABLE public.institution_ip ALTER COLUMN institution_ip_id DROP DEFAULT;
ALTER TABLE public.genres ALTER COLUMN genre_id DROP DEFAULT;
ALTER TABLE public.filters ALTER COLUMN filter_id DROP DEFAULT;
ALTER TABLE public.filter_groups ALTER COLUMN filter_group_id DROP DEFAULT;
ALTER TABLE public.files ALTER COLUMN file_id DROP DEFAULT;
ALTER TABLE public.failed_jobs ALTER COLUMN id DROP DEFAULT;
ALTER TABLE public.event_log ALTER COLUMN log_id DROP DEFAULT;
ALTER TABLE public.email_templates_default ALTER COLUMN email_id DROP DEFAULT;
ALTER TABLE public.email_templates ALTER COLUMN email_id DROP DEFAULT;
ALTER TABLE public.email_log ALTER COLUMN log_id DROP DEFAULT;
ALTER TABLE public.edit_decisions ALTER COLUMN edit_decision_id DROP DEFAULT;
ALTER TABLE public.dois ALTER COLUMN doi_id DROP DEFAULT;
ALTER TABLE public.data_object_tombstones ALTER COLUMN tombstone_id DROP DEFAULT;
ALTER TABLE public.data_object_tombstone_oai_set_objects ALTER COLUMN object_id DROP DEFAULT;
ALTER TABLE public.controlled_vocabs ALTER COLUMN controlled_vocab_id DROP DEFAULT;
ALTER TABLE public.controlled_vocab_entries ALTER COLUMN controlled_vocab_entry_id DROP DEFAULT;
ALTER TABLE public.completed_payments ALTER COLUMN completed_payment_id DROP DEFAULT;
ALTER TABLE public.citations ALTER COLUMN citation_id DROP DEFAULT;
ALTER TABLE public.categories ALTER COLUMN category_id DROP DEFAULT;
ALTER TABLE public.authors ALTER COLUMN author_id DROP DEFAULT;
ALTER TABLE public.auth_sources ALTER COLUMN auth_id DROP DEFAULT;
ALTER TABLE public.announcements ALTER COLUMN announcement_id DROP DEFAULT;
ALTER TABLE public.announcement_types ALTER COLUMN type_id DROP DEFAULT;
ALTER TABLE public.access_keys ALTER COLUMN access_key_id DROP DEFAULT;
DROP TABLE public.versions;
DROP SEQUENCE public.users_user_id_seq;
DROP TABLE public.users;
DROP TABLE public.user_user_groups;
DROP TABLE public.user_settings;
DROP TABLE public.user_interests;
DROP SEQUENCE public.user_groups_user_group_id_seq;
DROP TABLE public.user_groups;
DROP TABLE public.user_group_stage;
DROP TABLE public.user_group_settings;
DROP TABLE public.usage_stats_unique_item_requests_temporary_records;
DROP TABLE public.usage_stats_unique_item_investigations_temporary_records;
DROP TABLE public.usage_stats_total_temporary_records;
DROP TABLE public.usage_stats_institution_temporary_records;
DROP SEQUENCE public.temporary_files_file_id_seq;
DROP TABLE public.temporary_files;
DROP SEQUENCE public.subscriptions_subscription_id_seq;
DROP TABLE public.subscriptions;
DROP SEQUENCE public.subscription_types_type_id_seq;
DROP TABLE public.subscription_types;
DROP TABLE public.subscription_type_settings;
DROP SEQUENCE public.submissions_submission_id_seq;
DROP TABLE public.submissions;
DROP TABLE public.submission_settings;
DROP SEQUENCE public.submission_search_objects_object_id_seq;
DROP TABLE public.submission_search_objects;
DROP TABLE public.submission_search_object_keywords;
DROP SEQUENCE public.submission_search_keyword_list_keyword_id_seq;
DROP TABLE public.submission_search_keyword_list;
DROP SEQUENCE public.submission_files_submission_file_id_seq;
DROP TABLE public.submission_files;
DROP TABLE public.submission_file_settings;
DROP SEQUENCE public.submission_file_revisions_revision_id_seq;
DROP TABLE public.submission_file_revisions;
DROP SEQUENCE public.submission_comments_comment_id_seq;
DROP TABLE public.submission_comments;
DROP TABLE public.subeditor_submission_group;
DROP SEQUENCE public.static_pages_static_page_id_seq;
DROP TABLE public.static_pages;
DROP TABLE public.static_page_settings;
DROP SEQUENCE public.stage_assignments_stage_assignment_id_seq;
DROP TABLE public.stage_assignments;
DROP TABLE public.site_settings;
DROP TABLE public.site;
DROP TABLE public.sessions;
DROP SEQUENCE public.sections_section_id_seq;
DROP TABLE public.sections;
DROP TABLE public.section_settings;
DROP TABLE public.scheduled_tasks;
DROP SEQUENCE public.review_rounds_review_round_id_seq;
DROP TABLE public.review_rounds;
DROP TABLE public.review_round_files;
DROP SEQUENCE public.review_forms_review_form_id_seq;
DROP TABLE public.review_forms;
DROP TABLE public.review_form_settings;
DROP TABLE public.review_form_responses;
DROP SEQUENCE public.review_form_elements_review_form_element_id_seq;
DROP TABLE public.review_form_elements;
DROP TABLE public.review_form_element_settings;
DROP TABLE public.review_files;
DROP SEQUENCE public.review_assignments_review_id_seq;
DROP TABLE public.review_assignments;
DROP SEQUENCE public.queued_payments_queued_payment_id_seq;
DROP TABLE public.queued_payments;
DROP TABLE public.query_participants;
DROP SEQUENCE public.queries_query_id_seq;
DROP TABLE public.queries;
DROP SEQUENCE public.publications_publication_id_seq;
DROP TABLE public.publications;
DROP TABLE public.publication_settings;
DROP SEQUENCE public.publication_galleys_galley_id_seq;
DROP TABLE public.publication_galleys;
DROP TABLE public.publication_galley_settings;
DROP TABLE public.publication_categories;
DROP TABLE public.plugin_settings;
DROP TABLE public.oai_resumption_tokens;
DROP SEQUENCE public.notifications_notification_id_seq;
DROP TABLE public.notifications;
DROP SEQUENCE public.notification_subscription_settings_setting_id_seq;
DROP TABLE public.notification_subscription_settings;
DROP TABLE public.notification_settings;
DROP SEQUENCE public.notification_mail_list_notification_mail_list_id_seq;
DROP TABLE public.notification_mail_list;
DROP SEQUENCE public.notes_note_id_seq;
DROP TABLE public.notes;
DROP SEQUENCE public.navigation_menus_navigation_menu_id_seq;
DROP TABLE public.navigation_menus;
DROP SEQUENCE public.navigation_menu_items_navigation_menu_item_id_seq;
DROP TABLE public.navigation_menu_items;
DROP TABLE public.navigation_menu_item_settings;
DROP TABLE public.navigation_menu_item_assignment_settings;
DROP SEQUENCE public.navigation_menu_item_assignme_navigation_menu_item_assignme_seq;
DROP TABLE public.navigation_menu_item_assignments;
DROP TABLE public.metrics_submission_geo_monthly;
DROP TABLE public.metrics_submission_geo_daily;
DROP TABLE public.metrics_submission;
DROP TABLE public.metrics_issue;
DROP TABLE public.metrics_counter_submission_monthly;
DROP TABLE public.metrics_counter_submission_institution_monthly;
DROP TABLE public.metrics_counter_submission_institution_daily;
DROP TABLE public.metrics_counter_submission_daily;
DROP TABLE public.metrics_context;
DROP SEQUENCE public.metadata_descriptions_metadata_description_id_seq;
DROP TABLE public.metadata_descriptions;
DROP TABLE public.metadata_description_settings;
DROP TABLE public.mailable_templates;
DROP SEQUENCE public.library_files_file_id_seq;
DROP TABLE public.library_files;
DROP TABLE public.library_file_settings;
DROP SEQUENCE public.journals_journal_id_seq;
DROP TABLE public.journals;
DROP TABLE public.journal_settings;
DROP SEQUENCE public.jobs_id_seq;
DROP TABLE public.jobs;
DROP TABLE public.item_views;
DROP SEQUENCE public.issues_issue_id_seq;
DROP TABLE public.issues;
DROP TABLE public.issue_settings;
DROP SEQUENCE public.issue_galleys_galley_id_seq;
DROP TABLE public.issue_galleys;
DROP TABLE public.issue_galley_settings;
DROP SEQUENCE public.issue_files_file_id_seq;
DROP TABLE public.issue_files;
DROP SEQUENCE public.institutions_institution_id_seq;
DROP TABLE public.institutions;
DROP SEQUENCE public.institutional_subscriptions_institutional_subscription_id_seq;
DROP TABLE public.institutional_subscriptions;
DROP TABLE public.institution_settings;
DROP SEQUENCE public.institution_ip_institution_ip_id_seq;
DROP TABLE public.institution_ip;
DROP SEQUENCE public.genres_genre_id_seq;
DROP TABLE public.genres;
DROP TABLE public.genre_settings;
DROP SEQUENCE public.filters_filter_id_seq;
DROP TABLE public.filters;
DROP TABLE public.filter_settings;
DROP SEQUENCE public.filter_groups_filter_group_id_seq;
DROP TABLE public.filter_groups;
DROP SEQUENCE public.files_file_id_seq;
DROP TABLE public.files;
DROP SEQUENCE public.failed_jobs_id_seq;
DROP TABLE public.failed_jobs;
DROP TABLE public.event_log_settings;
DROP SEQUENCE public.event_log_log_id_seq;
DROP TABLE public.event_log;
DROP TABLE public.email_templates_settings;
DROP SEQUENCE public.email_templates_email_id_seq;
DROP SEQUENCE public.email_templates_default_email_id_seq;
DROP TABLE public.email_templates_default_data;
DROP TABLE public.email_templates_default;
DROP TABLE public.email_templates;
DROP TABLE public.email_log_users;
DROP SEQUENCE public.email_log_log_id_seq;
DROP TABLE public.email_log;
DROP SEQUENCE public.edit_decisions_edit_decision_id_seq;
DROP TABLE public.edit_decisions;
DROP SEQUENCE public.dois_doi_id_seq;
DROP TABLE public.dois;
DROP TABLE public.doi_settings;
DROP SEQUENCE public.data_object_tombstones_tombstone_id_seq;
DROP TABLE public.data_object_tombstones;
DROP TABLE public.data_object_tombstone_settings;
DROP SEQUENCE public.data_object_tombstone_oai_set_objects_object_id_seq;
DROP TABLE public.data_object_tombstone_oai_set_objects;
DROP TABLE public.custom_section_orders;
DROP TABLE public.custom_issue_orders;
DROP SEQUENCE public.controlled_vocabs_controlled_vocab_id_seq;
DROP TABLE public.controlled_vocabs;
DROP TABLE public.controlled_vocab_entry_settings;
DROP SEQUENCE public.controlled_vocab_entries_controlled_vocab_entry_id_seq;
DROP TABLE public.controlled_vocab_entries;
DROP SEQUENCE public.completed_payments_completed_payment_id_seq;
DROP TABLE public.completed_payments;
DROP SEQUENCE public.citations_citation_id_seq;
DROP TABLE public.citations;
DROP TABLE public.citation_settings;
DROP TABLE public.category_settings;
DROP SEQUENCE public.categories_category_id_seq;
DROP TABLE public.categories;
DROP SEQUENCE public.authors_author_id_seq;
DROP TABLE public.authors;
DROP TABLE public.author_settings;
DROP SEQUENCE public.auth_sources_auth_id_seq;
DROP TABLE public.auth_sources;
DROP SEQUENCE public.announcements_announcement_id_seq;
DROP TABLE public.announcements;
DROP SEQUENCE public.announcement_types_type_id_seq;
DROP TABLE public.announcement_types;
DROP TABLE public.announcement_type_settings;
DROP TABLE public.announcement_settings;
DROP SEQUENCE public.access_keys_access_key_id_seq;
DROP TABLE public.access_keys;
DROP EXTENSION plpgsql;
DROP SCHEMA public;
--
-- Name: public; Type: SCHEMA; Schema: -; Owner: postgres
--

CREATE SCHEMA public;


ALTER SCHEMA public OWNER TO postgres;

--
-- Name: SCHEMA public; Type: COMMENT; Schema: -; Owner: postgres
--

COMMENT ON SCHEMA public IS 'standard public schema';


--
-- Name: plpgsql; Type: EXTENSION; Schema: -; Owner: 
--

CREATE EXTENSION IF NOT EXISTS plpgsql WITH SCHEMA pg_catalog;


--
-- Name: EXTENSION plpgsql; Type: COMMENT; Schema: -; Owner: 
--

COMMENT ON EXTENSION plpgsql IS 'PL/pgSQL procedural language';


SET default_tablespace = '';

SET default_with_oids = false;

--
-- Name: access_keys; Type: TABLE; Schema: public; Owner: ojs-ci
--

CREATE TABLE public.access_keys (
    access_key_id bigint NOT NULL,
    context character varying(40) NOT NULL,
    key_hash character varying(40) NOT NULL,
    user_id bigint NOT NULL,
    assoc_id bigint,
    expiry_date timestamp(0) without time zone NOT NULL
);


ALTER TABLE public.access_keys OWNER TO "ojs-ci";

--
-- Name: access_keys_access_key_id_seq; Type: SEQUENCE; Schema: public; Owner: ojs-ci
--

CREATE SEQUENCE public.access_keys_access_key_id_seq
    START WITH 1
    INCREMENT BY 1
    NO MINVALUE
    NO MAXVALUE
    CACHE 1;


ALTER TABLE public.access_keys_access_key_id_seq OWNER TO "ojs-ci";

--
-- Name: access_keys_access_key_id_seq; Type: SEQUENCE OWNED BY; Schema: public; Owner: ojs-ci
--

ALTER SEQUENCE public.access_keys_access_key_id_seq OWNED BY public.access_keys.access_key_id;


--
-- Name: announcement_settings; Type: TABLE; Schema: public; Owner: ojs-ci
--

CREATE TABLE public.announcement_settings (
    announcement_id bigint NOT NULL,
    locale character varying(14) DEFAULT ''::character varying NOT NULL,
    setting_name character varying(255) NOT NULL,
    setting_value text,
    setting_type character varying(6)
);


ALTER TABLE public.announcement_settings OWNER TO "ojs-ci";

--
-- Name: announcement_type_settings; Type: TABLE; Schema: public; Owner: ojs-ci
--

CREATE TABLE public.announcement_type_settings (
    type_id bigint NOT NULL,
    locale character varying(14) DEFAULT ''::character varying NOT NULL,
    setting_name character varying(255) NOT NULL,
    setting_value text,
    setting_type character varying(6) NOT NULL
);


ALTER TABLE public.announcement_type_settings OWNER TO "ojs-ci";

--
-- Name: announcement_types; Type: TABLE; Schema: public; Owner: ojs-ci
--

CREATE TABLE public.announcement_types (
    type_id bigint NOT NULL,
    context_id bigint NOT NULL
);


ALTER TABLE public.announcement_types OWNER TO "ojs-ci";

--
-- Name: announcement_types_type_id_seq; Type: SEQUENCE; Schema: public; Owner: ojs-ci
--

CREATE SEQUENCE public.announcement_types_type_id_seq
    START WITH 1
    INCREMENT BY 1
    NO MINVALUE
    NO MAXVALUE
    CACHE 1;


ALTER TABLE public.announcement_types_type_id_seq OWNER TO "ojs-ci";

--
-- Name: announcement_types_type_id_seq; Type: SEQUENCE OWNED BY; Schema: public; Owner: ojs-ci
--

ALTER SEQUENCE public.announcement_types_type_id_seq OWNED BY public.announcement_types.type_id;


--
-- Name: announcements; Type: TABLE; Schema: public; Owner: ojs-ci
--

CREATE TABLE public.announcements (
    announcement_id bigint NOT NULL,
    assoc_type smallint,
    assoc_id bigint NOT NULL,
    type_id bigint,
    date_expire date,
    date_posted timestamp(0) without time zone NOT NULL
);


ALTER TABLE public.announcements OWNER TO "ojs-ci";

--
-- Name: announcements_announcement_id_seq; Type: SEQUENCE; Schema: public; Owner: ojs-ci
--

CREATE SEQUENCE public.announcements_announcement_id_seq
    START WITH 1
    INCREMENT BY 1
    NO MINVALUE
    NO MAXVALUE
    CACHE 1;


ALTER TABLE public.announcements_announcement_id_seq OWNER TO "ojs-ci";

--
-- Name: announcements_announcement_id_seq; Type: SEQUENCE OWNED BY; Schema: public; Owner: ojs-ci
--

ALTER SEQUENCE public.announcements_announcement_id_seq OWNED BY public.announcements.announcement_id;


--
-- Name: auth_sources; Type: TABLE; Schema: public; Owner: ojs-ci
--

CREATE TABLE public.auth_sources (
    auth_id bigint NOT NULL,
    title character varying(60) NOT NULL,
    plugin character varying(32) NOT NULL,
    auth_default smallint DEFAULT '0'::smallint NOT NULL,
    settings text
);


ALTER TABLE public.auth_sources OWNER TO "ojs-ci";

--
-- Name: auth_sources_auth_id_seq; Type: SEQUENCE; Schema: public; Owner: ojs-ci
--

CREATE SEQUENCE public.auth_sources_auth_id_seq
    START WITH 1
    INCREMENT BY 1
    NO MINVALUE
    NO MAXVALUE
    CACHE 1;


ALTER TABLE public.auth_sources_auth_id_seq OWNER TO "ojs-ci";

--
-- Name: auth_sources_auth_id_seq; Type: SEQUENCE OWNED BY; Schema: public; Owner: ojs-ci
--

ALTER SEQUENCE public.auth_sources_auth_id_seq OWNED BY public.auth_sources.auth_id;


--
-- Name: author_settings; Type: TABLE; Schema: public; Owner: ojs-ci
--

CREATE TABLE public.author_settings (
    author_id bigint NOT NULL,
    locale character varying(14) DEFAULT ''::character varying NOT NULL,
    setting_name character varying(255) NOT NULL,
    setting_value text
);


ALTER TABLE public.author_settings OWNER TO "ojs-ci";

--
-- Name: authors; Type: TABLE; Schema: public; Owner: ojs-ci
--

CREATE TABLE public.authors (
    author_id bigint NOT NULL,
    email character varying(90) NOT NULL,
    include_in_browse smallint DEFAULT '1'::smallint NOT NULL,
    publication_id bigint NOT NULL,
    seq double precision DEFAULT '0'::double precision NOT NULL,
    user_group_id bigint
);


ALTER TABLE public.authors OWNER TO "ojs-ci";

--
-- Name: authors_author_id_seq; Type: SEQUENCE; Schema: public; Owner: ojs-ci
--

CREATE SEQUENCE public.authors_author_id_seq
    START WITH 1
    INCREMENT BY 1
    NO MINVALUE
    NO MAXVALUE
    CACHE 1;


ALTER TABLE public.authors_author_id_seq OWNER TO "ojs-ci";

--
-- Name: authors_author_id_seq; Type: SEQUENCE OWNED BY; Schema: public; Owner: ojs-ci
--

ALTER SEQUENCE public.authors_author_id_seq OWNED BY public.authors.author_id;


--
-- Name: categories; Type: TABLE; Schema: public; Owner: ojs-ci
--

CREATE TABLE public.categories (
    category_id bigint NOT NULL,
    context_id bigint NOT NULL,
    parent_id bigint,
    seq bigint,
    path character varying(255) NOT NULL,
    image text
);


ALTER TABLE public.categories OWNER TO "ojs-ci";

--
-- Name: categories_category_id_seq; Type: SEQUENCE; Schema: public; Owner: ojs-ci
--

CREATE SEQUENCE public.categories_category_id_seq
    START WITH 1
    INCREMENT BY 1
    NO MINVALUE
    NO MAXVALUE
    CACHE 1;


ALTER TABLE public.categories_category_id_seq OWNER TO "ojs-ci";

--
-- Name: categories_category_id_seq; Type: SEQUENCE OWNED BY; Schema: public; Owner: ojs-ci
--

ALTER SEQUENCE public.categories_category_id_seq OWNED BY public.categories.category_id;


--
-- Name: category_settings; Type: TABLE; Schema: public; Owner: ojs-ci
--

CREATE TABLE public.category_settings (
    category_id bigint NOT NULL,
    locale character varying(14) DEFAULT ''::character varying NOT NULL,
    setting_name character varying(255) NOT NULL,
    setting_value text
);


ALTER TABLE public.category_settings OWNER TO "ojs-ci";

--
-- Name: citation_settings; Type: TABLE; Schema: public; Owner: ojs-ci
--

CREATE TABLE public.citation_settings (
    citation_id bigint NOT NULL,
    locale character varying(14) DEFAULT ''::character varying NOT NULL,
    setting_name character varying(255) NOT NULL,
    setting_value text,
    setting_type character varying(6) NOT NULL
);


ALTER TABLE public.citation_settings OWNER TO "ojs-ci";

--
-- Name: citations; Type: TABLE; Schema: public; Owner: ojs-ci
--

CREATE TABLE public.citations (
    citation_id bigint NOT NULL,
    publication_id bigint DEFAULT '0'::bigint NOT NULL,
    raw_citation text NOT NULL,
    seq bigint DEFAULT '0'::bigint NOT NULL
);


ALTER TABLE public.citations OWNER TO "ojs-ci";

--
-- Name: citations_citation_id_seq; Type: SEQUENCE; Schema: public; Owner: ojs-ci
--

CREATE SEQUENCE public.citations_citation_id_seq
    START WITH 1
    INCREMENT BY 1
    NO MINVALUE
    NO MAXVALUE
    CACHE 1;


ALTER TABLE public.citations_citation_id_seq OWNER TO "ojs-ci";

--
-- Name: citations_citation_id_seq; Type: SEQUENCE OWNED BY; Schema: public; Owner: ojs-ci
--

ALTER SEQUENCE public.citations_citation_id_seq OWNED BY public.citations.citation_id;


--
-- Name: completed_payments; Type: TABLE; Schema: public; Owner: ojs-ci
--

CREATE TABLE public.completed_payments (
    completed_payment_id bigint NOT NULL,
    "timestamp" timestamp(0) without time zone NOT NULL,
    payment_type bigint NOT NULL,
    context_id bigint NOT NULL,
    user_id bigint,
    assoc_id bigint,
    amount double precision NOT NULL,
    currency_code_alpha character varying(3),
    payment_method_plugin_name character varying(80)
);


ALTER TABLE public.completed_payments OWNER TO "ojs-ci";

--
-- Name: completed_payments_completed_payment_id_seq; Type: SEQUENCE; Schema: public; Owner: ojs-ci
--

CREATE SEQUENCE public.completed_payments_completed_payment_id_seq
    START WITH 1
    INCREMENT BY 1
    NO MINVALUE
    NO MAXVALUE
    CACHE 1;


ALTER TABLE public.completed_payments_completed_payment_id_seq OWNER TO "ojs-ci";

--
-- Name: completed_payments_completed_payment_id_seq; Type: SEQUENCE OWNED BY; Schema: public; Owner: ojs-ci
--

ALTER SEQUENCE public.completed_payments_completed_payment_id_seq OWNED BY public.completed_payments.completed_payment_id;


--
-- Name: controlled_vocab_entries; Type: TABLE; Schema: public; Owner: ojs-ci
--

CREATE TABLE public.controlled_vocab_entries (
    controlled_vocab_entry_id bigint NOT NULL,
    controlled_vocab_id bigint NOT NULL,
    seq double precision
);


ALTER TABLE public.controlled_vocab_entries OWNER TO "ojs-ci";

--
-- Name: controlled_vocab_entries_controlled_vocab_entry_id_seq; Type: SEQUENCE; Schema: public; Owner: ojs-ci
--

CREATE SEQUENCE public.controlled_vocab_entries_controlled_vocab_entry_id_seq
    START WITH 1
    INCREMENT BY 1
    NO MINVALUE
    NO MAXVALUE
    CACHE 1;


ALTER TABLE public.controlled_vocab_entries_controlled_vocab_entry_id_seq OWNER TO "ojs-ci";

--
-- Name: controlled_vocab_entries_controlled_vocab_entry_id_seq; Type: SEQUENCE OWNED BY; Schema: public; Owner: ojs-ci
--

ALTER SEQUENCE public.controlled_vocab_entries_controlled_vocab_entry_id_seq OWNED BY public.controlled_vocab_entries.controlled_vocab_entry_id;


--
-- Name: controlled_vocab_entry_settings; Type: TABLE; Schema: public; Owner: ojs-ci
--

CREATE TABLE public.controlled_vocab_entry_settings (
    controlled_vocab_entry_id bigint NOT NULL,
    locale character varying(14) DEFAULT ''::character varying NOT NULL,
    setting_name character varying(255) NOT NULL,
    setting_value text,
    setting_type character varying(6) NOT NULL
);


ALTER TABLE public.controlled_vocab_entry_settings OWNER TO "ojs-ci";

--
-- Name: controlled_vocabs; Type: TABLE; Schema: public; Owner: ojs-ci
--

CREATE TABLE public.controlled_vocabs (
    controlled_vocab_id bigint NOT NULL,
    symbolic character varying(64) NOT NULL,
    assoc_type bigint DEFAULT '0'::bigint NOT NULL,
    assoc_id bigint DEFAULT '0'::bigint NOT NULL
);


ALTER TABLE public.controlled_vocabs OWNER TO "ojs-ci";

--
-- Name: controlled_vocabs_controlled_vocab_id_seq; Type: SEQUENCE; Schema: public; Owner: ojs-ci
--

CREATE SEQUENCE public.controlled_vocabs_controlled_vocab_id_seq
    START WITH 1
    INCREMENT BY 1
    NO MINVALUE
    NO MAXVALUE
    CACHE 1;


ALTER TABLE public.controlled_vocabs_controlled_vocab_id_seq OWNER TO "ojs-ci";

--
-- Name: controlled_vocabs_controlled_vocab_id_seq; Type: SEQUENCE OWNED BY; Schema: public; Owner: ojs-ci
--

ALTER SEQUENCE public.controlled_vocabs_controlled_vocab_id_seq OWNED BY public.controlled_vocabs.controlled_vocab_id;


--
-- Name: custom_issue_orders; Type: TABLE; Schema: public; Owner: ojs-ci
--

CREATE TABLE public.custom_issue_orders (
    issue_id bigint NOT NULL,
    journal_id bigint NOT NULL,
    seq double precision DEFAULT '0'::double precision NOT NULL
);


ALTER TABLE public.custom_issue_orders OWNER TO "ojs-ci";

--
-- Name: custom_section_orders; Type: TABLE; Schema: public; Owner: ojs-ci
--

CREATE TABLE public.custom_section_orders (
    issue_id bigint NOT NULL,
    section_id bigint NOT NULL,
    seq double precision DEFAULT '0'::double precision NOT NULL
);


ALTER TABLE public.custom_section_orders OWNER TO "ojs-ci";

--
-- Name: data_object_tombstone_oai_set_objects; Type: TABLE; Schema: public; Owner: ojs-ci
--

CREATE TABLE public.data_object_tombstone_oai_set_objects (
    object_id bigint NOT NULL,
    tombstone_id bigint NOT NULL,
    assoc_type bigint NOT NULL,
    assoc_id bigint NOT NULL
);


ALTER TABLE public.data_object_tombstone_oai_set_objects OWNER TO "ojs-ci";

--
-- Name: data_object_tombstone_oai_set_objects_object_id_seq; Type: SEQUENCE; Schema: public; Owner: ojs-ci
--

CREATE SEQUENCE public.data_object_tombstone_oai_set_objects_object_id_seq
    START WITH 1
    INCREMENT BY 1
    NO MINVALUE
    NO MAXVALUE
    CACHE 1;


ALTER TABLE public.data_object_tombstone_oai_set_objects_object_id_seq OWNER TO "ojs-ci";

--
-- Name: data_object_tombstone_oai_set_objects_object_id_seq; Type: SEQUENCE OWNED BY; Schema: public; Owner: ojs-ci
--

ALTER SEQUENCE public.data_object_tombstone_oai_set_objects_object_id_seq OWNED BY public.data_object_tombstone_oai_set_objects.object_id;


--
-- Name: data_object_tombstone_settings; Type: TABLE; Schema: public; Owner: ojs-ci
--

CREATE TABLE public.data_object_tombstone_settings (
    tombstone_id bigint NOT NULL,
    locale character varying(14) DEFAULT ''::character varying NOT NULL,
    setting_name character varying(255) NOT NULL,
    setting_value text,
    setting_type character varying(6) NOT NULL
);


ALTER TABLE public.data_object_tombstone_settings OWNER TO "ojs-ci";

--
-- Name: COLUMN data_object_tombstone_settings.setting_type; Type: COMMENT; Schema: public; Owner: ojs-ci
--

COMMENT ON COLUMN public.data_object_tombstone_settings.setting_type IS '(bool|int|float|string|object)';


--
-- Name: data_object_tombstones; Type: TABLE; Schema: public; Owner: ojs-ci
--

CREATE TABLE public.data_object_tombstones (
    tombstone_id bigint NOT NULL,
    data_object_id bigint NOT NULL,
    date_deleted timestamp(0) without time zone NOT NULL,
    set_spec character varying(255) NOT NULL,
    set_name character varying(255) NOT NULL,
    oai_identifier character varying(255) NOT NULL
);


ALTER TABLE public.data_object_tombstones OWNER TO "ojs-ci";

--
-- Name: data_object_tombstones_tombstone_id_seq; Type: SEQUENCE; Schema: public; Owner: ojs-ci
--

CREATE SEQUENCE public.data_object_tombstones_tombstone_id_seq
    START WITH 1
    INCREMENT BY 1
    NO MINVALUE
    NO MAXVALUE
    CACHE 1;


ALTER TABLE public.data_object_tombstones_tombstone_id_seq OWNER TO "ojs-ci";

--
-- Name: data_object_tombstones_tombstone_id_seq; Type: SEQUENCE OWNED BY; Schema: public; Owner: ojs-ci
--

ALTER SEQUENCE public.data_object_tombstones_tombstone_id_seq OWNED BY public.data_object_tombstones.tombstone_id;


--
-- Name: doi_settings; Type: TABLE; Schema: public; Owner: ojs-ci
--

CREATE TABLE public.doi_settings (
    doi_id bigint NOT NULL,
    locale character varying(14) DEFAULT ''::character varying NOT NULL,
    setting_name character varying(255) NOT NULL,
    setting_value text
);


ALTER TABLE public.doi_settings OWNER TO "ojs-ci";

--
-- Name: dois; Type: TABLE; Schema: public; Owner: ojs-ci
--

CREATE TABLE public.dois (
    doi_id bigint NOT NULL,
    context_id bigint NOT NULL,
    doi character varying(255) NOT NULL,
    status smallint DEFAULT '1'::smallint NOT NULL
);


ALTER TABLE public.dois OWNER TO "ojs-ci";

--
-- Name: dois_doi_id_seq; Type: SEQUENCE; Schema: public; Owner: ojs-ci
--

CREATE SEQUENCE public.dois_doi_id_seq
    START WITH 1
    INCREMENT BY 1
    NO MINVALUE
    NO MAXVALUE
    CACHE 1;


ALTER TABLE public.dois_doi_id_seq OWNER TO "ojs-ci";

--
-- Name: dois_doi_id_seq; Type: SEQUENCE OWNED BY; Schema: public; Owner: ojs-ci
--

ALTER SEQUENCE public.dois_doi_id_seq OWNED BY public.dois.doi_id;


--
-- Name: edit_decisions; Type: TABLE; Schema: public; Owner: ojs-ci
--

CREATE TABLE public.edit_decisions (
    edit_decision_id bigint NOT NULL,
    submission_id bigint NOT NULL,
    review_round_id bigint,
    stage_id bigint,
    round smallint,
    editor_id bigint NOT NULL,
    decision smallint NOT NULL,
    date_decided timestamp(0) without time zone NOT NULL
);


ALTER TABLE public.edit_decisions OWNER TO "ojs-ci";

--
-- Name: edit_decisions_edit_decision_id_seq; Type: SEQUENCE; Schema: public; Owner: ojs-ci
--

CREATE SEQUENCE public.edit_decisions_edit_decision_id_seq
    START WITH 1
    INCREMENT BY 1
    NO MINVALUE
    NO MAXVALUE
    CACHE 1;


ALTER TABLE public.edit_decisions_edit_decision_id_seq OWNER TO "ojs-ci";

--
-- Name: edit_decisions_edit_decision_id_seq; Type: SEQUENCE OWNED BY; Schema: public; Owner: ojs-ci
--

ALTER SEQUENCE public.edit_decisions_edit_decision_id_seq OWNED BY public.edit_decisions.edit_decision_id;


--
-- Name: email_log; Type: TABLE; Schema: public; Owner: ojs-ci
--

CREATE TABLE public.email_log (
    log_id bigint NOT NULL,
    assoc_type bigint NOT NULL,
    assoc_id bigint NOT NULL,
    sender_id bigint NOT NULL,
    date_sent timestamp(0) without time zone NOT NULL,
    event_type bigint,
    from_address character varying(255),
    recipients text,
    cc_recipients text,
    bcc_recipients text,
    subject character varying(255),
    body text
);


ALTER TABLE public.email_log OWNER TO "ojs-ci";

--
-- Name: email_log_log_id_seq; Type: SEQUENCE; Schema: public; Owner: ojs-ci
--

CREATE SEQUENCE public.email_log_log_id_seq
    START WITH 1
    INCREMENT BY 1
    NO MINVALUE
    NO MAXVALUE
    CACHE 1;


ALTER TABLE public.email_log_log_id_seq OWNER TO "ojs-ci";

--
-- Name: email_log_log_id_seq; Type: SEQUENCE OWNED BY; Schema: public; Owner: ojs-ci
--

ALTER SEQUENCE public.email_log_log_id_seq OWNED BY public.email_log.log_id;


--
-- Name: email_log_users; Type: TABLE; Schema: public; Owner: ojs-ci
--

CREATE TABLE public.email_log_users (
    email_log_id bigint NOT NULL,
    user_id bigint NOT NULL
);


ALTER TABLE public.email_log_users OWNER TO "ojs-ci";

--
-- Name: email_templates; Type: TABLE; Schema: public; Owner: ojs-ci
--

CREATE TABLE public.email_templates (
    email_id bigint NOT NULL,
    email_key character varying(64) NOT NULL,
    context_id bigint NOT NULL,
    enabled smallint DEFAULT '1'::smallint NOT NULL
);


ALTER TABLE public.email_templates OWNER TO "ojs-ci";

--
-- Name: COLUMN email_templates.email_key; Type: COMMENT; Schema: public; Owner: ojs-ci
--

COMMENT ON COLUMN public.email_templates.email_key IS 'Unique identifier for this email.';


--
-- Name: email_templates_default; Type: TABLE; Schema: public; Owner: ojs-ci
--

CREATE TABLE public.email_templates_default (
    email_id bigint NOT NULL,
    email_key character varying(64) NOT NULL,
    can_disable smallint DEFAULT '0'::smallint NOT NULL,
    can_edit smallint DEFAULT '0'::smallint NOT NULL,
    from_role_id bigint,
    to_role_id bigint,
    stage_id bigint
);


ALTER TABLE public.email_templates_default OWNER TO "ojs-ci";

--
-- Name: COLUMN email_templates_default.email_key; Type: COMMENT; Schema: public; Owner: ojs-ci
--

COMMENT ON COLUMN public.email_templates_default.email_key IS 'Unique identifier for this email.';


--
-- Name: email_templates_default_data; Type: TABLE; Schema: public; Owner: ojs-ci
--

CREATE TABLE public.email_templates_default_data (
    email_key character varying(64) NOT NULL,
    locale character varying(14) DEFAULT 'en_US'::character varying NOT NULL,
    subject character varying(120) NOT NULL,
    body text,
    description text
);


ALTER TABLE public.email_templates_default_data OWNER TO "ojs-ci";

--
-- Name: COLUMN email_templates_default_data.email_key; Type: COMMENT; Schema: public; Owner: ojs-ci
--

COMMENT ON COLUMN public.email_templates_default_data.email_key IS 'Unique identifier for this email.';


--
-- Name: email_templates_default_email_id_seq; Type: SEQUENCE; Schema: public; Owner: ojs-ci
--

CREATE SEQUENCE public.email_templates_default_email_id_seq
    START WITH 1
    INCREMENT BY 1
    NO MINVALUE
    NO MAXVALUE
    CACHE 1;


ALTER TABLE public.email_templates_default_email_id_seq OWNER TO "ojs-ci";

--
-- Name: email_templates_default_email_id_seq; Type: SEQUENCE OWNED BY; Schema: public; Owner: ojs-ci
--

ALTER SEQUENCE public.email_templates_default_email_id_seq OWNED BY public.email_templates_default.email_id;


--
-- Name: email_templates_email_id_seq; Type: SEQUENCE; Schema: public; Owner: ojs-ci
--

CREATE SEQUENCE public.email_templates_email_id_seq
    START WITH 1
    INCREMENT BY 1
    NO MINVALUE
    NO MAXVALUE
    CACHE 1;


ALTER TABLE public.email_templates_email_id_seq OWNER TO "ojs-ci";

--
-- Name: email_templates_email_id_seq; Type: SEQUENCE OWNED BY; Schema: public; Owner: ojs-ci
--

ALTER SEQUENCE public.email_templates_email_id_seq OWNED BY public.email_templates.email_id;


--
-- Name: email_templates_settings; Type: TABLE; Schema: public; Owner: ojs-ci
--

CREATE TABLE public.email_templates_settings (
    email_id bigint NOT NULL,
    locale character varying(14) DEFAULT ''::character varying NOT NULL,
    setting_name character varying(255) NOT NULL,
    setting_value text
);


ALTER TABLE public.email_templates_settings OWNER TO "ojs-ci";

--
-- Name: event_log; Type: TABLE; Schema: public; Owner: ojs-ci
--

CREATE TABLE public.event_log (
    log_id bigint NOT NULL,
    assoc_type bigint NOT NULL,
    assoc_id bigint NOT NULL,
    user_id bigint NOT NULL,
    date_logged timestamp(0) without time zone NOT NULL,
    event_type bigint,
    message text,
    is_translated smallint
);


ALTER TABLE public.event_log OWNER TO "ojs-ci";

--
-- Name: event_log_log_id_seq; Type: SEQUENCE; Schema: public; Owner: ojs-ci
--

CREATE SEQUENCE public.event_log_log_id_seq
    START WITH 1
    INCREMENT BY 1
    NO MINVALUE
    NO MAXVALUE
    CACHE 1;


ALTER TABLE public.event_log_log_id_seq OWNER TO "ojs-ci";

--
-- Name: event_log_log_id_seq; Type: SEQUENCE OWNED BY; Schema: public; Owner: ojs-ci
--

ALTER SEQUENCE public.event_log_log_id_seq OWNED BY public.event_log.log_id;


--
-- Name: event_log_settings; Type: TABLE; Schema: public; Owner: ojs-ci
--

CREATE TABLE public.event_log_settings (
    log_id bigint NOT NULL,
    setting_name character varying(255) NOT NULL,
    setting_value text,
    setting_type character varying(6) NOT NULL
);


ALTER TABLE public.event_log_settings OWNER TO "ojs-ci";

--
-- Name: COLUMN event_log_settings.setting_type; Type: COMMENT; Schema: public; Owner: ojs-ci
--

COMMENT ON COLUMN public.event_log_settings.setting_type IS '(bool|int|float|string|object)';


--
-- Name: failed_jobs; Type: TABLE; Schema: public; Owner: ojs-ci
--

CREATE TABLE public.failed_jobs (
    id bigint NOT NULL,
    connection text NOT NULL,
    queue text NOT NULL,
    payload text NOT NULL,
    exception text NOT NULL,
    failed_at timestamp(0) without time zone DEFAULT now() NOT NULL
);


ALTER TABLE public.failed_jobs OWNER TO "ojs-ci";

--
-- Name: failed_jobs_id_seq; Type: SEQUENCE; Schema: public; Owner: ojs-ci
--

CREATE SEQUENCE public.failed_jobs_id_seq
    START WITH 1
    INCREMENT BY 1
    NO MINVALUE
    NO MAXVALUE
    CACHE 1;


ALTER TABLE public.failed_jobs_id_seq OWNER TO "ojs-ci";

--
-- Name: failed_jobs_id_seq; Type: SEQUENCE OWNED BY; Schema: public; Owner: ojs-ci
--

ALTER SEQUENCE public.failed_jobs_id_seq OWNED BY public.failed_jobs.id;


--
-- Name: files; Type: TABLE; Schema: public; Owner: ojs-ci
--

CREATE TABLE public.files (
    file_id bigint NOT NULL,
    path character varying(255) NOT NULL,
    mimetype character varying(255) NOT NULL
);


ALTER TABLE public.files OWNER TO "ojs-ci";

--
-- Name: files_file_id_seq; Type: SEQUENCE; Schema: public; Owner: ojs-ci
--

CREATE SEQUENCE public.files_file_id_seq
    START WITH 1
    INCREMENT BY 1
    NO MINVALUE
    NO MAXVALUE
    CACHE 1;


ALTER TABLE public.files_file_id_seq OWNER TO "ojs-ci";

--
-- Name: files_file_id_seq; Type: SEQUENCE OWNED BY; Schema: public; Owner: ojs-ci
--

ALTER SEQUENCE public.files_file_id_seq OWNED BY public.files.file_id;


--
-- Name: filter_groups; Type: TABLE; Schema: public; Owner: ojs-ci
--

CREATE TABLE public.filter_groups (
    filter_group_id bigint NOT NULL,
    symbolic character varying(255),
    display_name character varying(255),
    description character varying(255),
    input_type character varying(255),
    output_type character varying(255)
);


ALTER TABLE public.filter_groups OWNER TO "ojs-ci";

--
-- Name: filter_groups_filter_group_id_seq; Type: SEQUENCE; Schema: public; Owner: ojs-ci
--

CREATE SEQUENCE public.filter_groups_filter_group_id_seq
    START WITH 1
    INCREMENT BY 1
    NO MINVALUE
    NO MAXVALUE
    CACHE 1;


ALTER TABLE public.filter_groups_filter_group_id_seq OWNER TO "ojs-ci";

--
-- Name: filter_groups_filter_group_id_seq; Type: SEQUENCE OWNED BY; Schema: public; Owner: ojs-ci
--

ALTER SEQUENCE public.filter_groups_filter_group_id_seq OWNED BY public.filter_groups.filter_group_id;


--
-- Name: filter_settings; Type: TABLE; Schema: public; Owner: ojs-ci
--

CREATE TABLE public.filter_settings (
    filter_id bigint NOT NULL,
    locale character varying(14) DEFAULT ''::character varying NOT NULL,
    setting_name character varying(255) NOT NULL,
    setting_value text,
    setting_type character varying(6) NOT NULL
);


ALTER TABLE public.filter_settings OWNER TO "ojs-ci";

--
-- Name: filters; Type: TABLE; Schema: public; Owner: ojs-ci
--

CREATE TABLE public.filters (
    filter_id bigint NOT NULL,
    filter_group_id bigint DEFAULT '0'::bigint NOT NULL,
    context_id bigint DEFAULT '0'::bigint NOT NULL,
    display_name character varying(255),
    class_name character varying(255),
    is_template smallint DEFAULT '0'::smallint NOT NULL,
    parent_filter_id bigint DEFAULT '0'::bigint NOT NULL,
    seq bigint DEFAULT '0'::bigint NOT NULL
);


ALTER TABLE public.filters OWNER TO "ojs-ci";

--
-- Name: filters_filter_id_seq; Type: SEQUENCE; Schema: public; Owner: ojs-ci
--

CREATE SEQUENCE public.filters_filter_id_seq
    START WITH 1
    INCREMENT BY 1
    NO MINVALUE
    NO MAXVALUE
    CACHE 1;


ALTER TABLE public.filters_filter_id_seq OWNER TO "ojs-ci";

--
-- Name: filters_filter_id_seq; Type: SEQUENCE OWNED BY; Schema: public; Owner: ojs-ci
--

ALTER SEQUENCE public.filters_filter_id_seq OWNED BY public.filters.filter_id;


--
-- Name: genre_settings; Type: TABLE; Schema: public; Owner: ojs-ci
--

CREATE TABLE public.genre_settings (
    genre_id bigint NOT NULL,
    locale character varying(14) DEFAULT ''::character varying NOT NULL,
    setting_name character varying(255) NOT NULL,
    setting_value text,
    setting_type character varying(6) NOT NULL
);


ALTER TABLE public.genre_settings OWNER TO "ojs-ci";

--
-- Name: COLUMN genre_settings.setting_type; Type: COMMENT; Schema: public; Owner: ojs-ci
--

COMMENT ON COLUMN public.genre_settings.setting_type IS '(bool|int|float|string|object)';


--
-- Name: genres; Type: TABLE; Schema: public; Owner: ojs-ci
--

CREATE TABLE public.genres (
    genre_id bigint NOT NULL,
    context_id bigint NOT NULL,
    seq bigint NOT NULL,
    enabled smallint DEFAULT '1'::smallint NOT NULL,
    category bigint DEFAULT '1'::bigint NOT NULL,
    dependent smallint DEFAULT '0'::smallint NOT NULL,
    supplementary smallint DEFAULT '0'::smallint NOT NULL,
    entry_key character varying(30)
);


ALTER TABLE public.genres OWNER TO "ojs-ci";

--
-- Name: genres_genre_id_seq; Type: SEQUENCE; Schema: public; Owner: ojs-ci
--

CREATE SEQUENCE public.genres_genre_id_seq
    START WITH 1
    INCREMENT BY 1
    NO MINVALUE
    NO MAXVALUE
    CACHE 1;


ALTER TABLE public.genres_genre_id_seq OWNER TO "ojs-ci";

--
-- Name: genres_genre_id_seq; Type: SEQUENCE OWNED BY; Schema: public; Owner: ojs-ci
--

ALTER SEQUENCE public.genres_genre_id_seq OWNED BY public.genres.genre_id;


--
-- Name: institution_ip; Type: TABLE; Schema: public; Owner: ojs-ci
--

CREATE TABLE public.institution_ip (
    institution_ip_id bigint NOT NULL,
    institution_id bigint NOT NULL,
    ip_string character varying(40) NOT NULL,
    ip_start bigint NOT NULL,
    ip_end bigint
);


ALTER TABLE public.institution_ip OWNER TO "ojs-ci";

--
-- Name: institution_ip_institution_ip_id_seq; Type: SEQUENCE; Schema: public; Owner: ojs-ci
--

CREATE SEQUENCE public.institution_ip_institution_ip_id_seq
    START WITH 1
    INCREMENT BY 1
    NO MINVALUE
    NO MAXVALUE
    CACHE 1;


ALTER TABLE public.institution_ip_institution_ip_id_seq OWNER TO "ojs-ci";

--
-- Name: institution_ip_institution_ip_id_seq; Type: SEQUENCE OWNED BY; Schema: public; Owner: ojs-ci
--

ALTER SEQUENCE public.institution_ip_institution_ip_id_seq OWNED BY public.institution_ip.institution_ip_id;


--
-- Name: institution_settings; Type: TABLE; Schema: public; Owner: ojs-ci
--

CREATE TABLE public.institution_settings (
    institution_id bigint NOT NULL,
    locale character varying(14) DEFAULT ''::character varying NOT NULL,
    setting_name character varying(255) NOT NULL,
    setting_value text
);


ALTER TABLE public.institution_settings OWNER TO "ojs-ci";

--
-- Name: institutional_subscriptions; Type: TABLE; Schema: public; Owner: ojs-ci
--

CREATE TABLE public.institutional_subscriptions (
    institutional_subscription_id bigint NOT NULL,
    subscription_id bigint NOT NULL,
    institution_id bigint NOT NULL,
    mailing_address character varying(255),
    domain character varying(255)
);


ALTER TABLE public.institutional_subscriptions OWNER TO "ojs-ci";

--
-- Name: institutional_subscriptions_institutional_subscription_id_seq; Type: SEQUENCE; Schema: public; Owner: ojs-ci
--

CREATE SEQUENCE public.institutional_subscriptions_institutional_subscription_id_seq
    START WITH 1
    INCREMENT BY 1
    NO MINVALUE
    NO MAXVALUE
    CACHE 1;


ALTER TABLE public.institutional_subscriptions_institutional_subscription_id_seq OWNER TO "ojs-ci";

--
-- Name: institutional_subscriptions_institutional_subscription_id_seq; Type: SEQUENCE OWNED BY; Schema: public; Owner: ojs-ci
--

ALTER SEQUENCE public.institutional_subscriptions_institutional_subscription_id_seq OWNED BY public.institutional_subscriptions.institutional_subscription_id;


--
-- Name: institutions; Type: TABLE; Schema: public; Owner: ojs-ci
--

CREATE TABLE public.institutions (
    institution_id bigint NOT NULL,
    context_id bigint NOT NULL,
    ror character varying(255),
    deleted_at timestamp(0) without time zone
);


ALTER TABLE public.institutions OWNER TO "ojs-ci";

--
-- Name: institutions_institution_id_seq; Type: SEQUENCE; Schema: public; Owner: ojs-ci
--

CREATE SEQUENCE public.institutions_institution_id_seq
    START WITH 1
    INCREMENT BY 1
    NO MINVALUE
    NO MAXVALUE
    CACHE 1;


ALTER TABLE public.institutions_institution_id_seq OWNER TO "ojs-ci";

--
-- Name: institutions_institution_id_seq; Type: SEQUENCE OWNED BY; Schema: public; Owner: ojs-ci
--

ALTER SEQUENCE public.institutions_institution_id_seq OWNED BY public.institutions.institution_id;


--
-- Name: issue_files; Type: TABLE; Schema: public; Owner: ojs-ci
--

CREATE TABLE public.issue_files (
    file_id bigint NOT NULL,
    issue_id bigint NOT NULL,
    file_name character varying(90) NOT NULL,
    file_type character varying(255) NOT NULL,
    file_size bigint NOT NULL,
    content_type bigint NOT NULL,
    original_file_name character varying(127),
    date_uploaded timestamp(0) without time zone NOT NULL,
    date_modified timestamp(0) without time zone NOT NULL
);


ALTER TABLE public.issue_files OWNER TO "ojs-ci";

--
-- Name: issue_files_file_id_seq; Type: SEQUENCE; Schema: public; Owner: ojs-ci
--

CREATE SEQUENCE public.issue_files_file_id_seq
    START WITH 1
    INCREMENT BY 1
    NO MINVALUE
    NO MAXVALUE
    CACHE 1;


ALTER TABLE public.issue_files_file_id_seq OWNER TO "ojs-ci";

--
-- Name: issue_files_file_id_seq; Type: SEQUENCE OWNED BY; Schema: public; Owner: ojs-ci
--

ALTER SEQUENCE public.issue_files_file_id_seq OWNED BY public.issue_files.file_id;


--
-- Name: issue_galley_settings; Type: TABLE; Schema: public; Owner: ojs-ci
--

CREATE TABLE public.issue_galley_settings (
    galley_id bigint NOT NULL,
    locale character varying(14) DEFAULT ''::character varying NOT NULL,
    setting_name character varying(255) NOT NULL,
    setting_value text,
    setting_type character varying(6) NOT NULL
);


ALTER TABLE public.issue_galley_settings OWNER TO "ojs-ci";

--
-- Name: COLUMN issue_galley_settings.setting_type; Type: COMMENT; Schema: public; Owner: ojs-ci
--

COMMENT ON COLUMN public.issue_galley_settings.setting_type IS '(bool|int|float|string|object)';


--
-- Name: issue_galleys; Type: TABLE; Schema: public; Owner: ojs-ci
--

CREATE TABLE public.issue_galleys (
    galley_id bigint NOT NULL,
    locale character varying(14),
    issue_id bigint NOT NULL,
    file_id bigint NOT NULL,
    label character varying(255),
    seq double precision DEFAULT '0'::double precision NOT NULL,
    url_path character varying(64)
);


ALTER TABLE public.issue_galleys OWNER TO "ojs-ci";

--
-- Name: issue_galleys_galley_id_seq; Type: SEQUENCE; Schema: public; Owner: ojs-ci
--

CREATE SEQUENCE public.issue_galleys_galley_id_seq
    START WITH 1
    INCREMENT BY 1
    NO MINVALUE
    NO MAXVALUE
    CACHE 1;


ALTER TABLE public.issue_galleys_galley_id_seq OWNER TO "ojs-ci";

--
-- Name: issue_galleys_galley_id_seq; Type: SEQUENCE OWNED BY; Schema: public; Owner: ojs-ci
--

ALTER SEQUENCE public.issue_galleys_galley_id_seq OWNED BY public.issue_galleys.galley_id;


--
-- Name: issue_settings; Type: TABLE; Schema: public; Owner: ojs-ci
--

CREATE TABLE public.issue_settings (
    issue_id bigint NOT NULL,
    locale character varying(14) DEFAULT ''::character varying NOT NULL,
    setting_name character varying(255) NOT NULL,
    setting_value text,
    setting_type character varying(6)
);


ALTER TABLE public.issue_settings OWNER TO "ojs-ci";

--
-- Name: issues; Type: TABLE; Schema: public; Owner: ojs-ci
--

CREATE TABLE public.issues (
    issue_id bigint NOT NULL,
    journal_id bigint NOT NULL,
    volume smallint,
    number character varying(40),
    year smallint,
    published smallint DEFAULT '0'::smallint NOT NULL,
    date_published timestamp(0) without time zone,
    date_notified timestamp(0) without time zone,
    last_modified timestamp(0) without time zone,
    access_status smallint DEFAULT '1'::smallint NOT NULL,
    open_access_date timestamp(0) without time zone,
    show_volume smallint DEFAULT '0'::smallint NOT NULL,
    show_number smallint DEFAULT '0'::smallint NOT NULL,
    show_year smallint DEFAULT '0'::smallint NOT NULL,
    show_title smallint DEFAULT '0'::smallint NOT NULL,
    style_file_name character varying(90),
    original_style_file_name character varying(255),
    url_path character varying(64),
    doi_id bigint
);


ALTER TABLE public.issues OWNER TO "ojs-ci";

--
-- Name: issues_issue_id_seq; Type: SEQUENCE; Schema: public; Owner: ojs-ci
--

CREATE SEQUENCE public.issues_issue_id_seq
    START WITH 1
    INCREMENT BY 1
    NO MINVALUE
    NO MAXVALUE
    CACHE 1;


ALTER TABLE public.issues_issue_id_seq OWNER TO "ojs-ci";

--
-- Name: issues_issue_id_seq; Type: SEQUENCE OWNED BY; Schema: public; Owner: ojs-ci
--

ALTER SEQUENCE public.issues_issue_id_seq OWNED BY public.issues.issue_id;


--
-- Name: item_views; Type: TABLE; Schema: public; Owner: ojs-ci
--

CREATE TABLE public.item_views (
    assoc_type bigint NOT NULL,
    assoc_id bigint NOT NULL,
    user_id bigint,
    date_last_viewed timestamp(0) without time zone
);


ALTER TABLE public.item_views OWNER TO "ojs-ci";

--
-- Name: jobs; Type: TABLE; Schema: public; Owner: ojs-ci
--

CREATE TABLE public.jobs (
    id bigint NOT NULL,
    queue character varying(255) NOT NULL,
    payload text NOT NULL,
    attempts smallint NOT NULL,
    reserved_at integer,
    available_at integer NOT NULL,
    created_at integer NOT NULL
);


ALTER TABLE public.jobs OWNER TO "ojs-ci";

--
-- Name: jobs_id_seq; Type: SEQUENCE; Schema: public; Owner: ojs-ci
--

CREATE SEQUENCE public.jobs_id_seq
    START WITH 1
    INCREMENT BY 1
    NO MINVALUE
    NO MAXVALUE
    CACHE 1;


ALTER TABLE public.jobs_id_seq OWNER TO "ojs-ci";

--
-- Name: jobs_id_seq; Type: SEQUENCE OWNED BY; Schema: public; Owner: ojs-ci
--

ALTER SEQUENCE public.jobs_id_seq OWNED BY public.jobs.id;


--
-- Name: journal_settings; Type: TABLE; Schema: public; Owner: ojs-ci
--

CREATE TABLE public.journal_settings (
    journal_id bigint NOT NULL,
    locale character varying(14) DEFAULT ''::character varying NOT NULL,
    setting_name character varying(255) NOT NULL,
    setting_value text,
    setting_type character varying(6)
);


ALTER TABLE public.journal_settings OWNER TO "ojs-ci";

--
-- Name: journals; Type: TABLE; Schema: public; Owner: ojs-ci
--

CREATE TABLE public.journals (
    journal_id bigint NOT NULL,
    path character varying(32) NOT NULL,
    seq double precision DEFAULT '0'::double precision NOT NULL,
    primary_locale character varying(14) NOT NULL,
    enabled smallint DEFAULT '1'::smallint NOT NULL,
    current_issue_id bigint
);


ALTER TABLE public.journals OWNER TO "ojs-ci";

--
-- Name: COLUMN journals.seq; Type: COMMENT; Schema: public; Owner: ojs-ci
--

COMMENT ON COLUMN public.journals.seq IS 'Used to order lists of journals';


--
-- Name: COLUMN journals.enabled; Type: COMMENT; Schema: public; Owner: ojs-ci
--

COMMENT ON COLUMN public.journals.enabled IS 'Controls whether or not the journal is considered "live" and will appear on the website. (Note that disabled journals may still be accessible, but only if the user knows the URL.)';


--
-- Name: journals_journal_id_seq; Type: SEQUENCE; Schema: public; Owner: ojs-ci
--

CREATE SEQUENCE public.journals_journal_id_seq
    START WITH 1
    INCREMENT BY 1
    NO MINVALUE
    NO MAXVALUE
    CACHE 1;


ALTER TABLE public.journals_journal_id_seq OWNER TO "ojs-ci";

--
-- Name: journals_journal_id_seq; Type: SEQUENCE OWNED BY; Schema: public; Owner: ojs-ci
--

ALTER SEQUENCE public.journals_journal_id_seq OWNED BY public.journals.journal_id;


--
-- Name: library_file_settings; Type: TABLE; Schema: public; Owner: ojs-ci
--

CREATE TABLE public.library_file_settings (
    file_id bigint NOT NULL,
    locale character varying(14) DEFAULT ''::character varying NOT NULL,
    setting_name character varying(255) NOT NULL,
    setting_value text,
    setting_type character varying(6) NOT NULL
);


ALTER TABLE public.library_file_settings OWNER TO "ojs-ci";

--
-- Name: COLUMN library_file_settings.setting_type; Type: COMMENT; Schema: public; Owner: ojs-ci
--

COMMENT ON COLUMN public.library_file_settings.setting_type IS '(bool|int|float|string|object|date)';


--
-- Name: library_files; Type: TABLE; Schema: public; Owner: ojs-ci
--

CREATE TABLE public.library_files (
    file_id bigint NOT NULL,
    context_id bigint NOT NULL,
    file_name character varying(255) NOT NULL,
    original_file_name character varying(255) NOT NULL,
    file_type character varying(255) NOT NULL,
    file_size bigint NOT NULL,
    type smallint NOT NULL,
    date_uploaded timestamp(0) without time zone NOT NULL,
    date_modified timestamp(0) without time zone NOT NULL,
    submission_id bigint NOT NULL,
    public_access smallint DEFAULT '0'::smallint
);


ALTER TABLE public.library_files OWNER TO "ojs-ci";

--
-- Name: library_files_file_id_seq; Type: SEQUENCE; Schema: public; Owner: ojs-ci
--

CREATE SEQUENCE public.library_files_file_id_seq
    START WITH 1
    INCREMENT BY 1
    NO MINVALUE
    NO MAXVALUE
    CACHE 1;


ALTER TABLE public.library_files_file_id_seq OWNER TO "ojs-ci";

--
-- Name: library_files_file_id_seq; Type: SEQUENCE OWNED BY; Schema: public; Owner: ojs-ci
--

ALTER SEQUENCE public.library_files_file_id_seq OWNED BY public.library_files.file_id;


--
-- Name: mailable_templates; Type: TABLE; Schema: public; Owner: ojs-ci
--

CREATE TABLE public.mailable_templates (
    email_id bigint NOT NULL,
    mailable_id character varying(255) NOT NULL
);


ALTER TABLE public.mailable_templates OWNER TO "ojs-ci";

--
-- Name: metadata_description_settings; Type: TABLE; Schema: public; Owner: ojs-ci
--

CREATE TABLE public.metadata_description_settings (
    metadata_description_id bigint NOT NULL,
    locale character varying(14) DEFAULT ''::character varying NOT NULL,
    setting_name character varying(255) NOT NULL,
    setting_value text,
    setting_type character varying(6) NOT NULL
);


ALTER TABLE public.metadata_description_settings OWNER TO "ojs-ci";

--
-- Name: metadata_descriptions; Type: TABLE; Schema: public; Owner: ojs-ci
--

CREATE TABLE public.metadata_descriptions (
    metadata_description_id bigint NOT NULL,
    assoc_type bigint DEFAULT '0'::bigint NOT NULL,
    assoc_id bigint DEFAULT '0'::bigint NOT NULL,
    schema_namespace character varying(255) NOT NULL,
    schema_name character varying(255) NOT NULL,
    display_name character varying(255),
    seq bigint DEFAULT '0'::bigint NOT NULL
);


ALTER TABLE public.metadata_descriptions OWNER TO "ojs-ci";

--
-- Name: metadata_descriptions_metadata_description_id_seq; Type: SEQUENCE; Schema: public; Owner: ojs-ci
--

CREATE SEQUENCE public.metadata_descriptions_metadata_description_id_seq
    START WITH 1
    INCREMENT BY 1
    NO MINVALUE
    NO MAXVALUE
    CACHE 1;


ALTER TABLE public.metadata_descriptions_metadata_description_id_seq OWNER TO "ojs-ci";

--
-- Name: metadata_descriptions_metadata_description_id_seq; Type: SEQUENCE OWNED BY; Schema: public; Owner: ojs-ci
--

ALTER SEQUENCE public.metadata_descriptions_metadata_description_id_seq OWNED BY public.metadata_descriptions.metadata_description_id;


--
-- Name: metrics_context; Type: TABLE; Schema: public; Owner: ojs-ci
--

CREATE TABLE public.metrics_context (
    load_id character varying(255) NOT NULL,
    context_id bigint NOT NULL,
    date date NOT NULL,
    metric integer NOT NULL
);


ALTER TABLE public.metrics_context OWNER TO "ojs-ci";

--
-- Name: metrics_counter_submission_daily; Type: TABLE; Schema: public; Owner: ojs-ci
--

CREATE TABLE public.metrics_counter_submission_daily (
    load_id character varying(255) NOT NULL,
    context_id bigint NOT NULL,
    submission_id bigint NOT NULL,
    date date NOT NULL,
    metric_investigations integer NOT NULL,
    metric_investigations_unique integer NOT NULL,
    metric_requests integer NOT NULL,
    metric_requests_unique integer NOT NULL
);


ALTER TABLE public.metrics_counter_submission_daily OWNER TO "ojs-ci";

--
-- Name: metrics_counter_submission_institution_daily; Type: TABLE; Schema: public; Owner: ojs-ci
--

CREATE TABLE public.metrics_counter_submission_institution_daily (
    load_id character varying(255) NOT NULL,
    context_id bigint NOT NULL,
    submission_id bigint NOT NULL,
    institution_id bigint NOT NULL,
    date date NOT NULL,
    metric_investigations integer NOT NULL,
    metric_investigations_unique integer NOT NULL,
    metric_requests integer NOT NULL,
    metric_requests_unique integer NOT NULL
);


ALTER TABLE public.metrics_counter_submission_institution_daily OWNER TO "ojs-ci";

--
-- Name: metrics_counter_submission_institution_monthly; Type: TABLE; Schema: public; Owner: ojs-ci
--

CREATE TABLE public.metrics_counter_submission_institution_monthly (
    context_id bigint NOT NULL,
    submission_id bigint NOT NULL,
    institution_id bigint NOT NULL,
    month integer NOT NULL,
    metric_investigations integer NOT NULL,
    metric_investigations_unique integer NOT NULL,
    metric_requests integer NOT NULL,
    metric_requests_unique integer NOT NULL
);


ALTER TABLE public.metrics_counter_submission_institution_monthly OWNER TO "ojs-ci";

--
-- Name: metrics_counter_submission_monthly; Type: TABLE; Schema: public; Owner: ojs-ci
--

CREATE TABLE public.metrics_counter_submission_monthly (
    context_id bigint NOT NULL,
    submission_id bigint NOT NULL,
    month integer NOT NULL,
    metric_investigations integer NOT NULL,
    metric_investigations_unique integer NOT NULL,
    metric_requests integer NOT NULL,
    metric_requests_unique integer NOT NULL
);


ALTER TABLE public.metrics_counter_submission_monthly OWNER TO "ojs-ci";

--
-- Name: metrics_issue; Type: TABLE; Schema: public; Owner: ojs-ci
--

CREATE TABLE public.metrics_issue (
    load_id character varying(255) NOT NULL,
    context_id bigint NOT NULL,
    issue_id bigint NOT NULL,
    issue_galley_id bigint,
    date date NOT NULL,
    metric integer NOT NULL
);


ALTER TABLE public.metrics_issue OWNER TO "ojs-ci";

--
-- Name: metrics_submission; Type: TABLE; Schema: public; Owner: ojs-ci
--

CREATE TABLE public.metrics_submission (
    load_id character varying(255) NOT NULL,
    context_id bigint NOT NULL,
    submission_id bigint NOT NULL,
    representation_id bigint,
    submission_file_id bigint,
    file_type bigint,
    assoc_type bigint NOT NULL,
    date date NOT NULL,
    metric integer NOT NULL
);


ALTER TABLE public.metrics_submission OWNER TO "ojs-ci";

--
-- Name: metrics_submission_geo_daily; Type: TABLE; Schema: public; Owner: ojs-ci
--

CREATE TABLE public.metrics_submission_geo_daily (
    load_id character varying(255) NOT NULL,
    context_id bigint NOT NULL,
    submission_id bigint NOT NULL,
    country character varying(2) DEFAULT ''::character varying NOT NULL,
    region character varying(3) DEFAULT ''::character varying NOT NULL,
    city character varying(255) DEFAULT ''::character varying NOT NULL,
    date date NOT NULL,
    metric integer NOT NULL,
    metric_unique integer NOT NULL
);


ALTER TABLE public.metrics_submission_geo_daily OWNER TO "ojs-ci";

--
-- Name: metrics_submission_geo_monthly; Type: TABLE; Schema: public; Owner: ojs-ci
--

CREATE TABLE public.metrics_submission_geo_monthly (
    context_id bigint NOT NULL,
    submission_id bigint NOT NULL,
    country character varying(2) DEFAULT ''::character varying NOT NULL,
    region character varying(3) DEFAULT ''::character varying NOT NULL,
    city character varying(255) DEFAULT ''::character varying NOT NULL,
    month integer NOT NULL,
    metric integer NOT NULL,
    metric_unique integer NOT NULL
);


ALTER TABLE public.metrics_submission_geo_monthly OWNER TO "ojs-ci";

--
-- Name: navigation_menu_item_assignments; Type: TABLE; Schema: public; Owner: ojs-ci
--

CREATE TABLE public.navigation_menu_item_assignments (
    navigation_menu_item_assignment_id bigint NOT NULL,
    navigation_menu_id bigint NOT NULL,
    navigation_menu_item_id bigint NOT NULL,
    parent_id bigint,
    seq bigint DEFAULT '0'::bigint
);


ALTER TABLE public.navigation_menu_item_assignments OWNER TO "ojs-ci";

--
-- Name: navigation_menu_item_assignme_navigation_menu_item_assignme_seq; Type: SEQUENCE; Schema: public; Owner: ojs-ci
--

CREATE SEQUENCE public.navigation_menu_item_assignme_navigation_menu_item_assignme_seq
    START WITH 1
    INCREMENT BY 1
    NO MINVALUE
    NO MAXVALUE
    CACHE 1;


ALTER TABLE public.navigation_menu_item_assignme_navigation_menu_item_assignme_seq OWNER TO "ojs-ci";

--
-- Name: navigation_menu_item_assignme_navigation_menu_item_assignme_seq; Type: SEQUENCE OWNED BY; Schema: public; Owner: ojs-ci
--

ALTER SEQUENCE public.navigation_menu_item_assignme_navigation_menu_item_assignme_seq OWNED BY public.navigation_menu_item_assignments.navigation_menu_item_assignment_id;


--
-- Name: navigation_menu_item_assignment_settings; Type: TABLE; Schema: public; Owner: ojs-ci
--

CREATE TABLE public.navigation_menu_item_assignment_settings (
    navigation_menu_item_assignment_id bigint NOT NULL,
    locale character varying(14) DEFAULT ''::character varying NOT NULL,
    setting_name character varying(255) NOT NULL,
    setting_value text,
    setting_type character varying(6) NOT NULL
);


ALTER TABLE public.navigation_menu_item_assignment_settings OWNER TO "ojs-ci";

--
-- Name: navigation_menu_item_settings; Type: TABLE; Schema: public; Owner: ojs-ci
--

CREATE TABLE public.navigation_menu_item_settings (
    navigation_menu_item_id bigint NOT NULL,
    locale character varying(14) DEFAULT ''::character varying NOT NULL,
    setting_name character varying(255) NOT NULL,
    setting_value text,
    setting_type character varying(6) NOT NULL
);


ALTER TABLE public.navigation_menu_item_settings OWNER TO "ojs-ci";

--
-- Name: navigation_menu_items; Type: TABLE; Schema: public; Owner: ojs-ci
--

CREATE TABLE public.navigation_menu_items (
    navigation_menu_item_id bigint NOT NULL,
    context_id bigint NOT NULL,
    path character varying(255) DEFAULT ''::character varying,
    type character varying(255) DEFAULT ''::character varying
);


ALTER TABLE public.navigation_menu_items OWNER TO "ojs-ci";

--
-- Name: navigation_menu_items_navigation_menu_item_id_seq; Type: SEQUENCE; Schema: public; Owner: ojs-ci
--

CREATE SEQUENCE public.navigation_menu_items_navigation_menu_item_id_seq
    START WITH 1
    INCREMENT BY 1
    NO MINVALUE
    NO MAXVALUE
    CACHE 1;


ALTER TABLE public.navigation_menu_items_navigation_menu_item_id_seq OWNER TO "ojs-ci";

--
-- Name: navigation_menu_items_navigation_menu_item_id_seq; Type: SEQUENCE OWNED BY; Schema: public; Owner: ojs-ci
--

ALTER SEQUENCE public.navigation_menu_items_navigation_menu_item_id_seq OWNED BY public.navigation_menu_items.navigation_menu_item_id;


--
-- Name: navigation_menus; Type: TABLE; Schema: public; Owner: ojs-ci
--

CREATE TABLE public.navigation_menus (
    navigation_menu_id bigint NOT NULL,
    context_id bigint NOT NULL,
    area_name character varying(255) DEFAULT ''::character varying,
    title character varying(255) NOT NULL
);


ALTER TABLE public.navigation_menus OWNER TO "ojs-ci";

--
-- Name: navigation_menus_navigation_menu_id_seq; Type: SEQUENCE; Schema: public; Owner: ojs-ci
--

CREATE SEQUENCE public.navigation_menus_navigation_menu_id_seq
    START WITH 1
    INCREMENT BY 1
    NO MINVALUE
    NO MAXVALUE
    CACHE 1;


ALTER TABLE public.navigation_menus_navigation_menu_id_seq OWNER TO "ojs-ci";

--
-- Name: navigation_menus_navigation_menu_id_seq; Type: SEQUENCE OWNED BY; Schema: public; Owner: ojs-ci
--

ALTER SEQUENCE public.navigation_menus_navigation_menu_id_seq OWNED BY public.navigation_menus.navigation_menu_id;


--
-- Name: notes; Type: TABLE; Schema: public; Owner: ojs-ci
--

CREATE TABLE public.notes (
    note_id bigint NOT NULL,
    assoc_type bigint NOT NULL,
    assoc_id bigint NOT NULL,
    user_id bigint NOT NULL,
    date_created timestamp(0) without time zone NOT NULL,
    date_modified timestamp(0) without time zone,
    title character varying(255),
    contents text
);


ALTER TABLE public.notes OWNER TO "ojs-ci";

--
-- Name: notes_note_id_seq; Type: SEQUENCE; Schema: public; Owner: ojs-ci
--

CREATE SEQUENCE public.notes_note_id_seq
    START WITH 1
    INCREMENT BY 1
    NO MINVALUE
    NO MAXVALUE
    CACHE 1;


ALTER TABLE public.notes_note_id_seq OWNER TO "ojs-ci";

--
-- Name: notes_note_id_seq; Type: SEQUENCE OWNED BY; Schema: public; Owner: ojs-ci
--

ALTER SEQUENCE public.notes_note_id_seq OWNED BY public.notes.note_id;


--
-- Name: notification_mail_list; Type: TABLE; Schema: public; Owner: ojs-ci
--

CREATE TABLE public.notification_mail_list (
    notification_mail_list_id bigint NOT NULL,
    email character varying(90) NOT NULL,
    confirmed smallint DEFAULT '0'::smallint NOT NULL,
    token character varying(40) NOT NULL,
    context bigint NOT NULL
);


ALTER TABLE public.notification_mail_list OWNER TO "ojs-ci";

--
-- Name: notification_mail_list_notification_mail_list_id_seq; Type: SEQUENCE; Schema: public; Owner: ojs-ci
--

CREATE SEQUENCE public.notification_mail_list_notification_mail_list_id_seq
    START WITH 1
    INCREMENT BY 1
    NO MINVALUE
    NO MAXVALUE
    CACHE 1;


ALTER TABLE public.notification_mail_list_notification_mail_list_id_seq OWNER TO "ojs-ci";

--
-- Name: notification_mail_list_notification_mail_list_id_seq; Type: SEQUENCE OWNED BY; Schema: public; Owner: ojs-ci
--

ALTER SEQUENCE public.notification_mail_list_notification_mail_list_id_seq OWNED BY public.notification_mail_list.notification_mail_list_id;


--
-- Name: notification_settings; Type: TABLE; Schema: public; Owner: ojs-ci
--

CREATE TABLE public.notification_settings (
    notification_id bigint NOT NULL,
    locale character varying(14),
    setting_name character varying(64) NOT NULL,
    setting_value text NOT NULL,
    setting_type character varying(6) NOT NULL
);


ALTER TABLE public.notification_settings OWNER TO "ojs-ci";

--
-- Name: COLUMN notification_settings.setting_type; Type: COMMENT; Schema: public; Owner: ojs-ci
--

COMMENT ON COLUMN public.notification_settings.setting_type IS '(bool|int|float|string|object)';


--
-- Name: notification_subscription_settings; Type: TABLE; Schema: public; Owner: ojs-ci
--

CREATE TABLE public.notification_subscription_settings (
    setting_id bigint NOT NULL,
    setting_name character varying(64) NOT NULL,
    setting_value text NOT NULL,
    user_id bigint NOT NULL,
    context bigint NOT NULL,
    setting_type character varying(6) NOT NULL
);


ALTER TABLE public.notification_subscription_settings OWNER TO "ojs-ci";

--
-- Name: COLUMN notification_subscription_settings.setting_type; Type: COMMENT; Schema: public; Owner: ojs-ci
--

COMMENT ON COLUMN public.notification_subscription_settings.setting_type IS '(bool|int|float|string|object)';


--
-- Name: notification_subscription_settings_setting_id_seq; Type: SEQUENCE; Schema: public; Owner: ojs-ci
--

CREATE SEQUENCE public.notification_subscription_settings_setting_id_seq
    START WITH 1
    INCREMENT BY 1
    NO MINVALUE
    NO MAXVALUE
    CACHE 1;


ALTER TABLE public.notification_subscription_settings_setting_id_seq OWNER TO "ojs-ci";

--
-- Name: notification_subscription_settings_setting_id_seq; Type: SEQUENCE OWNED BY; Schema: public; Owner: ojs-ci
--

ALTER SEQUENCE public.notification_subscription_settings_setting_id_seq OWNED BY public.notification_subscription_settings.setting_id;


--
-- Name: notifications; Type: TABLE; Schema: public; Owner: ojs-ci
--

CREATE TABLE public.notifications (
    notification_id bigint NOT NULL,
    context_id bigint NOT NULL,
    user_id bigint,
    level bigint NOT NULL,
    type bigint NOT NULL,
    date_created timestamp(0) without time zone NOT NULL,
    date_read timestamp(0) without time zone,
    assoc_type bigint,
    assoc_id bigint
);


ALTER TABLE public.notifications OWNER TO "ojs-ci";

--
-- Name: notifications_notification_id_seq; Type: SEQUENCE; Schema: public; Owner: ojs-ci
--

CREATE SEQUENCE public.notifications_notification_id_seq
    START WITH 1
    INCREMENT BY 1
    NO MINVALUE
    NO MAXVALUE
    CACHE 1;


ALTER TABLE public.notifications_notification_id_seq OWNER TO "ojs-ci";

--
-- Name: notifications_notification_id_seq; Type: SEQUENCE OWNED BY; Schema: public; Owner: ojs-ci
--

ALTER SEQUENCE public.notifications_notification_id_seq OWNED BY public.notifications.notification_id;


--
-- Name: oai_resumption_tokens; Type: TABLE; Schema: public; Owner: ojs-ci
--

CREATE TABLE public.oai_resumption_tokens (
    token character varying(32) NOT NULL,
    expire bigint NOT NULL,
    record_offset integer NOT NULL,
    params text
);


ALTER TABLE public.oai_resumption_tokens OWNER TO "ojs-ci";

--
-- Name: plugin_settings; Type: TABLE; Schema: public; Owner: ojs-ci
--

CREATE TABLE public.plugin_settings (
    plugin_name character varying(80) NOT NULL,
    context_id bigint NOT NULL,
    setting_name character varying(80) NOT NULL,
    setting_value text,
    setting_type character varying(6) NOT NULL
);


ALTER TABLE public.plugin_settings OWNER TO "ojs-ci";

--
-- Name: COLUMN plugin_settings.setting_type; Type: COMMENT; Schema: public; Owner: ojs-ci
--

COMMENT ON COLUMN public.plugin_settings.setting_type IS '(bool|int|float|string|object)';


--
-- Name: publication_categories; Type: TABLE; Schema: public; Owner: ojs-ci
--

CREATE TABLE public.publication_categories (
    publication_id bigint NOT NULL,
    category_id bigint NOT NULL
);


ALTER TABLE public.publication_categories OWNER TO "ojs-ci";

--
-- Name: publication_galley_settings; Type: TABLE; Schema: public; Owner: ojs-ci
--

CREATE TABLE public.publication_galley_settings (
    galley_id bigint NOT NULL,
    locale character varying(14) DEFAULT ''::character varying NOT NULL,
    setting_name character varying(255) NOT NULL,
    setting_value text
);


ALTER TABLE public.publication_galley_settings OWNER TO "ojs-ci";

--
-- Name: publication_galleys; Type: TABLE; Schema: public; Owner: ojs-ci
--

CREATE TABLE public.publication_galleys (
    galley_id bigint NOT NULL,
    locale character varying(14),
    publication_id bigint NOT NULL,
    label character varying(255),
    submission_file_id bigint,
    seq double precision DEFAULT '0'::double precision NOT NULL,
    remote_url character varying(2047),
    is_approved smallint DEFAULT '0'::smallint NOT NULL,
    url_path character varying(64),
    doi_id bigint
);


ALTER TABLE public.publication_galleys OWNER TO "ojs-ci";

--
-- Name: publication_galleys_galley_id_seq; Type: SEQUENCE; Schema: public; Owner: ojs-ci
--

CREATE SEQUENCE public.publication_galleys_galley_id_seq
    START WITH 1
    INCREMENT BY 1
    NO MINVALUE
    NO MAXVALUE
    CACHE 1;


ALTER TABLE public.publication_galleys_galley_id_seq OWNER TO "ojs-ci";

--
-- Name: publication_galleys_galley_id_seq; Type: SEQUENCE OWNED BY; Schema: public; Owner: ojs-ci
--

ALTER SEQUENCE public.publication_galleys_galley_id_seq OWNED BY public.publication_galleys.galley_id;


--
-- Name: publication_settings; Type: TABLE; Schema: public; Owner: ojs-ci
--

CREATE TABLE public.publication_settings (
    publication_id bigint NOT NULL,
    locale character varying(14) DEFAULT ''::character varying NOT NULL,
    setting_name character varying(255) NOT NULL,
    setting_value text
);


ALTER TABLE public.publication_settings OWNER TO "ojs-ci";

--
-- Name: publications; Type: TABLE; Schema: public; Owner: ojs-ci
--

CREATE TABLE public.publications (
    publication_id bigint NOT NULL,
    access_status bigint DEFAULT '0'::bigint,
    date_published date,
    last_modified timestamp(0) without time zone,
    primary_contact_id bigint,
    section_id bigint,
    seq double precision DEFAULT '0'::double precision NOT NULL,
    submission_id bigint NOT NULL,
    status smallint DEFAULT '1'::smallint NOT NULL,
    url_path character varying(64),
    version bigint,
    doi_id bigint
);


ALTER TABLE public.publications OWNER TO "ojs-ci";

--
-- Name: publications_publication_id_seq; Type: SEQUENCE; Schema: public; Owner: ojs-ci
--

CREATE SEQUENCE public.publications_publication_id_seq
    START WITH 1
    INCREMENT BY 1
    NO MINVALUE
    NO MAXVALUE
    CACHE 1;


ALTER TABLE public.publications_publication_id_seq OWNER TO "ojs-ci";

--
-- Name: publications_publication_id_seq; Type: SEQUENCE OWNED BY; Schema: public; Owner: ojs-ci
--

ALTER SEQUENCE public.publications_publication_id_seq OWNED BY public.publications.publication_id;


--
-- Name: queries; Type: TABLE; Schema: public; Owner: ojs-ci
--

CREATE TABLE public.queries (
    query_id bigint NOT NULL,
    assoc_type bigint NOT NULL,
    assoc_id bigint NOT NULL,
    stage_id smallint NOT NULL,
    seq double precision DEFAULT '0'::double precision NOT NULL,
    date_posted timestamp(0) without time zone,
    date_modified timestamp(0) without time zone,
    closed smallint DEFAULT '0'::smallint NOT NULL
);


ALTER TABLE public.queries OWNER TO "ojs-ci";

--
-- Name: queries_query_id_seq; Type: SEQUENCE; Schema: public; Owner: ojs-ci
--

CREATE SEQUENCE public.queries_query_id_seq
    START WITH 1
    INCREMENT BY 1
    NO MINVALUE
    NO MAXVALUE
    CACHE 1;


ALTER TABLE public.queries_query_id_seq OWNER TO "ojs-ci";

--
-- Name: queries_query_id_seq; Type: SEQUENCE OWNED BY; Schema: public; Owner: ojs-ci
--

ALTER SEQUENCE public.queries_query_id_seq OWNED BY public.queries.query_id;


--
-- Name: query_participants; Type: TABLE; Schema: public; Owner: ojs-ci
--

CREATE TABLE public.query_participants (
    query_id bigint NOT NULL,
    user_id bigint NOT NULL
);


ALTER TABLE public.query_participants OWNER TO "ojs-ci";

--
-- Name: queued_payments; Type: TABLE; Schema: public; Owner: ojs-ci
--

CREATE TABLE public.queued_payments (
    queued_payment_id bigint NOT NULL,
    date_created timestamp(0) without time zone NOT NULL,
    date_modified timestamp(0) without time zone NOT NULL,
    expiry_date date,
    payment_data text
);


ALTER TABLE public.queued_payments OWNER TO "ojs-ci";

--
-- Name: queued_payments_queued_payment_id_seq; Type: SEQUENCE; Schema: public; Owner: ojs-ci
--

CREATE SEQUENCE public.queued_payments_queued_payment_id_seq
    START WITH 1
    INCREMENT BY 1
    NO MINVALUE
    NO MAXVALUE
    CACHE 1;


ALTER TABLE public.queued_payments_queued_payment_id_seq OWNER TO "ojs-ci";

--
-- Name: queued_payments_queued_payment_id_seq; Type: SEQUENCE OWNED BY; Schema: public; Owner: ojs-ci
--

ALTER SEQUENCE public.queued_payments_queued_payment_id_seq OWNED BY public.queued_payments.queued_payment_id;


--
-- Name: review_assignments; Type: TABLE; Schema: public; Owner: ojs-ci
--

CREATE TABLE public.review_assignments (
    review_id bigint NOT NULL,
    submission_id bigint NOT NULL,
    reviewer_id bigint NOT NULL,
    competing_interests text,
    recommendation smallint,
    date_assigned timestamp(0) without time zone,
    date_notified timestamp(0) without time zone,
    date_confirmed timestamp(0) without time zone,
    date_completed timestamp(0) without time zone,
    date_acknowledged timestamp(0) without time zone,
    date_due timestamp(0) without time zone,
    date_response_due timestamp(0) without time zone,
    last_modified timestamp(0) without time zone,
    reminder_was_automatic smallint DEFAULT '0'::smallint NOT NULL,
    declined smallint DEFAULT '0'::smallint NOT NULL,
    cancelled smallint DEFAULT '0'::smallint NOT NULL,
    reviewer_file_id bigint,
    date_rated timestamp(0) without time zone,
    date_reminded timestamp(0) without time zone,
    quality smallint,
    review_round_id bigint NOT NULL,
    stage_id smallint NOT NULL,
    review_method smallint DEFAULT '1'::smallint NOT NULL,
    round smallint DEFAULT '1'::smallint NOT NULL,
    step smallint DEFAULT '1'::smallint NOT NULL,
    review_form_id bigint,
    unconsidered smallint
);


ALTER TABLE public.review_assignments OWNER TO "ojs-ci";

--
-- Name: review_assignments_review_id_seq; Type: SEQUENCE; Schema: public; Owner: ojs-ci
--

CREATE SEQUENCE public.review_assignments_review_id_seq
    START WITH 1
    INCREMENT BY 1
    NO MINVALUE
    NO MAXVALUE
    CACHE 1;


ALTER TABLE public.review_assignments_review_id_seq OWNER TO "ojs-ci";

--
-- Name: review_assignments_review_id_seq; Type: SEQUENCE OWNED BY; Schema: public; Owner: ojs-ci
--

ALTER SEQUENCE public.review_assignments_review_id_seq OWNED BY public.review_assignments.review_id;


--
-- Name: review_files; Type: TABLE; Schema: public; Owner: ojs-ci
--

CREATE TABLE public.review_files (
    review_id bigint NOT NULL,
    submission_file_id bigint NOT NULL
);


ALTER TABLE public.review_files OWNER TO "ojs-ci";

--
-- Name: review_form_element_settings; Type: TABLE; Schema: public; Owner: ojs-ci
--

CREATE TABLE public.review_form_element_settings (
    review_form_element_id bigint NOT NULL,
    locale character varying(14) DEFAULT ''::character varying NOT NULL,
    setting_name character varying(255) NOT NULL,
    setting_value text,
    setting_type character varying(6) NOT NULL
);


ALTER TABLE public.review_form_element_settings OWNER TO "ojs-ci";

--
-- Name: review_form_elements; Type: TABLE; Schema: public; Owner: ojs-ci
--

CREATE TABLE public.review_form_elements (
    review_form_element_id bigint NOT NULL,
    review_form_id bigint NOT NULL,
    seq double precision,
    element_type bigint,
    required smallint,
    included smallint
);


ALTER TABLE public.review_form_elements OWNER TO "ojs-ci";

--
-- Name: review_form_elements_review_form_element_id_seq; Type: SEQUENCE; Schema: public; Owner: ojs-ci
--

CREATE SEQUENCE public.review_form_elements_review_form_element_id_seq
    START WITH 1
    INCREMENT BY 1
    NO MINVALUE
    NO MAXVALUE
    CACHE 1;


ALTER TABLE public.review_form_elements_review_form_element_id_seq OWNER TO "ojs-ci";

--
-- Name: review_form_elements_review_form_element_id_seq; Type: SEQUENCE OWNED BY; Schema: public; Owner: ojs-ci
--

ALTER SEQUENCE public.review_form_elements_review_form_element_id_seq OWNED BY public.review_form_elements.review_form_element_id;


--
-- Name: review_form_responses; Type: TABLE; Schema: public; Owner: ojs-ci
--

CREATE TABLE public.review_form_responses (
    review_form_element_id bigint NOT NULL,
    review_id bigint NOT NULL,
    response_type character varying(6),
    response_value text
);


ALTER TABLE public.review_form_responses OWNER TO "ojs-ci";

--
-- Name: review_form_settings; Type: TABLE; Schema: public; Owner: ojs-ci
--

CREATE TABLE public.review_form_settings (
    review_form_id bigint NOT NULL,
    locale character varying(14) DEFAULT ''::character varying NOT NULL,
    setting_name character varying(255) NOT NULL,
    setting_value text,
    setting_type character varying(6) NOT NULL
);


ALTER TABLE public.review_form_settings OWNER TO "ojs-ci";

--
-- Name: review_forms; Type: TABLE; Schema: public; Owner: ojs-ci
--

CREATE TABLE public.review_forms (
    review_form_id bigint NOT NULL,
    assoc_type bigint NOT NULL,
    assoc_id bigint NOT NULL,
    seq double precision,
    is_active smallint
);


ALTER TABLE public.review_forms OWNER TO "ojs-ci";

--
-- Name: review_forms_review_form_id_seq; Type: SEQUENCE; Schema: public; Owner: ojs-ci
--

CREATE SEQUENCE public.review_forms_review_form_id_seq
    START WITH 1
    INCREMENT BY 1
    NO MINVALUE
    NO MAXVALUE
    CACHE 1;


ALTER TABLE public.review_forms_review_form_id_seq OWNER TO "ojs-ci";

--
-- Name: review_forms_review_form_id_seq; Type: SEQUENCE OWNED BY; Schema: public; Owner: ojs-ci
--

ALTER SEQUENCE public.review_forms_review_form_id_seq OWNED BY public.review_forms.review_form_id;


--
-- Name: review_round_files; Type: TABLE; Schema: public; Owner: ojs-ci
--

CREATE TABLE public.review_round_files (
    submission_id bigint NOT NULL,
    review_round_id bigint NOT NULL,
    stage_id smallint NOT NULL,
    submission_file_id bigint NOT NULL
);


ALTER TABLE public.review_round_files OWNER TO "ojs-ci";

--
-- Name: review_rounds; Type: TABLE; Schema: public; Owner: ojs-ci
--

CREATE TABLE public.review_rounds (
    review_round_id bigint NOT NULL,
    submission_id bigint NOT NULL,
    stage_id bigint,
    round smallint NOT NULL,
    review_revision bigint,
    status bigint
);


ALTER TABLE public.review_rounds OWNER TO "ojs-ci";

--
-- Name: review_rounds_review_round_id_seq; Type: SEQUENCE; Schema: public; Owner: ojs-ci
--

CREATE SEQUENCE public.review_rounds_review_round_id_seq
    START WITH 1
    INCREMENT BY 1
    NO MINVALUE
    NO MAXVALUE
    CACHE 1;


ALTER TABLE public.review_rounds_review_round_id_seq OWNER TO "ojs-ci";

--
-- Name: review_rounds_review_round_id_seq; Type: SEQUENCE OWNED BY; Schema: public; Owner: ojs-ci
--

ALTER SEQUENCE public.review_rounds_review_round_id_seq OWNED BY public.review_rounds.review_round_id;


--
-- Name: scheduled_tasks; Type: TABLE; Schema: public; Owner: ojs-ci
--

CREATE TABLE public.scheduled_tasks (
    class_name character varying(255) NOT NULL,
    last_run timestamp(0) without time zone
);


ALTER TABLE public.scheduled_tasks OWNER TO "ojs-ci";

--
-- Name: section_settings; Type: TABLE; Schema: public; Owner: ojs-ci
--

CREATE TABLE public.section_settings (
    section_id bigint NOT NULL,
    locale character varying(14) DEFAULT ''::character varying NOT NULL,
    setting_name character varying(255) NOT NULL,
    setting_value text,
    setting_type character varying(6) NOT NULL
);


ALTER TABLE public.section_settings OWNER TO "ojs-ci";

--
-- Name: COLUMN section_settings.setting_type; Type: COMMENT; Schema: public; Owner: ojs-ci
--

COMMENT ON COLUMN public.section_settings.setting_type IS '(bool|int|float|string|object)';


--
-- Name: sections; Type: TABLE; Schema: public; Owner: ojs-ci
--

CREATE TABLE public.sections (
    section_id bigint NOT NULL,
    journal_id bigint NOT NULL,
    review_form_id bigint,
    seq double precision DEFAULT '0'::double precision NOT NULL,
    editor_restricted smallint DEFAULT '0'::smallint NOT NULL,
    meta_indexed smallint DEFAULT '0'::smallint NOT NULL,
    meta_reviewed smallint DEFAULT '1'::smallint NOT NULL,
    abstracts_not_required smallint DEFAULT '0'::smallint NOT NULL,
    hide_title smallint DEFAULT '0'::smallint NOT NULL,
    hide_author smallint DEFAULT '0'::smallint NOT NULL,
    is_inactive smallint DEFAULT '0'::smallint NOT NULL,
    abstract_word_count bigint
);


ALTER TABLE public.sections OWNER TO "ojs-ci";

--
-- Name: sections_section_id_seq; Type: SEQUENCE; Schema: public; Owner: ojs-ci
--

CREATE SEQUENCE public.sections_section_id_seq
    START WITH 1
    INCREMENT BY 1
    NO MINVALUE
    NO MAXVALUE
    CACHE 1;


ALTER TABLE public.sections_section_id_seq OWNER TO "ojs-ci";

--
-- Name: sections_section_id_seq; Type: SEQUENCE OWNED BY; Schema: public; Owner: ojs-ci
--

ALTER SEQUENCE public.sections_section_id_seq OWNED BY public.sections.section_id;


--
-- Name: sessions; Type: TABLE; Schema: public; Owner: ojs-ci
--

CREATE TABLE public.sessions (
    session_id character varying(128) NOT NULL,
    user_id bigint,
    ip_address character varying(39) NOT NULL,
    user_agent character varying(255),
    created bigint DEFAULT '0'::bigint NOT NULL,
    last_used bigint DEFAULT '0'::bigint NOT NULL,
    remember smallint DEFAULT '0'::smallint NOT NULL,
    data text NOT NULL,
    domain character varying(255)
);


ALTER TABLE public.sessions OWNER TO "ojs-ci";

--
-- Name: site; Type: TABLE; Schema: public; Owner: ojs-ci
--

CREATE TABLE public.site (
    redirect bigint DEFAULT '0'::bigint NOT NULL,
    primary_locale character varying(14) NOT NULL,
    min_password_length smallint DEFAULT '6'::smallint NOT NULL,
    installed_locales character varying(1024) DEFAULT 'en_US'::character varying NOT NULL,
    supported_locales character varying(1024),
    original_style_file_name character varying(255)
);


ALTER TABLE public.site OWNER TO "ojs-ci";

--
-- Name: COLUMN site.redirect; Type: COMMENT; Schema: public; Owner: ojs-ci
--

COMMENT ON COLUMN public.site.redirect IS 'If not 0, redirect to the specified journal/conference/... site.';


--
-- Name: COLUMN site.primary_locale; Type: COMMENT; Schema: public; Owner: ojs-ci
--

COMMENT ON COLUMN public.site.primary_locale IS 'Primary locale for the site.';


--
-- Name: COLUMN site.installed_locales; Type: COMMENT; Schema: public; Owner: ojs-ci
--

COMMENT ON COLUMN public.site.installed_locales IS 'Locales for which support has been installed.';


--
-- Name: COLUMN site.supported_locales; Type: COMMENT; Schema: public; Owner: ojs-ci
--

COMMENT ON COLUMN public.site.supported_locales IS 'Locales supported by the site (for hosted journals/conferences/...).';


--
-- Name: site_settings; Type: TABLE; Schema: public; Owner: ojs-ci
--

CREATE TABLE public.site_settings (
    setting_name character varying(255) NOT NULL,
    locale character varying(14) DEFAULT ''::character varying NOT NULL,
    setting_value text
);


ALTER TABLE public.site_settings OWNER TO "ojs-ci";

--
-- Name: stage_assignments; Type: TABLE; Schema: public; Owner: ojs-ci
--

CREATE TABLE public.stage_assignments (
    stage_assignment_id bigint NOT NULL,
    submission_id bigint NOT NULL,
    user_group_id bigint NOT NULL,
    user_id bigint NOT NULL,
    date_assigned timestamp(0) without time zone NOT NULL,
    recommend_only smallint DEFAULT '0'::smallint NOT NULL,
    can_change_metadata smallint DEFAULT '0'::smallint NOT NULL
);


ALTER TABLE public.stage_assignments OWNER TO "ojs-ci";

--
-- Name: stage_assignments_stage_assignment_id_seq; Type: SEQUENCE; Schema: public; Owner: ojs-ci
--

CREATE SEQUENCE public.stage_assignments_stage_assignment_id_seq
    START WITH 1
    INCREMENT BY 1
    NO MINVALUE
    NO MAXVALUE
    CACHE 1;


ALTER TABLE public.stage_assignments_stage_assignment_id_seq OWNER TO "ojs-ci";

--
-- Name: stage_assignments_stage_assignment_id_seq; Type: SEQUENCE OWNED BY; Schema: public; Owner: ojs-ci
--

ALTER SEQUENCE public.stage_assignments_stage_assignment_id_seq OWNED BY public.stage_assignments.stage_assignment_id;


--
-- Name: static_page_settings; Type: TABLE; Schema: public; Owner: ojs-ci
--

CREATE TABLE public.static_page_settings (
    static_page_id bigint NOT NULL,
    locale character varying(14) DEFAULT ''::character varying NOT NULL,
    setting_name character varying(255) NOT NULL,
    setting_value text,
    setting_type character varying(6) NOT NULL
);


ALTER TABLE public.static_page_settings OWNER TO "ojs-ci";

--
-- Name: COLUMN static_page_settings.setting_type; Type: COMMENT; Schema: public; Owner: ojs-ci
--

COMMENT ON COLUMN public.static_page_settings.setting_type IS '(bool|int|float|string|object)';


--
-- Name: static_pages; Type: TABLE; Schema: public; Owner: ojs-ci
--

CREATE TABLE public.static_pages (
    static_page_id bigint NOT NULL,
    path character varying(255) NOT NULL,
    context_id bigint NOT NULL
);


ALTER TABLE public.static_pages OWNER TO "ojs-ci";

--
-- Name: static_pages_static_page_id_seq; Type: SEQUENCE; Schema: public; Owner: ojs-ci
--

CREATE SEQUENCE public.static_pages_static_page_id_seq
    START WITH 1
    INCREMENT BY 1
    NO MINVALUE
    NO MAXVALUE
    CACHE 1;


ALTER TABLE public.static_pages_static_page_id_seq OWNER TO "ojs-ci";

--
-- Name: static_pages_static_page_id_seq; Type: SEQUENCE OWNED BY; Schema: public; Owner: ojs-ci
--

ALTER SEQUENCE public.static_pages_static_page_id_seq OWNED BY public.static_pages.static_page_id;


--
-- Name: subeditor_submission_group; Type: TABLE; Schema: public; Owner: ojs-ci
--

CREATE TABLE public.subeditor_submission_group (
    context_id bigint NOT NULL,
    assoc_id bigint NOT NULL,
    assoc_type bigint NOT NULL,
    user_id bigint NOT NULL
);


ALTER TABLE public.subeditor_submission_group OWNER TO "ojs-ci";

--
-- Name: submission_comments; Type: TABLE; Schema: public; Owner: ojs-ci
--

CREATE TABLE public.submission_comments (
    comment_id bigint NOT NULL,
    comment_type bigint,
    role_id bigint NOT NULL,
    submission_id bigint NOT NULL,
    assoc_id bigint NOT NULL,
    author_id bigint NOT NULL,
    comment_title text NOT NULL,
    comments text,
    date_posted timestamp(0) without time zone,
    date_modified timestamp(0) without time zone,
    viewable smallint
);


ALTER TABLE public.submission_comments OWNER TO "ojs-ci";

--
-- Name: submission_comments_comment_id_seq; Type: SEQUENCE; Schema: public; Owner: ojs-ci
--

CREATE SEQUENCE public.submission_comments_comment_id_seq
    START WITH 1
    INCREMENT BY 1
    NO MINVALUE
    NO MAXVALUE
    CACHE 1;


ALTER TABLE public.submission_comments_comment_id_seq OWNER TO "ojs-ci";

--
-- Name: submission_comments_comment_id_seq; Type: SEQUENCE OWNED BY; Schema: public; Owner: ojs-ci
--

ALTER SEQUENCE public.submission_comments_comment_id_seq OWNED BY public.submission_comments.comment_id;


--
-- Name: submission_file_revisions; Type: TABLE; Schema: public; Owner: ojs-ci
--

CREATE TABLE public.submission_file_revisions (
    revision_id bigint NOT NULL,
    submission_file_id bigint NOT NULL,
    file_id bigint NOT NULL
);


ALTER TABLE public.submission_file_revisions OWNER TO "ojs-ci";

--
-- Name: submission_file_revisions_revision_id_seq; Type: SEQUENCE; Schema: public; Owner: ojs-ci
--

CREATE SEQUENCE public.submission_file_revisions_revision_id_seq
    START WITH 1
    INCREMENT BY 1
    NO MINVALUE
    NO MAXVALUE
    CACHE 1;


ALTER TABLE public.submission_file_revisions_revision_id_seq OWNER TO "ojs-ci";

--
-- Name: submission_file_revisions_revision_id_seq; Type: SEQUENCE OWNED BY; Schema: public; Owner: ojs-ci
--

ALTER SEQUENCE public.submission_file_revisions_revision_id_seq OWNED BY public.submission_file_revisions.revision_id;


--
-- Name: submission_file_settings; Type: TABLE; Schema: public; Owner: ojs-ci
--

CREATE TABLE public.submission_file_settings (
    submission_file_id bigint NOT NULL,
    locale character varying(14) DEFAULT ''::character varying NOT NULL,
    setting_name character varying(255) NOT NULL,
    setting_value text,
    setting_type character varying(6) DEFAULT 'string'::character varying NOT NULL
);


ALTER TABLE public.submission_file_settings OWNER TO "ojs-ci";

--
-- Name: COLUMN submission_file_settings.setting_type; Type: COMMENT; Schema: public; Owner: ojs-ci
--

COMMENT ON COLUMN public.submission_file_settings.setting_type IS '(bool|int|float|string|object|date)';


--
-- Name: submission_files; Type: TABLE; Schema: public; Owner: ojs-ci
--

CREATE TABLE public.submission_files (
    submission_file_id bigint NOT NULL,
    submission_id bigint NOT NULL,
    file_id bigint NOT NULL,
    source_submission_file_id bigint,
    genre_id bigint,
    file_stage bigint NOT NULL,
    direct_sales_price character varying(255),
    sales_type character varying(255),
    viewable smallint,
    created_at timestamp(0) without time zone NOT NULL,
    updated_at timestamp(0) without time zone NOT NULL,
    uploader_user_id bigint,
    assoc_type bigint,
    assoc_id bigint
);


ALTER TABLE public.submission_files OWNER TO "ojs-ci";

--
-- Name: submission_files_submission_file_id_seq; Type: SEQUENCE; Schema: public; Owner: ojs-ci
--

CREATE SEQUENCE public.submission_files_submission_file_id_seq
    START WITH 1
    INCREMENT BY 1
    NO MINVALUE
    NO MAXVALUE
    CACHE 1;


ALTER TABLE public.submission_files_submission_file_id_seq OWNER TO "ojs-ci";

--
-- Name: submission_files_submission_file_id_seq; Type: SEQUENCE OWNED BY; Schema: public; Owner: ojs-ci
--

ALTER SEQUENCE public.submission_files_submission_file_id_seq OWNED BY public.submission_files.submission_file_id;


--
-- Name: submission_search_keyword_list; Type: TABLE; Schema: public; Owner: ojs-ci
--

CREATE TABLE public.submission_search_keyword_list (
    keyword_id bigint NOT NULL,
    keyword_text character varying(60) NOT NULL
);


ALTER TABLE public.submission_search_keyword_list OWNER TO "ojs-ci";

--
-- Name: submission_search_keyword_list_keyword_id_seq; Type: SEQUENCE; Schema: public; Owner: ojs-ci
--

CREATE SEQUENCE public.submission_search_keyword_list_keyword_id_seq
    START WITH 1
    INCREMENT BY 1
    NO MINVALUE
    NO MAXVALUE
    CACHE 1;


ALTER TABLE public.submission_search_keyword_list_keyword_id_seq OWNER TO "ojs-ci";

--
-- Name: submission_search_keyword_list_keyword_id_seq; Type: SEQUENCE OWNED BY; Schema: public; Owner: ojs-ci
--

ALTER SEQUENCE public.submission_search_keyword_list_keyword_id_seq OWNED BY public.submission_search_keyword_list.keyword_id;


--
-- Name: submission_search_object_keywords; Type: TABLE; Schema: public; Owner: ojs-ci
--

CREATE TABLE public.submission_search_object_keywords (
    object_id bigint NOT NULL,
    keyword_id bigint NOT NULL,
    pos integer NOT NULL
);


ALTER TABLE public.submission_search_object_keywords OWNER TO "ojs-ci";

--
-- Name: COLUMN submission_search_object_keywords.pos; Type: COMMENT; Schema: public; Owner: ojs-ci
--

COMMENT ON COLUMN public.submission_search_object_keywords.pos IS 'Word position of the keyword in the object.';


--
-- Name: submission_search_objects; Type: TABLE; Schema: public; Owner: ojs-ci
--

CREATE TABLE public.submission_search_objects (
    object_id bigint NOT NULL,
    submission_id bigint NOT NULL,
    type integer NOT NULL,
    assoc_id bigint
);


ALTER TABLE public.submission_search_objects OWNER TO "ojs-ci";

--
-- Name: COLUMN submission_search_objects.type; Type: COMMENT; Schema: public; Owner: ojs-ci
--

COMMENT ON COLUMN public.submission_search_objects.type IS 'Type of item. E.g., abstract, fulltext, etc.';


--
-- Name: COLUMN submission_search_objects.assoc_id; Type: COMMENT; Schema: public; Owner: ojs-ci
--

COMMENT ON COLUMN public.submission_search_objects.assoc_id IS 'Optional ID of an associated record (e.g., a file_id)';


--
-- Name: submission_search_objects_object_id_seq; Type: SEQUENCE; Schema: public; Owner: ojs-ci
--

CREATE SEQUENCE public.submission_search_objects_object_id_seq
    START WITH 1
    INCREMENT BY 1
    NO MINVALUE
    NO MAXVALUE
    CACHE 1;


ALTER TABLE public.submission_search_objects_object_id_seq OWNER TO "ojs-ci";

--
-- Name: submission_search_objects_object_id_seq; Type: SEQUENCE OWNED BY; Schema: public; Owner: ojs-ci
--

ALTER SEQUENCE public.submission_search_objects_object_id_seq OWNED BY public.submission_search_objects.object_id;


--
-- Name: submission_settings; Type: TABLE; Schema: public; Owner: ojs-ci
--

CREATE TABLE public.submission_settings (
    submission_id bigint NOT NULL,
    locale character varying(14) DEFAULT ''::character varying NOT NULL,
    setting_name character varying(255) NOT NULL,
    setting_value text
);


ALTER TABLE public.submission_settings OWNER TO "ojs-ci";

--
-- Name: submissions; Type: TABLE; Schema: public; Owner: ojs-ci
--

CREATE TABLE public.submissions (
    submission_id bigint NOT NULL,
    context_id bigint NOT NULL,
    current_publication_id bigint,
    date_last_activity timestamp(0) without time zone,
    date_submitted timestamp(0) without time zone,
    last_modified timestamp(0) without time zone,
    stage_id bigint DEFAULT '1'::bigint NOT NULL,
    locale character varying(14),
    status smallint DEFAULT '1'::smallint NOT NULL,
    submission_progress smallint DEFAULT '1'::smallint NOT NULL,
    work_type smallint DEFAULT '0'::smallint
);


ALTER TABLE public.submissions OWNER TO "ojs-ci";

--
-- Name: submissions_submission_id_seq; Type: SEQUENCE; Schema: public; Owner: ojs-ci
--

CREATE SEQUENCE public.submissions_submission_id_seq
    START WITH 1
    INCREMENT BY 1
    NO MINVALUE
    NO MAXVALUE
    CACHE 1;


ALTER TABLE public.submissions_submission_id_seq OWNER TO "ojs-ci";

--
-- Name: submissions_submission_id_seq; Type: SEQUENCE OWNED BY; Schema: public; Owner: ojs-ci
--

ALTER SEQUENCE public.submissions_submission_id_seq OWNED BY public.submissions.submission_id;


--
-- Name: subscription_type_settings; Type: TABLE; Schema: public; Owner: ojs-ci
--

CREATE TABLE public.subscription_type_settings (
    type_id bigint NOT NULL,
    locale character varying(14) DEFAULT ''::character varying NOT NULL,
    setting_name character varying(255) NOT NULL,
    setting_value text,
    setting_type character varying(6) NOT NULL
);


ALTER TABLE public.subscription_type_settings OWNER TO "ojs-ci";

--
-- Name: subscription_types; Type: TABLE; Schema: public; Owner: ojs-ci
--

CREATE TABLE public.subscription_types (
    type_id bigint NOT NULL,
    journal_id bigint NOT NULL,
    cost double precision NOT NULL,
    currency_code_alpha character varying(3) NOT NULL,
    duration smallint,
    format smallint NOT NULL,
    institutional smallint DEFAULT '0'::smallint NOT NULL,
    membership smallint DEFAULT '0'::smallint NOT NULL,
    disable_public_display smallint NOT NULL,
    seq double precision NOT NULL
);


ALTER TABLE public.subscription_types OWNER TO "ojs-ci";

--
-- Name: subscription_types_type_id_seq; Type: SEQUENCE; Schema: public; Owner: ojs-ci
--

CREATE SEQUENCE public.subscription_types_type_id_seq
    START WITH 1
    INCREMENT BY 1
    NO MINVALUE
    NO MAXVALUE
    CACHE 1;


ALTER TABLE public.subscription_types_type_id_seq OWNER TO "ojs-ci";

--
-- Name: subscription_types_type_id_seq; Type: SEQUENCE OWNED BY; Schema: public; Owner: ojs-ci
--

ALTER SEQUENCE public.subscription_types_type_id_seq OWNED BY public.subscription_types.type_id;


--
-- Name: subscriptions; Type: TABLE; Schema: public; Owner: ojs-ci
--

CREATE TABLE public.subscriptions (
    subscription_id bigint NOT NULL,
    journal_id bigint NOT NULL,
    user_id bigint NOT NULL,
    type_id bigint NOT NULL,
    date_start date,
    date_end timestamp(0) without time zone,
    status smallint DEFAULT '1'::smallint NOT NULL,
    membership character varying(40),
    reference_number character varying(40),
    notes text
);


ALTER TABLE public.subscriptions OWNER TO "ojs-ci";

--
-- Name: subscriptions_subscription_id_seq; Type: SEQUENCE; Schema: public; Owner: ojs-ci
--

CREATE SEQUENCE public.subscriptions_subscription_id_seq
    START WITH 1
    INCREMENT BY 1
    NO MINVALUE
    NO MAXVALUE
    CACHE 1;


ALTER TABLE public.subscriptions_subscription_id_seq OWNER TO "ojs-ci";

--
-- Name: subscriptions_subscription_id_seq; Type: SEQUENCE OWNED BY; Schema: public; Owner: ojs-ci
--

ALTER SEQUENCE public.subscriptions_subscription_id_seq OWNED BY public.subscriptions.subscription_id;


--
-- Name: temporary_files; Type: TABLE; Schema: public; Owner: ojs-ci
--

CREATE TABLE public.temporary_files (
    file_id bigint NOT NULL,
    user_id bigint NOT NULL,
    file_name character varying(90) NOT NULL,
    file_type character varying(255),
    file_size bigint NOT NULL,
    original_file_name character varying(127),
    date_uploaded timestamp(0) without time zone NOT NULL
);


ALTER TABLE public.temporary_files OWNER TO "ojs-ci";

--
-- Name: temporary_files_file_id_seq; Type: SEQUENCE; Schema: public; Owner: ojs-ci
--

CREATE SEQUENCE public.temporary_files_file_id_seq
    START WITH 1
    INCREMENT BY 1
    NO MINVALUE
    NO MAXVALUE
    CACHE 1;


ALTER TABLE public.temporary_files_file_id_seq OWNER TO "ojs-ci";

--
-- Name: temporary_files_file_id_seq; Type: SEQUENCE OWNED BY; Schema: public; Owner: ojs-ci
--

ALTER SEQUENCE public.temporary_files_file_id_seq OWNED BY public.temporary_files.file_id;


--
-- Name: usage_stats_institution_temporary_records; Type: TABLE; Schema: public; Owner: ojs-ci
--

CREATE TABLE public.usage_stats_institution_temporary_records (
    load_id character varying(255) NOT NULL,
    line_number bigint NOT NULL,
    institution_id bigint NOT NULL
);


ALTER TABLE public.usage_stats_institution_temporary_records OWNER TO "ojs-ci";

--
-- Name: usage_stats_total_temporary_records; Type: TABLE; Schema: public; Owner: ojs-ci
--

CREATE TABLE public.usage_stats_total_temporary_records (
    date timestamp(0) without time zone NOT NULL,
    ip character varying(255) NOT NULL,
    user_agent character varying(255) NOT NULL,
    line_number bigint NOT NULL,
    canonical_url character varying(255) NOT NULL,
    issue_id bigint,
    issue_galley_id bigint,
    context_id bigint NOT NULL,
    submission_id bigint,
    representation_id bigint,
    submission_file_id bigint,
    assoc_type bigint NOT NULL,
    file_type smallint,
    country character varying(2) DEFAULT ''::character varying NOT NULL,
    region character varying(3) DEFAULT ''::character varying NOT NULL,
    city character varying(255) DEFAULT ''::character varying NOT NULL,
    load_id character varying(255) NOT NULL
);


ALTER TABLE public.usage_stats_total_temporary_records OWNER TO "ojs-ci";

--
-- Name: usage_stats_unique_item_investigations_temporary_records; Type: TABLE; Schema: public; Owner: ojs-ci
--

CREATE TABLE public.usage_stats_unique_item_investigations_temporary_records (
    date timestamp(0) without time zone NOT NULL,
    ip character varying(255) NOT NULL,
    user_agent character varying(255) NOT NULL,
    line_number bigint NOT NULL,
    context_id bigint NOT NULL,
    submission_id bigint NOT NULL,
    representation_id bigint,
    submission_file_id bigint,
    assoc_type bigint NOT NULL,
    file_type smallint,
    country character varying(2) DEFAULT ''::character varying NOT NULL,
    region character varying(3) DEFAULT ''::character varying NOT NULL,
    city character varying(255) DEFAULT ''::character varying NOT NULL,
    load_id character varying(255) NOT NULL
);


ALTER TABLE public.usage_stats_unique_item_investigations_temporary_records OWNER TO "ojs-ci";

--
-- Name: usage_stats_unique_item_requests_temporary_records; Type: TABLE; Schema: public; Owner: ojs-ci
--

CREATE TABLE public.usage_stats_unique_item_requests_temporary_records (
    date timestamp(0) without time zone NOT NULL,
    ip character varying(255) NOT NULL,
    user_agent character varying(255) NOT NULL,
    line_number bigint NOT NULL,
    context_id bigint NOT NULL,
    submission_id bigint NOT NULL,
    representation_id bigint,
    submission_file_id bigint,
    assoc_type bigint NOT NULL,
    file_type smallint,
    country character varying(2) DEFAULT ''::character varying NOT NULL,
    region character varying(3) DEFAULT ''::character varying NOT NULL,
    city character varying(255) DEFAULT ''::character varying NOT NULL,
    load_id character varying(255) NOT NULL
);


ALTER TABLE public.usage_stats_unique_item_requests_temporary_records OWNER TO "ojs-ci";

--
-- Name: user_group_settings; Type: TABLE; Schema: public; Owner: ojs-ci
--

CREATE TABLE public.user_group_settings (
    user_group_id bigint NOT NULL,
    locale character varying(14) DEFAULT ''::character varying NOT NULL,
    setting_name character varying(255) NOT NULL,
    setting_value text,
    setting_type character varying(6) NOT NULL
);


ALTER TABLE public.user_group_settings OWNER TO "ojs-ci";

--
-- Name: COLUMN user_group_settings.setting_type; Type: COMMENT; Schema: public; Owner: ojs-ci
--

COMMENT ON COLUMN public.user_group_settings.setting_type IS '(bool|int|float|string|object)';


--
-- Name: user_group_stage; Type: TABLE; Schema: public; Owner: ojs-ci
--

CREATE TABLE public.user_group_stage (
    context_id bigint NOT NULL,
    user_group_id bigint NOT NULL,
    stage_id bigint NOT NULL
);


ALTER TABLE public.user_group_stage OWNER TO "ojs-ci";

--
-- Name: user_groups; Type: TABLE; Schema: public; Owner: ojs-ci
--

CREATE TABLE public.user_groups (
    user_group_id bigint NOT NULL,
    context_id bigint NOT NULL,
    role_id bigint NOT NULL,
    is_default smallint DEFAULT '0'::smallint NOT NULL,
    show_title smallint DEFAULT '1'::smallint NOT NULL,
    permit_self_registration smallint DEFAULT '0'::smallint NOT NULL,
    permit_metadata_edit smallint DEFAULT '0'::smallint NOT NULL
);


ALTER TABLE public.user_groups OWNER TO "ojs-ci";

--
-- Name: user_groups_user_group_id_seq; Type: SEQUENCE; Schema: public; Owner: ojs-ci
--

CREATE SEQUENCE public.user_groups_user_group_id_seq
    START WITH 1
    INCREMENT BY 1
    NO MINVALUE
    NO MAXVALUE
    CACHE 1;


ALTER TABLE public.user_groups_user_group_id_seq OWNER TO "ojs-ci";

--
-- Name: user_groups_user_group_id_seq; Type: SEQUENCE OWNED BY; Schema: public; Owner: ojs-ci
--

ALTER SEQUENCE public.user_groups_user_group_id_seq OWNED BY public.user_groups.user_group_id;


--
-- Name: user_interests; Type: TABLE; Schema: public; Owner: ojs-ci
--

CREATE TABLE public.user_interests (
    user_id bigint NOT NULL,
    controlled_vocab_entry_id bigint NOT NULL
);


ALTER TABLE public.user_interests OWNER TO "ojs-ci";

--
-- Name: user_settings; Type: TABLE; Schema: public; Owner: ojs-ci
--

CREATE TABLE public.user_settings (
    user_id bigint NOT NULL,
    locale character varying(14) DEFAULT ''::character varying NOT NULL,
    setting_name character varying(255) NOT NULL,
    setting_value text
);


ALTER TABLE public.user_settings OWNER TO "ojs-ci";

--
-- Name: user_user_groups; Type: TABLE; Schema: public; Owner: ojs-ci
--

CREATE TABLE public.user_user_groups (
    user_group_id bigint NOT NULL,
    user_id bigint NOT NULL
);


ALTER TABLE public.user_user_groups OWNER TO "ojs-ci";

--
-- Name: users; Type: TABLE; Schema: public; Owner: ojs-ci
--

CREATE TABLE public.users (
    user_id bigint NOT NULL,
    username character varying(32) NOT NULL,
    password character varying(255) NOT NULL,
    email character varying(255) NOT NULL,
    url character varying(2047),
    phone character varying(32),
    mailing_address character varying(255),
    billing_address character varying(255),
    country character varying(90),
    locales character varying(255) DEFAULT '[]'::character varying NOT NULL,
    gossip text,
    date_last_email timestamp(0) without time zone,
    date_registered timestamp(0) without time zone NOT NULL,
    date_validated timestamp(0) without time zone,
    date_last_login timestamp(0) without time zone,
    must_change_password smallint,
    auth_id bigint,
    auth_str character varying(255),
    disabled smallint DEFAULT '0'::smallint NOT NULL,
    disabled_reason text,
    inline_help smallint
);


ALTER TABLE public.users OWNER TO "ojs-ci";

--
-- Name: users_user_id_seq; Type: SEQUENCE; Schema: public; Owner: ojs-ci
--

CREATE SEQUENCE public.users_user_id_seq
    START WITH 1
    INCREMENT BY 1
    NO MINVALUE
    NO MAXVALUE
    CACHE 1;


ALTER TABLE public.users_user_id_seq OWNER TO "ojs-ci";

--
-- Name: users_user_id_seq; Type: SEQUENCE OWNED BY; Schema: public; Owner: ojs-ci
--

ALTER SEQUENCE public.users_user_id_seq OWNED BY public.users.user_id;


--
-- Name: versions; Type: TABLE; Schema: public; Owner: ojs-ci
--

CREATE TABLE public.versions (
    major integer DEFAULT 0 NOT NULL,
    minor integer DEFAULT 0 NOT NULL,
    revision integer DEFAULT 0 NOT NULL,
    build integer DEFAULT 0 NOT NULL,
    date_installed timestamp(0) without time zone NOT NULL,
    current smallint DEFAULT '0'::smallint NOT NULL,
    product_type character varying(30),
    product character varying(30),
    product_class_name character varying(80),
    lazy_load smallint DEFAULT '0'::smallint NOT NULL,
    sitewide smallint DEFAULT '0'::smallint NOT NULL
);


ALTER TABLE public.versions OWNER TO "ojs-ci";

--
-- Name: COLUMN versions.major; Type: COMMENT; Schema: public; Owner: ojs-ci
--

COMMENT ON COLUMN public.versions.major IS 'Major component of version number, e.g. the 2 in OJS 2.3.8-0';


--
-- Name: COLUMN versions.minor; Type: COMMENT; Schema: public; Owner: ojs-ci
--

COMMENT ON COLUMN public.versions.minor IS 'Minor component of version number, e.g. the 3 in OJS 2.3.8-0';


--
-- Name: COLUMN versions.revision; Type: COMMENT; Schema: public; Owner: ojs-ci
--

COMMENT ON COLUMN public.versions.revision IS 'Revision component of version number, e.g. the 8 in OJS 2.3.8-0';


--
-- Name: COLUMN versions.build; Type: COMMENT; Schema: public; Owner: ojs-ci
--

COMMENT ON COLUMN public.versions.build IS 'Build component of version number, e.g. the 0 in OJS 2.3.8-0';


--
-- Name: COLUMN versions.current; Type: COMMENT; Schema: public; Owner: ojs-ci
--

COMMENT ON COLUMN public.versions.current IS '1 iff the version entry being described is currently active. This permits the table to store past installation history for forensic purposes.';


--
-- Name: COLUMN versions.product_type; Type: COMMENT; Schema: public; Owner: ojs-ci
--

COMMENT ON COLUMN public.versions.product_type IS 'Describes the type of product this row describes, e.g. "plugins.generic" (for a generic plugin) or "core" for the application itelf';


--
-- Name: COLUMN versions.product; Type: COMMENT; Schema: public; Owner: ojs-ci
--

COMMENT ON COLUMN public.versions.product IS 'Uniquely identifies the product this version row describes, e.g. "ojs2" for OJS 2.x, "languageToggle" for the language toggle block plugin, etc.';


--
-- Name: COLUMN versions.product_class_name; Type: COMMENT; Schema: public; Owner: ojs-ci
--

COMMENT ON COLUMN public.versions.product_class_name IS 'Specifies the class name associated with this product, for plugins, or the empty string where not applicable.';


--
-- Name: COLUMN versions.lazy_load; Type: COMMENT; Schema: public; Owner: ojs-ci
--

COMMENT ON COLUMN public.versions.lazy_load IS '1 iff the row describes a lazy-load plugin; 0 otherwise';


--
-- Name: COLUMN versions.sitewide; Type: COMMENT; Schema: public; Owner: ojs-ci
--

COMMENT ON COLUMN public.versions.sitewide IS '1 iff the row describes a site-wide plugin; 0 otherwise';


--
-- Name: access_key_id; Type: DEFAULT; Schema: public; Owner: ojs-ci
--

ALTER TABLE ONLY public.access_keys ALTER COLUMN access_key_id SET DEFAULT nextval('public.access_keys_access_key_id_seq'::regclass);


--
-- Name: type_id; Type: DEFAULT; Schema: public; Owner: ojs-ci
--

ALTER TABLE ONLY public.announcement_types ALTER COLUMN type_id SET DEFAULT nextval('public.announcement_types_type_id_seq'::regclass);


--
-- Name: announcement_id; Type: DEFAULT; Schema: public; Owner: ojs-ci
--

ALTER TABLE ONLY public.announcements ALTER COLUMN announcement_id SET DEFAULT nextval('public.announcements_announcement_id_seq'::regclass);


--
-- Name: auth_id; Type: DEFAULT; Schema: public; Owner: ojs-ci
--

ALTER TABLE ONLY public.auth_sources ALTER COLUMN auth_id SET DEFAULT nextval('public.auth_sources_auth_id_seq'::regclass);


--
-- Name: author_id; Type: DEFAULT; Schema: public; Owner: ojs-ci
--

ALTER TABLE ONLY public.authors ALTER COLUMN author_id SET DEFAULT nextval('public.authors_author_id_seq'::regclass);


--
-- Name: category_id; Type: DEFAULT; Schema: public; Owner: ojs-ci
--

ALTER TABLE ONLY public.categories ALTER COLUMN category_id SET DEFAULT nextval('public.categories_category_id_seq'::regclass);


--
-- Name: citation_id; Type: DEFAULT; Schema: public; Owner: ojs-ci
--

ALTER TABLE ONLY public.citations ALTER COLUMN citation_id SET DEFAULT nextval('public.citations_citation_id_seq'::regclass);


--
-- Name: completed_payment_id; Type: DEFAULT; Schema: public; Owner: ojs-ci
--

ALTER TABLE ONLY public.completed_payments ALTER COLUMN completed_payment_id SET DEFAULT nextval('public.completed_payments_completed_payment_id_seq'::regclass);


--
-- Name: controlled_vocab_entry_id; Type: DEFAULT; Schema: public; Owner: ojs-ci
--

ALTER TABLE ONLY public.controlled_vocab_entries ALTER COLUMN controlled_vocab_entry_id SET DEFAULT nextval('public.controlled_vocab_entries_controlled_vocab_entry_id_seq'::regclass);


--
-- Name: controlled_vocab_id; Type: DEFAULT; Schema: public; Owner: ojs-ci
--

ALTER TABLE ONLY public.controlled_vocabs ALTER COLUMN controlled_vocab_id SET DEFAULT nextval('public.controlled_vocabs_controlled_vocab_id_seq'::regclass);


--
-- Name: object_id; Type: DEFAULT; Schema: public; Owner: ojs-ci
--

ALTER TABLE ONLY public.data_object_tombstone_oai_set_objects ALTER COLUMN object_id SET DEFAULT nextval('public.data_object_tombstone_oai_set_objects_object_id_seq'::regclass);


--
-- Name: tombstone_id; Type: DEFAULT; Schema: public; Owner: ojs-ci
--

ALTER TABLE ONLY public.data_object_tombstones ALTER COLUMN tombstone_id SET DEFAULT nextval('public.data_object_tombstones_tombstone_id_seq'::regclass);


--
-- Name: doi_id; Type: DEFAULT; Schema: public; Owner: ojs-ci
--

ALTER TABLE ONLY public.dois ALTER COLUMN doi_id SET DEFAULT nextval('public.dois_doi_id_seq'::regclass);


--
-- Name: edit_decision_id; Type: DEFAULT; Schema: public; Owner: ojs-ci
--

ALTER TABLE ONLY public.edit_decisions ALTER COLUMN edit_decision_id SET DEFAULT nextval('public.edit_decisions_edit_decision_id_seq'::regclass);


--
-- Name: log_id; Type: DEFAULT; Schema: public; Owner: ojs-ci
--

ALTER TABLE ONLY public.email_log ALTER COLUMN log_id SET DEFAULT nextval('public.email_log_log_id_seq'::regclass);


--
-- Name: email_id; Type: DEFAULT; Schema: public; Owner: ojs-ci
--

ALTER TABLE ONLY public.email_templates ALTER COLUMN email_id SET DEFAULT nextval('public.email_templates_email_id_seq'::regclass);


--
-- Name: email_id; Type: DEFAULT; Schema: public; Owner: ojs-ci
--

ALTER TABLE ONLY public.email_templates_default ALTER COLUMN email_id SET DEFAULT nextval('public.email_templates_default_email_id_seq'::regclass);


--
-- Name: log_id; Type: DEFAULT; Schema: public; Owner: ojs-ci
--

ALTER TABLE ONLY public.event_log ALTER COLUMN log_id SET DEFAULT nextval('public.event_log_log_id_seq'::regclass);


--
-- Name: id; Type: DEFAULT; Schema: public; Owner: ojs-ci
--

ALTER TABLE ONLY public.failed_jobs ALTER COLUMN id SET DEFAULT nextval('public.failed_jobs_id_seq'::regclass);


--
-- Name: file_id; Type: DEFAULT; Schema: public; Owner: ojs-ci
--

ALTER TABLE ONLY public.files ALTER COLUMN file_id SET DEFAULT nextval('public.files_file_id_seq'::regclass);


--
-- Name: filter_group_id; Type: DEFAULT; Schema: public; Owner: ojs-ci
--

ALTER TABLE ONLY public.filter_groups ALTER COLUMN filter_group_id SET DEFAULT nextval('public.filter_groups_filter_group_id_seq'::regclass);


--
-- Name: filter_id; Type: DEFAULT; Schema: public; Owner: ojs-ci
--

ALTER TABLE ONLY public.filters ALTER COLUMN filter_id SET DEFAULT nextval('public.filters_filter_id_seq'::regclass);


--
-- Name: genre_id; Type: DEFAULT; Schema: public; Owner: ojs-ci
--

ALTER TABLE ONLY public.genres ALTER COLUMN genre_id SET DEFAULT nextval('public.genres_genre_id_seq'::regclass);


--
-- Name: institution_ip_id; Type: DEFAULT; Schema: public; Owner: ojs-ci
--

ALTER TABLE ONLY public.institution_ip ALTER COLUMN institution_ip_id SET DEFAULT nextval('public.institution_ip_institution_ip_id_seq'::regclass);


--
-- Name: institutional_subscription_id; Type: DEFAULT; Schema: public; Owner: ojs-ci
--

ALTER TABLE ONLY public.institutional_subscriptions ALTER COLUMN institutional_subscription_id SET DEFAULT nextval('public.institutional_subscriptions_institutional_subscription_id_seq'::regclass);


--
-- Name: institution_id; Type: DEFAULT; Schema: public; Owner: ojs-ci
--

ALTER TABLE ONLY public.institutions ALTER COLUMN institution_id SET DEFAULT nextval('public.institutions_institution_id_seq'::regclass);


--
-- Name: file_id; Type: DEFAULT; Schema: public; Owner: ojs-ci
--

ALTER TABLE ONLY public.issue_files ALTER COLUMN file_id SET DEFAULT nextval('public.issue_files_file_id_seq'::regclass);


--
-- Name: galley_id; Type: DEFAULT; Schema: public; Owner: ojs-ci
--

ALTER TABLE ONLY public.issue_galleys ALTER COLUMN galley_id SET DEFAULT nextval('public.issue_galleys_galley_id_seq'::regclass);


--
-- Name: issue_id; Type: DEFAULT; Schema: public; Owner: ojs-ci
--

ALTER TABLE ONLY public.issues ALTER COLUMN issue_id SET DEFAULT nextval('public.issues_issue_id_seq'::regclass);


--
-- Name: id; Type: DEFAULT; Schema: public; Owner: ojs-ci
--

ALTER TABLE ONLY public.jobs ALTER COLUMN id SET DEFAULT nextval('public.jobs_id_seq'::regclass);


--
-- Name: journal_id; Type: DEFAULT; Schema: public; Owner: ojs-ci
--

ALTER TABLE ONLY public.journals ALTER COLUMN journal_id SET DEFAULT nextval('public.journals_journal_id_seq'::regclass);


--
-- Name: file_id; Type: DEFAULT; Schema: public; Owner: ojs-ci
--

ALTER TABLE ONLY public.library_files ALTER COLUMN file_id SET DEFAULT nextval('public.library_files_file_id_seq'::regclass);


--
-- Name: metadata_description_id; Type: DEFAULT; Schema: public; Owner: ojs-ci
--

ALTER TABLE ONLY public.metadata_descriptions ALTER COLUMN metadata_description_id SET DEFAULT nextval('public.metadata_descriptions_metadata_description_id_seq'::regclass);


--
-- Name: navigation_menu_item_assignment_id; Type: DEFAULT; Schema: public; Owner: ojs-ci
--

ALTER TABLE ONLY public.navigation_menu_item_assignments ALTER COLUMN navigation_menu_item_assignment_id SET DEFAULT nextval('public.navigation_menu_item_assignme_navigation_menu_item_assignme_seq'::regclass);


--
-- Name: navigation_menu_item_id; Type: DEFAULT; Schema: public; Owner: ojs-ci
--

ALTER TABLE ONLY public.navigation_menu_items ALTER COLUMN navigation_menu_item_id SET DEFAULT nextval('public.navigation_menu_items_navigation_menu_item_id_seq'::regclass);


--
-- Name: navigation_menu_id; Type: DEFAULT; Schema: public; Owner: ojs-ci
--

ALTER TABLE ONLY public.navigation_menus ALTER COLUMN navigation_menu_id SET DEFAULT nextval('public.navigation_menus_navigation_menu_id_seq'::regclass);


--
-- Name: note_id; Type: DEFAULT; Schema: public; Owner: ojs-ci
--

ALTER TABLE ONLY public.notes ALTER COLUMN note_id SET DEFAULT nextval('public.notes_note_id_seq'::regclass);


--
-- Name: notification_mail_list_id; Type: DEFAULT; Schema: public; Owner: ojs-ci
--

ALTER TABLE ONLY public.notification_mail_list ALTER COLUMN notification_mail_list_id SET DEFAULT nextval('public.notification_mail_list_notification_mail_list_id_seq'::regclass);


--
-- Name: setting_id; Type: DEFAULT; Schema: public; Owner: ojs-ci
--

ALTER TABLE ONLY public.notification_subscription_settings ALTER COLUMN setting_id SET DEFAULT nextval('public.notification_subscription_settings_setting_id_seq'::regclass);


--
-- Name: notification_id; Type: DEFAULT; Schema: public; Owner: ojs-ci
--

ALTER TABLE ONLY public.notifications ALTER COLUMN notification_id SET DEFAULT nextval('public.notifications_notification_id_seq'::regclass);


--
-- Name: galley_id; Type: DEFAULT; Schema: public; Owner: ojs-ci
--

ALTER TABLE ONLY public.publication_galleys ALTER COLUMN galley_id SET DEFAULT nextval('public.publication_galleys_galley_id_seq'::regclass);


--
-- Name: publication_id; Type: DEFAULT; Schema: public; Owner: ojs-ci
--

ALTER TABLE ONLY public.publications ALTER COLUMN publication_id SET DEFAULT nextval('public.publications_publication_id_seq'::regclass);


--
-- Name: query_id; Type: DEFAULT; Schema: public; Owner: ojs-ci
--

ALTER TABLE ONLY public.queries ALTER COLUMN query_id SET DEFAULT nextval('public.queries_query_id_seq'::regclass);


--
-- Name: queued_payment_id; Type: DEFAULT; Schema: public; Owner: ojs-ci
--

ALTER TABLE ONLY public.queued_payments ALTER COLUMN queued_payment_id SET DEFAULT nextval('public.queued_payments_queued_payment_id_seq'::regclass);


--
-- Name: review_id; Type: DEFAULT; Schema: public; Owner: ojs-ci
--

ALTER TABLE ONLY public.review_assignments ALTER COLUMN review_id SET DEFAULT nextval('public.review_assignments_review_id_seq'::regclass);


--
-- Name: review_form_element_id; Type: DEFAULT; Schema: public; Owner: ojs-ci
--

ALTER TABLE ONLY public.review_form_elements ALTER COLUMN review_form_element_id SET DEFAULT nextval('public.review_form_elements_review_form_element_id_seq'::regclass);


--
-- Name: review_form_id; Type: DEFAULT; Schema: public; Owner: ojs-ci
--

ALTER TABLE ONLY public.review_forms ALTER COLUMN review_form_id SET DEFAULT nextval('public.review_forms_review_form_id_seq'::regclass);


--
-- Name: review_round_id; Type: DEFAULT; Schema: public; Owner: ojs-ci
--

ALTER TABLE ONLY public.review_rounds ALTER COLUMN review_round_id SET DEFAULT nextval('public.review_rounds_review_round_id_seq'::regclass);


--
-- Name: section_id; Type: DEFAULT; Schema: public; Owner: ojs-ci
--

ALTER TABLE ONLY public.sections ALTER COLUMN section_id SET DEFAULT nextval('public.sections_section_id_seq'::regclass);


--
-- Name: stage_assignment_id; Type: DEFAULT; Schema: public; Owner: ojs-ci
--

ALTER TABLE ONLY public.stage_assignments ALTER COLUMN stage_assignment_id SET DEFAULT nextval('public.stage_assignments_stage_assignment_id_seq'::regclass);


--
-- Name: static_page_id; Type: DEFAULT; Schema: public; Owner: ojs-ci
--

ALTER TABLE ONLY public.static_pages ALTER COLUMN static_page_id SET DEFAULT nextval('public.static_pages_static_page_id_seq'::regclass);


--
-- Name: comment_id; Type: DEFAULT; Schema: public; Owner: ojs-ci
--

ALTER TABLE ONLY public.submission_comments ALTER COLUMN comment_id SET DEFAULT nextval('public.submission_comments_comment_id_seq'::regclass);


--
-- Name: revision_id; Type: DEFAULT; Schema: public; Owner: ojs-ci
--

ALTER TABLE ONLY public.submission_file_revisions ALTER COLUMN revision_id SET DEFAULT nextval('public.submission_file_revisions_revision_id_seq'::regclass);


--
-- Name: submission_file_id; Type: DEFAULT; Schema: public; Owner: ojs-ci
--

ALTER TABLE ONLY public.submission_files ALTER COLUMN submission_file_id SET DEFAULT nextval('public.submission_files_submission_file_id_seq'::regclass);


--
-- Name: keyword_id; Type: DEFAULT; Schema: public; Owner: ojs-ci
--

ALTER TABLE ONLY public.submission_search_keyword_list ALTER COLUMN keyword_id SET DEFAULT nextval('public.submission_search_keyword_list_keyword_id_seq'::regclass);


--
-- Name: object_id; Type: DEFAULT; Schema: public; Owner: ojs-ci
--

ALTER TABLE ONLY public.submission_search_objects ALTER COLUMN object_id SET DEFAULT nextval('public.submission_search_objects_object_id_seq'::regclass);


--
-- Name: submission_id; Type: DEFAULT; Schema: public; Owner: ojs-ci
--

ALTER TABLE ONLY public.submissions ALTER COLUMN submission_id SET DEFAULT nextval('public.submissions_submission_id_seq'::regclass);


--
-- Name: type_id; Type: DEFAULT; Schema: public; Owner: ojs-ci
--

ALTER TABLE ONLY public.subscription_types ALTER COLUMN type_id SET DEFAULT nextval('public.subscription_types_type_id_seq'::regclass);


--
-- Name: subscription_id; Type: DEFAULT; Schema: public; Owner: ojs-ci
--

ALTER TABLE ONLY public.subscriptions ALTER COLUMN subscription_id SET DEFAULT nextval('public.subscriptions_subscription_id_seq'::regclass);


--
-- Name: file_id; Type: DEFAULT; Schema: public; Owner: ojs-ci
--

ALTER TABLE ONLY public.temporary_files ALTER COLUMN file_id SET DEFAULT nextval('public.temporary_files_file_id_seq'::regclass);


--
-- Name: user_group_id; Type: DEFAULT; Schema: public; Owner: ojs-ci
--

ALTER TABLE ONLY public.user_groups ALTER COLUMN user_group_id SET DEFAULT nextval('public.user_groups_user_group_id_seq'::regclass);


--
-- Name: user_id; Type: DEFAULT; Schema: public; Owner: ojs-ci
--

ALTER TABLE ONLY public.users ALTER COLUMN user_id SET DEFAULT nextval('public.users_user_id_seq'::regclass);


--
-- Data for Name: access_keys; Type: TABLE DATA; Schema: public; Owner: ojs-ci
--

COPY public.access_keys (access_key_id, context, key_hash, user_id, assoc_id, expiry_date) FROM stdin;
\.


--
-- Name: access_keys_access_key_id_seq; Type: SEQUENCE SET; Schema: public; Owner: ojs-ci
--

SELECT pg_catalog.setval('public.access_keys_access_key_id_seq', 1, false);


--
-- Data for Name: announcement_settings; Type: TABLE DATA; Schema: public; Owner: ojs-ci
--

COPY public.announcement_settings (announcement_id, locale, setting_name, setting_value, setting_type) FROM stdin;
\.


--
-- Data for Name: announcement_type_settings; Type: TABLE DATA; Schema: public; Owner: ojs-ci
--

COPY public.announcement_type_settings (type_id, locale, setting_name, setting_value, setting_type) FROM stdin;
\.


--
-- Data for Name: announcement_types; Type: TABLE DATA; Schema: public; Owner: ojs-ci
--

COPY public.announcement_types (type_id, context_id) FROM stdin;
\.


--
-- Name: announcement_types_type_id_seq; Type: SEQUENCE SET; Schema: public; Owner: ojs-ci
--

SELECT pg_catalog.setval('public.announcement_types_type_id_seq', 1, false);


--
-- Data for Name: announcements; Type: TABLE DATA; Schema: public; Owner: ojs-ci
--

COPY public.announcements (announcement_id, assoc_type, assoc_id, type_id, date_expire, date_posted) FROM stdin;
\.


--
-- Name: announcements_announcement_id_seq; Type: SEQUENCE SET; Schema: public; Owner: ojs-ci
--

SELECT pg_catalog.setval('public.announcements_announcement_id_seq', 1, false);


--
-- Data for Name: auth_sources; Type: TABLE DATA; Schema: public; Owner: ojs-ci
--

COPY public.auth_sources (auth_id, title, plugin, auth_default, settings) FROM stdin;
\.


--
-- Name: auth_sources_auth_id_seq; Type: SEQUENCE SET; Schema: public; Owner: ojs-ci
--

SELECT pg_catalog.setval('public.auth_sources_auth_id_seq', 1, false);


--
-- Data for Name: author_settings; Type: TABLE DATA; Schema: public; Owner: ojs-ci
--

COPY public.author_settings (author_id, locale, setting_name, setting_value) FROM stdin;
1	en_US	affiliation	University of Cape Town
1		country	ZA
1	en_US	familyName	Mwandenga
1	en_US	givenName	Alan
2	en_US	affiliation	\N
2	fr_CA	affiliation	\N
2	en_US	biography	\N
2	fr_CA	biography	\N
2		country	ZA
2	en_US	familyName	Ipsum
2	fr_CA	familyName	\N
2	en_US	givenName	Lorem
2	fr_CA	givenName	\N
2	en_US	preferredPublicName	\N
2	fr_CA	preferredPublicName	\N
4		country	ZA
4	en_US	familyName	Ipsum
4	en_US	givenName	Lorem
3	en_US	affiliation	University of Cape Town
3		country	ZA
3	en_US	familyName	Mwandenga Version 2
3	en_US	givenName	Alan
5	en_US	affiliation	University of Bologna
5		country	IT
5	en_US	familyName	Corino
5	en_US	givenName	Carlo
6	en_US	affiliation	University of Windsor
6		country	CA
6	en_US	familyName	Kwantes
6	en_US	givenName	Catherine
7	en_US	affiliation	University of Alberta
7		country	CA
7	en_US	familyName	Montgomerie
7	en_US	givenName	Craig
8	en_US	affiliation	University of Victoria
8	fr_CA	affiliation	
8	en_US	biography	
8	fr_CA	biography	
8		country	CA
8	en_US	familyName	Irvine
8	fr_CA	familyName	
8	en_US	givenName	Mark
8	fr_CA	givenName	
8		orcid	
8	en_US	preferredPublicName	
8	fr_CA	preferredPublicName	
8		url	
9	en_US	affiliation	Alexandria University
9		country	EG
9	en_US	familyName	Diouf
9	en_US	givenName	Diaga
10	en_US	affiliation	University of Toronto
10		country	CA
10	en_US	familyName	Phillips
10	en_US	givenName	Dana
11	en_US	affiliation	University College Cork
11		country	IE
11	en_US	familyName	Sokoloff
11	en_US	givenName	Domatilia
12	en_US	affiliation	Indiana University
12		country	US
12	en_US	familyName	Ostrom
12	en_US	givenName	Elinor
13	en_US	affiliation	Indiana University
13	fr_CA	affiliation	
13	en_US	biography	
13	fr_CA	biography	
13		country	US
13	en_US	familyName	van Laerhoven
13	fr_CA	familyName	
13	en_US	givenName	Frank
13	fr_CA	givenName	
13		orcid	
13	en_US	preferredPublicName	
13	fr_CA	preferredPublicName	
13		url	
14	en_US	affiliation	University of Rome
14		country	IT
14	en_US	familyName	Paglieri
14	en_US	givenName	Fabio
15	en_US	affiliation	Aalborg University
15		country	DK
15	en_US	familyName	Novak
15	en_US	givenName	John
16	en_US	affiliation	Stanford University
16		country	US
16	en_US	familyName	Al-Khafaji
16	en_US	givenName	Karim
17	en_US	affiliation	Stanford University
17	fr_CA	affiliation	
17	en_US	biography	
17	fr_CA	biography	
17		country	US
17	en_US	familyName	Morse
17	fr_CA	familyName	
17	en_US	givenName	Margaret
17	fr_CA	givenName	
17		orcid	
17	en_US	preferredPublicName	
17	fr_CA	preferredPublicName	
17		url	
18	en_US	affiliation	Australian National University
18		country	AU
18	en_US	familyName	Christopher
18	en_US	givenName	Leo
19	en_US	affiliation	University of Cape Town
19		country	ZA
19	en_US	familyName	Kumiega
19	en_US	givenName	Lise
20	en_US	affiliation	University of Wolverhampton
20		country	GB
20	en_US	familyName	Daniel
20	en_US	givenName	Patricia
21	en_US	affiliation	University of Nairobi
21		country	KE
21	en_US	familyName	Baiyewu
21	en_US	givenName	Rana
22	en_US	affiliation	Barcelona University
22		country	ES
22	en_US	familyName	Rossi
22	en_US	givenName	Rosanna
23	en_US	affiliation	University of Tehran
23		country	IR
23	en_US	familyName	Karbasizaed
23	en_US	givenName	Vajiheh
24	en_US	affiliation	University of Windsor
24		country	CA
24	en_US	familyName	Williamson
24	en_US	givenName	Valerie
25	en_US	affiliation	CUNY
25		country	US
25	en_US	familyName	Woods
25	en_US	givenName	Zita
\.


--
-- Data for Name: authors; Type: TABLE DATA; Schema: public; Owner: ojs-ci
--

COPY public.authors (author_id, email, include_in_browse, publication_id, seq, user_group_id) FROM stdin;
1	amwandenga@mailinator.com	1	1	0	14
2	lorem@mailinator.com	1	1	0	14
4	lorem@mailinator.com	1	2	0	14
3	amwandenga@mailinator.com	1	2	0	14
5	ccorino@mailinator.com	1	3	0	14
6	ckwantes@mailinator.com	1	4	0	14
7	cmontgomerie@mailinator.com	1	5	0	14
8	mirvine@mailinator.com	1	5	1	14
9	ddiouf@mailinator.com	1	6	0	14
10	dphillips@mailinator.com	1	7	0	14
11	dsokoloff@mailinator.com	1	8	0	14
12	eostrom@mailinator.com	1	9	0	14
13	fvanlaerhoven@mailinator.com	1	9	1	14
14	fpaglieri@mailinator.com	1	10	0	14
15	jnovak@mailinator.com	1	11	0	14
16	kalkhafaji@mailinator.com	1	12	0	14
17	mmorse@mailinator.com	1	12	1	14
18	lchristopher@mailinator.com	1	13	0	14
19	lkumiega@mailinator.com	1	14	0	14
20	pdaniel@mailinator.com	1	15	0	14
21	rbaiyewu@mailinator.com	1	16	0	14
22	rrossi@mailinator.com	1	17	0	14
23	vkarbasizaed@mailinator.com	1	18	0	14
24	vwilliamson@mailinator.com	1	19	0	14
25	zwoods@mailinator.com	1	20	0	14
\.


--
-- Name: authors_author_id_seq; Type: SEQUENCE SET; Schema: public; Owner: ojs-ci
--

SELECT pg_catalog.setval('public.authors_author_id_seq', 25, true);


--
-- Data for Name: categories; Type: TABLE DATA; Schema: public; Owner: ojs-ci
--

COPY public.categories (category_id, context_id, parent_id, seq, path, image) FROM stdin;
1	1	\N	2	applied-science	\N
2	1	1	3	comp-sci	\N
3	1	1	4	eng	\N
4	1	\N	5	social-sciences	\N
5	1	4	6	sociology	\N
6	1	4	10000	anthropology	\N
\.


--
-- Name: categories_category_id_seq; Type: SEQUENCE SET; Schema: public; Owner: ojs-ci
--

SELECT pg_catalog.setval('public.categories_category_id_seq', 6, true);


--
-- Data for Name: category_settings; Type: TABLE DATA; Schema: public; Owner: ojs-ci
--

COPY public.category_settings (category_id, locale, setting_name, setting_value) FROM stdin;
1		sortOption	title-ASC
1	en_US	title	Applied Science
1	fr_CA	title	
1	en_US	description	
1	fr_CA	description	
2		sortOption	title-ASC
2	en_US	title	Computer Science
2	fr_CA	title	
2	en_US	description	
2	fr_CA	description	
3		sortOption	title-ASC
3	en_US	title	Engineering
3	fr_CA	title	
3	en_US	description	
3	fr_CA	description	
4		sortOption	title-ASC
4	en_US	title	Social Sciences
4	fr_CA	title	
4	en_US	description	
4	fr_CA	description	
5		sortOption	title-ASC
5	en_US	title	Sociology
5	fr_CA	title	
5	en_US	description	
5	fr_CA	description	
6		sortOption	title-ASC
6	en_US	title	Anthropology
6	fr_CA	title	
6	en_US	description	
6	fr_CA	description	
\.


--
-- Data for Name: citation_settings; Type: TABLE DATA; Schema: public; Owner: ojs-ci
--

COPY public.citation_settings (citation_id, locale, setting_name, setting_value, setting_type) FROM stdin;
\.


--
-- Data for Name: citations; Type: TABLE DATA; Schema: public; Owner: ojs-ci
--

COPY public.citations (citation_id, publication_id, raw_citation, seq) FROM stdin;
\.


--
-- Name: citations_citation_id_seq; Type: SEQUENCE SET; Schema: public; Owner: ojs-ci
--

SELECT pg_catalog.setval('public.citations_citation_id_seq', 1, false);


--
-- Data for Name: completed_payments; Type: TABLE DATA; Schema: public; Owner: ojs-ci
--

COPY public.completed_payments (completed_payment_id, "timestamp", payment_type, context_id, user_id, assoc_id, amount, currency_code_alpha, payment_method_plugin_name) FROM stdin;
\.


--
-- Name: completed_payments_completed_payment_id_seq; Type: SEQUENCE SET; Schema: public; Owner: ojs-ci
--

SELECT pg_catalog.setval('public.completed_payments_completed_payment_id_seq', 1, false);


--
-- Data for Name: controlled_vocab_entries; Type: TABLE DATA; Schema: public; Owner: ojs-ci
--

COPY public.controlled_vocab_entries (controlled_vocab_entry_id, controlled_vocab_id, seq) FROM stdin;
15	2	1
16	2	2
29	7	1
30	7	2
33	12	1
34	12	2
35	12	3
36	12	4
37	17	1
38	17	2
39	22	1
40	22	2
41	22	3
42	22	4
43	22	5
44	22	6
45	22	7
46	37	1
47	37	2
48	42	1
49	42	2
50	42	3
51	52	1
52	57	1
53	57	2
54	57	3
55	57	4
56	62	1
57	62	2
58	67	1
59	72	1
60	72	2
61	72	3
62	72	4
63	72	5
64	72	6
65	72	7
66	72	8
67	72	9
68	72	10
69	82	1
70	82	2
71	92	1
72	92	2
73	92	3
\.


--
-- Name: controlled_vocab_entries_controlled_vocab_entry_id_seq; Type: SEQUENCE SET; Schema: public; Owner: ojs-ci
--

SELECT pg_catalog.setval('public.controlled_vocab_entries_controlled_vocab_entry_id_seq', 73, true);


--
-- Data for Name: controlled_vocab_entry_settings; Type: TABLE DATA; Schema: public; Owner: ojs-ci
--

COPY public.controlled_vocab_entry_settings (controlled_vocab_entry_id, locale, setting_name, setting_value, setting_type) FROM stdin;
15	en_US	submissionKeyword	Professional Development	string
16	en_US	submissionKeyword	Social Transformation	string
29	en_US	submissionKeyword	Professional Development	string
30	en_US	submissionKeyword	Social Transformation	string
33	en_US	submissionKeyword	pigs	string
34	en_US	submissionKeyword	food security	string
35	en_US	submissionKeyword	Professional Development	string
36	en_US	submissionKeyword	Social Transformation	string
37	en_US	submissionKeyword	employees	string
38	en_US	submissionKeyword	survey	string
39	en_US	submissionKeyword	Integrating Technology	string
40	en_US	submissionKeyword	Computer Skills	string
41	en_US	submissionKeyword	Survey	string
42	en_US	submissionKeyword	Alberta	string
43	en_US	submissionKeyword	National	string
44	en_US	submissionKeyword	Provincial	string
45	en_US	submissionKeyword	Professional Development	string
46	en_US	submissionKeyword	education	string
47	en_US	submissionKeyword	citizenship	string
48	en_US	submissionKeyword	Common pool resource	string
49	en_US	submissionKeyword	common property	string
50	en_US	submissionKeyword	intellectual developments	string
51	en_US	submissionKeyword	water	string
52	en_US	submissionKeyword	Development	string
53	en_US	submissionKeyword	engineering education	string
54	en_US	submissionKeyword	service learning	string
55	en_US	submissionKeyword	sustainability	string
56	en_US	submissionKeyword	pigs	string
57	en_US	submissionKeyword	food security	string
58	en_US	submissionKeyword	water	string
59	en_US	submissionKeyword	21st Century	string
60	en_US	submissionKeyword	Diversity	string
61	en_US	submissionKeyword	Multilingual	string
62	en_US	submissionKeyword	Multiethnic	string
63	en_US	submissionKeyword	Participatory Pedagogy	string
64	en_US	submissionKeyword	Language	string
65	en_US	submissionKeyword	Culture	string
66	en_US	submissionKeyword	Gender	string
67	en_US	submissionKeyword	Egalitarianism	string
68	en_US	submissionKeyword	Social Transformation	string
69	en_US	submissionKeyword	cattle	string
70	en_US	submissionKeyword	food security	string
71	en_US	submissionKeyword	Self-Organization	string
72	en_US	submissionKeyword	Multi-Level Institutions	string
73	en_US	submissionKeyword	Goverance	string
\.


--
-- Data for Name: controlled_vocabs; Type: TABLE DATA; Schema: public; Owner: ojs-ci
--

COPY public.controlled_vocabs (controlled_vocab_id, symbolic, assoc_type, assoc_id) FROM stdin;
1	interest	0	0
2	submissionKeyword	1048588	1
3	submissionSubject	1048588	1
4	submissionDiscipline	1048588	1
5	submissionLanguage	1048588	1
6	submissionAgency	1048588	1
7	submissionKeyword	1048588	2
8	submissionSubject	1048588	2
9	submissionDiscipline	1048588	2
10	submissionLanguage	1048588	2
11	submissionAgency	1048588	2
12	submissionKeyword	1048588	3
13	submissionSubject	1048588	3
14	submissionDiscipline	1048588	3
15	submissionLanguage	1048588	3
16	submissionAgency	1048588	3
17	submissionKeyword	1048588	4
18	submissionSubject	1048588	4
19	submissionDiscipline	1048588	4
20	submissionLanguage	1048588	4
21	submissionAgency	1048588	4
22	submissionKeyword	1048588	5
23	submissionSubject	1048588	5
24	submissionDiscipline	1048588	5
25	submissionLanguage	1048588	5
26	submissionAgency	1048588	5
27	submissionKeyword	1048588	6
28	submissionSubject	1048588	6
29	submissionDiscipline	1048588	6
30	submissionLanguage	1048588	6
31	submissionAgency	1048588	6
32	submissionKeyword	1048588	7
33	submissionSubject	1048588	7
34	submissionDiscipline	1048588	7
35	submissionLanguage	1048588	7
36	submissionAgency	1048588	7
37	submissionKeyword	1048588	8
38	submissionSubject	1048588	8
39	submissionDiscipline	1048588	8
40	submissionLanguage	1048588	8
41	submissionAgency	1048588	8
42	submissionKeyword	1048588	9
43	submissionSubject	1048588	9
44	submissionDiscipline	1048588	9
45	submissionLanguage	1048588	9
46	submissionAgency	1048588	9
47	submissionKeyword	1048588	10
48	submissionSubject	1048588	10
49	submissionDiscipline	1048588	10
50	submissionLanguage	1048588	10
51	submissionAgency	1048588	10
52	submissionKeyword	1048588	11
53	submissionSubject	1048588	11
54	submissionDiscipline	1048588	11
55	submissionLanguage	1048588	11
56	submissionAgency	1048588	11
57	submissionKeyword	1048588	12
58	submissionSubject	1048588	12
59	submissionDiscipline	1048588	12
60	submissionLanguage	1048588	12
61	submissionAgency	1048588	12
62	submissionKeyword	1048588	13
63	submissionSubject	1048588	13
64	submissionDiscipline	1048588	13
65	submissionLanguage	1048588	13
66	submissionAgency	1048588	13
67	submissionKeyword	1048588	14
68	submissionSubject	1048588	14
69	submissionDiscipline	1048588	14
70	submissionLanguage	1048588	14
71	submissionAgency	1048588	14
72	submissionKeyword	1048588	15
73	submissionSubject	1048588	15
74	submissionDiscipline	1048588	15
75	submissionLanguage	1048588	15
76	submissionAgency	1048588	15
77	submissionKeyword	1048588	16
78	submissionSubject	1048588	16
79	submissionDiscipline	1048588	16
80	submissionLanguage	1048588	16
81	submissionAgency	1048588	16
82	submissionKeyword	1048588	17
83	submissionSubject	1048588	17
84	submissionDiscipline	1048588	17
85	submissionLanguage	1048588	17
86	submissionAgency	1048588	17
87	submissionKeyword	1048588	18
88	submissionSubject	1048588	18
89	submissionDiscipline	1048588	18
90	submissionLanguage	1048588	18
91	submissionAgency	1048588	18
92	submissionKeyword	1048588	19
93	submissionSubject	1048588	19
94	submissionDiscipline	1048588	19
95	submissionLanguage	1048588	19
96	submissionAgency	1048588	19
97	submissionKeyword	1048588	20
98	submissionSubject	1048588	20
99	submissionDiscipline	1048588	20
100	submissionLanguage	1048588	20
101	submissionAgency	1048588	20
\.


--
-- Name: controlled_vocabs_controlled_vocab_id_seq; Type: SEQUENCE SET; Schema: public; Owner: ojs-ci
--

SELECT pg_catalog.setval('public.controlled_vocabs_controlled_vocab_id_seq', 101, true);


--
-- Data for Name: custom_issue_orders; Type: TABLE DATA; Schema: public; Owner: ojs-ci
--

COPY public.custom_issue_orders (issue_id, journal_id, seq) FROM stdin;
\.


--
-- Data for Name: custom_section_orders; Type: TABLE DATA; Schema: public; Owner: ojs-ci
--

COPY public.custom_section_orders (issue_id, section_id, seq) FROM stdin;
\.


--
-- Data for Name: data_object_tombstone_oai_set_objects; Type: TABLE DATA; Schema: public; Owner: ojs-ci
--

COPY public.data_object_tombstone_oai_set_objects (object_id, tombstone_id, assoc_type, assoc_id) FROM stdin;
\.


--
-- Name: data_object_tombstone_oai_set_objects_object_id_seq; Type: SEQUENCE SET; Schema: public; Owner: ojs-ci
--

SELECT pg_catalog.setval('public.data_object_tombstone_oai_set_objects_object_id_seq', 6, true);


--
-- Data for Name: data_object_tombstone_settings; Type: TABLE DATA; Schema: public; Owner: ojs-ci
--

COPY public.data_object_tombstone_settings (tombstone_id, locale, setting_name, setting_value, setting_type) FROM stdin;
\.


--
-- Data for Name: data_object_tombstones; Type: TABLE DATA; Schema: public; Owner: ojs-ci
--

COPY public.data_object_tombstones (tombstone_id, data_object_id, date_deleted, set_spec, set_name, oai_identifier) FROM stdin;
\.


--
-- Name: data_object_tombstones_tombstone_id_seq; Type: SEQUENCE SET; Schema: public; Owner: ojs-ci
--

SELECT pg_catalog.setval('public.data_object_tombstones_tombstone_id_seq', 3, true);


--
-- Data for Name: doi_settings; Type: TABLE DATA; Schema: public; Owner: ojs-ci
--

COPY public.doi_settings (doi_id, locale, setting_name, setting_value) FROM stdin;
\.


--
-- Data for Name: dois; Type: TABLE DATA; Schema: public; Owner: ojs-ci
--

COPY public.dois (doi_id, context_id, doi, status) FROM stdin;
\.


--
-- Name: dois_doi_id_seq; Type: SEQUENCE SET; Schema: public; Owner: ojs-ci
--

SELECT pg_catalog.setval('public.dois_doi_id_seq', 1, false);


--
-- Data for Name: edit_decisions; Type: TABLE DATA; Schema: public; Owner: ojs-ci
--

COPY public.edit_decisions (edit_decision_id, submission_id, review_round_id, stage_id, round, editor_id, decision, date_decided) FROM stdin;
1	1	\N	1	\N	3	8	2022-08-08 09:33:07
2	1	1	3	1	3	1	2022-08-08 09:33:36
3	1	\N	4	\N	3	7	2022-08-08 09:33:49
4	2	\N	1	\N	3	8	2022-08-08 09:37:01
5	2	2	3	1	6	11	2022-08-08 09:37:29
6	3	\N	1	\N	3	8	2022-08-08 09:38:13
7	3	3	3	1	3	1	2022-08-08 09:38:37
8	5	\N	1	\N	3	8	2022-08-08 09:39:40
9	5	4	3	1	3	1	2022-08-08 09:40:04
10	5	\N	4	\N	3	7	2022-08-08 09:40:19
11	6	\N	1	\N	3	8	2022-08-08 09:41:07
12	6	5	3	1	3	1	2022-08-08 09:41:30
13	6	\N	4	\N	3	7	2022-08-08 09:41:45
14	7	\N	1	\N	3	8	2022-08-08 09:42:26
15	9	\N	1	\N	3	8	2022-08-08 09:43:58
16	9	7	3	1	3	1	2022-08-08 09:44:20
17	9	\N	4	\N	3	7	2022-08-08 09:44:35
18	10	\N	1	\N	3	8	2022-08-08 09:45:26
19	12	\N	1	\N	3	8	2022-08-08 09:47:06
20	13	\N	1	\N	3	8	2022-08-08 09:48:01
21	13	10	3	1	3	2	2022-08-08 09:49:31
22	15	\N	1	\N	3	8	2022-08-08 09:50:28
23	15	11	3	1	3	1	2022-08-08 09:50:52
24	15	\N	4	\N	3	7	2022-08-08 09:51:07
25	17	\N	1	\N	3	8	2022-08-08 09:52:13
26	17	12	3	1	3	1	2022-08-08 09:52:37
27	17	\N	4	\N	3	7	2022-08-08 09:52:53
28	18	\N	1	\N	3	9	2022-08-08 09:55:33
29	19	\N	1	\N	3	8	2022-08-08 09:56:11
30	19	13	3	1	3	1	2022-08-08 09:56:34
\.


--
-- Name: edit_decisions_edit_decision_id_seq; Type: SEQUENCE SET; Schema: public; Owner: ojs-ci
--

SELECT pg_catalog.setval('public.edit_decisions_edit_decision_id_seq', 30, true);


--
-- Data for Name: email_log; Type: TABLE DATA; Schema: public; Owner: ojs-ci
--

COPY public.email_log (log_id, assoc_type, assoc_id, sender_id, date_sent, event_type, from_address, recipients, cc_recipients, bcc_recipients, subject, body) FROM stdin;
1	1048585	1	3	2022-08-08 09:33:07	805306369	"Daniel Barnes" <dbarnes@mailinator.com>	"Alan Mwandenga" <amwandenga@mailinator.com>			Your submission has been sent for review	<p>Dear Alan Mwandenga,</p><p>I am pleased to inform you that an editor has reviewed your submission, Signalling Theory Dividends: A Review Of The Literature And Empirical Evidence, and has decided to send it for peer review. An editor will identify qualified reviewers who will provide feedback on your submission.</p><p>This journal conducts double-anonymous peer review. The reviewers will not see any identifying information about you or your co-authors. Similarly, you will not know who reviewed your submission, and you will not hear from the reviewers directly. You will hear from us with feedback from the reviewers and information about the next steps.</p><p>Please note that sending the submission to peer review does not guarantee that it will be published. We will consider the reviewers' recommendations before deciding to accept the submission for publication. You may be asked to make revisions and respond to the reviewers' comments before a final decision is made.</p><p>If you have any questions, please contact me from your submission dashboard.</p><p><p>Daniel Barnes</p></p>
2	1048585	1	3	2022-08-08 09:33:36	805306369	"Daniel Barnes" <dbarnes@mailinator.com>	"Alan Mwandenga" <amwandenga@mailinator.com>			Your submission has been accepted to Journal of Public Knowledge	<p>Dear Alan Mwandenga,</p><p>I am pleased to inform you that we have decided to accept your submission without further revision. After careful review, we found your submission, Signalling Theory Dividends: A Review Of The Literature And Empirical Evidence, to meet or exceed our expectations. We are excited to publish your piece in Journal of Public Knowledge and we thank you for choosing our journal as a venue for your work.</p><p>Your submission is now forthcoming in a future issue of Journal of Public Knowledge and you are welcome to include it in your list of publications. We recognize the hard work that goes into every successful submission and we want to congratulate you on reaching this stage.</p><p>Your submission will now undergo copy editing and formatting to prepare it for publication.</p><p>You will shortly receive further instructions.</p><p>If you have any questions, please contact me from your <a href="http://localhost/index.php/publicknowledge/authorDashboard/submission/1">submission dashboard</a>.</p><p>Kind regards,</p><p>Daniel Barnes</p>
3	1048585	1	3	2022-08-08 09:33:49	805306369	"Daniel Barnes" <dbarnes@mailinator.com>	"Alan Mwandenga" <amwandenga@mailinator.com>			Next steps for publishing your submission	<p>Dear Alan Mwandenga,</p><p>I am writing from Journal of Public Knowledge to let you know that the editing of your submission, Signalling Theory Dividends: A Review Of The Literature And Empirical Evidence, is complete. Your submission will now advance to the production stage, where the final galleys will be prepared for publication. We will contact you if we need any further assistance.</p><p>If you have any questions, please contact me from your <a href="http://localhost/index.php/publicknowledge/authorDashboard/submission/1">submission dashboard</a>.</p><p>Kind regards,</p><p>Daniel Barnes</p>
4	1048585	2	3	2022-08-08 09:37:02	805306369	"Daniel Barnes" <dbarnes@mailinator.com>	"Carlo Corino" <ccorino@mailinator.com>			Your submission has been sent for review	<p>Dear Carlo Corino,</p><p>I am pleased to inform you that an editor has reviewed your submission, The influence of lactation on the quantity and quality of cashmere production, and has decided to send it for peer review. An editor will identify qualified reviewers who will provide feedback on your submission.</p><p>This journal conducts double-anonymous peer review. The reviewers will not see any identifying information about you or your co-authors. Similarly, you will not know who reviewed your submission, and you will not hear from the reviewers directly. You will hear from us with feedback from the reviewers and information about the next steps.</p><p>Please note that sending the submission to peer review does not guarantee that it will be published. We will consider the reviewers' recommendations before deciding to accept the submission for publication. You may be asked to make revisions and respond to the reviewers' comments before a final decision is made.</p><p>If you have any questions, please contact me from your submission dashboard.</p><p><p>Daniel Barnes</p></p>
5	1048585	3	3	2022-08-08 09:38:13	805306369	"Daniel Barnes" <dbarnes@mailinator.com>	"Catherine Kwantes" <ckwantes@mailinator.com>			Your submission has been sent for review	<p>Dear Catherine Kwantes,</p><p>I am pleased to inform you that an editor has reviewed your submission, The Facets Of Job Satisfaction: A Nine-Nation Comparative Study Of Construct Equivalence, and has decided to send it for peer review. An editor will identify qualified reviewers who will provide feedback on your submission.</p><p>This journal conducts double-anonymous peer review. The reviewers will not see any identifying information about you or your co-authors. Similarly, you will not know who reviewed your submission, and you will not hear from the reviewers directly. You will hear from us with feedback from the reviewers and information about the next steps.</p><p>Please note that sending the submission to peer review does not guarantee that it will be published. We will consider the reviewers' recommendations before deciding to accept the submission for publication. You may be asked to make revisions and respond to the reviewers' comments before a final decision is made.</p><p>If you have any questions, please contact me from your submission dashboard.</p><p><p>Daniel Barnes</p></p>
6	1048585	3	3	2022-08-08 09:38:37	805306369	"Daniel Barnes" <dbarnes@mailinator.com>	"Catherine Kwantes" <ckwantes@mailinator.com>			Your submission has been accepted to Journal of Public Knowledge	<p>Dear Catherine Kwantes,</p><p>I am pleased to inform you that we have decided to accept your submission without further revision. After careful review, we found your submission, The Facets Of Job Satisfaction: A Nine-Nation Comparative Study Of Construct Equivalence, to meet or exceed our expectations. We are excited to publish your piece in Journal of Public Knowledge and we thank you for choosing our journal as a venue for your work.</p><p>Your submission is now forthcoming in a future issue of Journal of Public Knowledge and you are welcome to include it in your list of publications. We recognize the hard work that goes into every successful submission and we want to congratulate you on reaching this stage.</p><p>Your submission will now undergo copy editing and formatting to prepare it for publication.</p><p>You will shortly receive further instructions.</p><p>If you have any questions, please contact me from your <a href="http://localhost/index.php/publicknowledge/authorDashboard/submission/3">submission dashboard</a>.</p><p>Kind regards,</p><p>Daniel Barnes</p>
14	1048585	7	8	2022-08-08 09:43:00	1073741829	"Paul Hudson" <phudson@mailinator.com>	"Daniel Barnes" <dbarnes@mailinator.com>, "Stephanie Berardo" <sberardo@mailinator.com>, "David Buskins" <dbuskins@mailinator.com>			Able to Review	Editors:<br />\n<br />\nI am able and willing to review the submission, &quot;Developing efficacy beliefs in the classroom,&quot; for Journal of Public Knowledge. Thank you for thinking of me, and I plan to have the review completed by its due date, 2022-09-05, if not before.<br />\n<br />\nPaul Hudson
7	1048585	5	3	2022-08-08 09:39:40	805306369	"Daniel Barnes" <dbarnes@mailinator.com>	"Diaga Diouf" <ddiouf@mailinator.com>			Your submission has been sent for review	<p>Dear Diaga Diouf,</p><p>I am pleased to inform you that an editor has reviewed your submission, Genetic transformation of forest trees, and has decided to send it for peer review. An editor will identify qualified reviewers who will provide feedback on your submission.</p><p>This journal conducts double-anonymous peer review. The reviewers will not see any identifying information about you or your co-authors. Similarly, you will not know who reviewed your submission, and you will not hear from the reviewers directly. You will hear from us with feedback from the reviewers and information about the next steps.</p><p>Please note that sending the submission to peer review does not guarantee that it will be published. We will consider the reviewers' recommendations before deciding to accept the submission for publication. You may be asked to make revisions and respond to the reviewers' comments before a final decision is made.</p><p>If you have any questions, please contact me from your submission dashboard.</p><p><p>Daniel Barnes</p></p>
8	1048585	5	3	2022-08-08 09:40:04	805306369	"Daniel Barnes" <dbarnes@mailinator.com>	"Diaga Diouf" <ddiouf@mailinator.com>			Your submission has been accepted to Journal of Public Knowledge	<p>Dear Diaga Diouf,</p><p>I am pleased to inform you that we have decided to accept your submission without further revision. After careful review, we found your submission, Genetic transformation of forest trees, to meet or exceed our expectations. We are excited to publish your piece in Journal of Public Knowledge and we thank you for choosing our journal as a venue for your work.</p><p>Your submission is now forthcoming in a future issue of Journal of Public Knowledge and you are welcome to include it in your list of publications. We recognize the hard work that goes into every successful submission and we want to congratulate you on reaching this stage.</p><p>Your submission will now undergo copy editing and formatting to prepare it for publication.</p><p>You will shortly receive further instructions.</p><p>If you have any questions, please contact me from your <a href="http://localhost/index.php/publicknowledge/authorDashboard/submission/5">submission dashboard</a>.</p><p>Kind regards,</p><p>Daniel Barnes</p>
9	1048585	5	3	2022-08-08 09:40:19	805306369	"Daniel Barnes" <dbarnes@mailinator.com>	"Diaga Diouf" <ddiouf@mailinator.com>			Next steps for publishing your submission	<p>Dear Diaga Diouf,</p><p>I am writing from Journal of Public Knowledge to let you know that the editing of your submission, Genetic transformation of forest trees, is complete. Your submission will now advance to the production stage, where the final galleys will be prepared for publication. We will contact you if we need any further assistance.</p><p>If you have any questions, please contact me from your <a href="http://localhost/index.php/publicknowledge/authorDashboard/submission/5">submission dashboard</a>.</p><p>Kind regards,</p><p>Daniel Barnes</p>
10	1048585	6	3	2022-08-08 09:41:07	805306369	"Daniel Barnes" <dbarnes@mailinator.com>	"Dana Phillips" <dphillips@mailinator.com>			Your submission has been sent for review	<p>Dear Dana Phillips,</p><p>I am pleased to inform you that an editor has reviewed your submission, Investigating the Shared Background Required for Argument: A Critique of Fogelin's Thesis on Deep Disagreement, and has decided to send it for peer review. An editor will identify qualified reviewers who will provide feedback on your submission.</p><p>This journal conducts double-anonymous peer review. The reviewers will not see any identifying information about you or your co-authors. Similarly, you will not know who reviewed your submission, and you will not hear from the reviewers directly. You will hear from us with feedback from the reviewers and information about the next steps.</p><p>Please note that sending the submission to peer review does not guarantee that it will be published. We will consider the reviewers' recommendations before deciding to accept the submission for publication. You may be asked to make revisions and respond to the reviewers' comments before a final decision is made.</p><p>If you have any questions, please contact me from your submission dashboard.</p><p><p>Daniel Barnes</p></p>
11	1048585	6	3	2022-08-08 09:41:30	805306369	"Daniel Barnes" <dbarnes@mailinator.com>	"Dana Phillips" <dphillips@mailinator.com>			Your submission has been accepted to Journal of Public Knowledge	<p>Dear Dana Phillips,</p><p>I am pleased to inform you that we have decided to accept your submission without further revision. After careful review, we found your submission, Investigating the Shared Background Required for Argument: A Critique of Fogelin's Thesis on Deep Disagreement, to meet or exceed our expectations. We are excited to publish your piece in Journal of Public Knowledge and we thank you for choosing our journal as a venue for your work.</p><p>Your submission is now forthcoming in a future issue of Journal of Public Knowledge and you are welcome to include it in your list of publications. We recognize the hard work that goes into every successful submission and we want to congratulate you on reaching this stage.</p><p>Your submission will now undergo copy editing and formatting to prepare it for publication.</p><p>You will shortly receive further instructions.</p><p>If you have any questions, please contact me from your <a href="http://localhost/index.php/publicknowledge/authorDashboard/submission/6">submission dashboard</a>.</p><p>Kind regards,</p><p>Daniel Barnes</p>
12	1048585	6	3	2022-08-08 09:41:45	805306369	"Daniel Barnes" <dbarnes@mailinator.com>	"Dana Phillips" <dphillips@mailinator.com>			Next steps for publishing your submission	<p>Dear Dana Phillips,</p><p>I am writing from Journal of Public Knowledge to let you know that the editing of your submission, Investigating the Shared Background Required for Argument: A Critique of Fogelin's Thesis on Deep Disagreement, is complete. Your submission will now advance to the production stage, where the final galleys will be prepared for publication. We will contact you if we need any further assistance.</p><p>If you have any questions, please contact me from your <a href="http://localhost/index.php/publicknowledge/authorDashboard/submission/6">submission dashboard</a>.</p><p>Kind regards,</p><p>Daniel Barnes</p>
13	1048585	7	3	2022-08-08 09:42:26	805306369	"Daniel Barnes" <dbarnes@mailinator.com>	"Domatilia Sokoloff" <dsokoloff@mailinator.com>			Your submission has been sent for review	<p>Dear Domatilia Sokoloff,</p><p>I am pleased to inform you that an editor has reviewed your submission, Developing efficacy beliefs in the classroom, and has decided to send it for peer review. An editor will identify qualified reviewers who will provide feedback on your submission.</p><p>This journal conducts double-anonymous peer review. The reviewers will not see any identifying information about you or your co-authors. Similarly, you will not know who reviewed your submission, and you will not hear from the reviewers directly. You will hear from us with feedback from the reviewers and information about the next steps.</p><p>Please note that sending the submission to peer review does not guarantee that it will be published. We will consider the reviewers' recommendations before deciding to accept the submission for publication. You may be asked to make revisions and respond to the reviewers' comments before a final decision is made.</p><p>If you have any questions, please contact me from your submission dashboard.</p><p><p>Daniel Barnes</p></p>
15	1048585	9	3	2022-08-08 09:43:58	805306369	"Daniel Barnes" <dbarnes@mailinator.com>	"Fabio Paglieri" <fpaglieri@mailinator.com>			Your submission has been sent for review	<p>Dear Fabio Paglieri,</p><p>I am pleased to inform you that an editor has reviewed your submission, Hansen & Pinto: Reason Reclaimed, and has decided to send it for peer review. An editor will identify qualified reviewers who will provide feedback on your submission.</p><p>This journal conducts double-anonymous peer review. The reviewers will not see any identifying information about you or your co-authors. Similarly, you will not know who reviewed your submission, and you will not hear from the reviewers directly. You will hear from us with feedback from the reviewers and information about the next steps.</p><p>Please note that sending the submission to peer review does not guarantee that it will be published. We will consider the reviewers' recommendations before deciding to accept the submission for publication. You may be asked to make revisions and respond to the reviewers' comments before a final decision is made.</p><p>If you have any questions, please contact me from your submission dashboard.</p><p><p>Daniel Barnes</p></p>
16	1048585	9	3	2022-08-08 09:44:20	805306369	"Daniel Barnes" <dbarnes@mailinator.com>	"Fabio Paglieri" <fpaglieri@mailinator.com>			Your submission has been accepted to Journal of Public Knowledge	<p>Dear Fabio Paglieri,</p><p>I am pleased to inform you that we have decided to accept your submission without further revision. After careful review, we found your submission, Hansen & Pinto: Reason Reclaimed, to meet or exceed our expectations. We are excited to publish your piece in Journal of Public Knowledge and we thank you for choosing our journal as a venue for your work.</p><p>Your submission is now forthcoming in a future issue of Journal of Public Knowledge and you are welcome to include it in your list of publications. We recognize the hard work that goes into every successful submission and we want to congratulate you on reaching this stage.</p><p>Your submission will now undergo copy editing and formatting to prepare it for publication.</p><p>You will shortly receive further instructions.</p><p>If you have any questions, please contact me from your <a href="http://localhost/index.php/publicknowledge/authorDashboard/submission/9">submission dashboard</a>.</p><p>Kind regards,</p><p>Daniel Barnes</p>
17	1048585	9	3	2022-08-08 09:44:35	805306369	"Daniel Barnes" <dbarnes@mailinator.com>	"Fabio Paglieri" <fpaglieri@mailinator.com>			Next steps for publishing your submission	<p>Dear Fabio Paglieri,</p><p>I am writing from Journal of Public Knowledge to let you know that the editing of your submission, Hansen & Pinto: Reason Reclaimed, is complete. Your submission will now advance to the production stage, where the final galleys will be prepared for publication. We will contact you if we need any further assistance.</p><p>If you have any questions, please contact me from your <a href="http://localhost/index.php/publicknowledge/authorDashboard/submission/9">submission dashboard</a>.</p><p>Kind regards,</p><p>Daniel Barnes</p>
18	1048585	10	3	2022-08-08 09:45:26	805306369	"Daniel Barnes" <dbarnes@mailinator.com>	"John Novak" <jnovak@mailinator.com>			Your submission has been sent for review	<p>Dear John Novak,</p><p>I am pleased to inform you that an editor has reviewed your submission, Condensing Water Availability Models to Focus on Specific Water Management Systems, and has decided to send it for peer review. An editor will identify qualified reviewers who will provide feedback on your submission.</p><p>This journal conducts double-anonymous peer review. The reviewers will not see any identifying information about you or your co-authors. Similarly, you will not know who reviewed your submission, and you will not hear from the reviewers directly. You will hear from us with feedback from the reviewers and information about the next steps.</p><p>Please note that sending the submission to peer review does not guarantee that it will be published. We will consider the reviewers' recommendations before deciding to accept the submission for publication. You may be asked to make revisions and respond to the reviewers' comments before a final decision is made.</p><p>If you have any questions, please contact me from your submission dashboard.</p><p><p>Daniel Barnes</p></p>
19	1048585	10	9	2022-08-08 09:45:52	1073741829	"Aisla McCrae" <amccrae@mailinator.com>	"Daniel Barnes" <dbarnes@mailinator.com>, "David Buskins" <dbuskins@mailinator.com>, "Stephanie Berardo" <sberardo@mailinator.com>			Able to Review	Editors:<br />\n<br />\nI am able and willing to review the submission, &quot;Condensing Water Availability Models to Focus on Specific Water Management Systems,&quot; for Journal of Public Knowledge. Thank you for thinking of me, and I plan to have the review completed by its due date, 2022-09-05, if not before.<br />\n<br />\nAisla McCrae
20	1048585	10	10	2022-08-08 09:46:05	1073741829	"Adela Gallego" <agallego@mailinator.com>	"Daniel Barnes" <dbarnes@mailinator.com>, "David Buskins" <dbuskins@mailinator.com>, "Stephanie Berardo" <sberardo@mailinator.com>			Able to Review	Editors:<br />\n<br />\nI am able and willing to review the submission, &quot;Condensing Water Availability Models to Focus on Specific Water Management Systems,&quot; for Journal of Public Knowledge. Thank you for thinking of me, and I plan to have the review completed by its due date, 2022-09-05, if not before.<br />\n<br />\nAdela Gallego
21	1048585	12	3	2022-08-08 09:47:06	805306369	"Daniel Barnes" <dbarnes@mailinator.com>	"Leo Christopher" <lchristopher@mailinator.com>			Your submission has been sent for review	<p>Dear Leo Christopher,</p><p>I am pleased to inform you that an editor has reviewed your submission, Sodium butyrate improves growth performance of weaned piglets during the first period after weaning, and has decided to send it for peer review. An editor will identify qualified reviewers who will provide feedback on your submission.</p><p>This journal conducts double-anonymous peer review. The reviewers will not see any identifying information about you or your co-authors. Similarly, you will not know who reviewed your submission, and you will not hear from the reviewers directly. You will hear from us with feedback from the reviewers and information about the next steps.</p><p>Please note that sending the submission to peer review does not guarantee that it will be published. We will consider the reviewers' recommendations before deciding to accept the submission for publication. You may be asked to make revisions and respond to the reviewers' comments before a final decision is made.</p><p>If you have any questions, please contact me from your submission dashboard.</p><p><p>Daniel Barnes</p></p>
29	1048585	15	3	2022-08-08 09:51:07	805306369	"Daniel Barnes" <dbarnes@mailinator.com>	"Rana Baiyewu" <rbaiyewu@mailinator.com>			Next steps for publishing your submission	<p>Dear Rana Baiyewu,</p><p>I am writing from Journal of Public Knowledge to let you know that the editing of your submission, Yam diseases and its management in Nigeria, is complete. Your submission will now advance to the production stage, where the final galleys will be prepared for publication. We will contact you if we need any further assistance.</p><p>If you have any questions, please contact me from your <a href="http://localhost/index.php/publicknowledge/authorDashboard/submission/15">submission dashboard</a>.</p><p>Kind regards,</p><p>Daniel Barnes</p>
22	1048585	13	3	2022-08-08 09:48:01	805306369	"Daniel Barnes" <dbarnes@mailinator.com>	"Lise Kumiega" <lkumiega@mailinator.com>			Your submission has been sent for review	<p>Dear Lise Kumiega,</p><p>I am pleased to inform you that an editor has reviewed your submission, Hydrologic Connectivity in the Edwards Aquifer between San Marcos Springs and Barton Springs during 2009 Drought Conditions, and has decided to send it for peer review. An editor will identify qualified reviewers who will provide feedback on your submission.</p><p>This journal conducts double-anonymous peer review. The reviewers will not see any identifying information about you or your co-authors. Similarly, you will not know who reviewed your submission, and you will not hear from the reviewers directly. You will hear from us with feedback from the reviewers and information about the next steps.</p><p>Please note that sending the submission to peer review does not guarantee that it will be published. We will consider the reviewers' recommendations before deciding to accept the submission for publication. You may be asked to make revisions and respond to the reviewers' comments before a final decision is made.</p><p>If you have any questions, please contact me from your submission dashboard.</p><p><p>Daniel Barnes</p></p>
23	1048585	13	7	2022-08-08 09:48:35	1073741829	"Julie Janssen" <jjanssen@mailinator.com>	"Daniel Barnes" <dbarnes@mailinator.com>, "David Buskins" <dbuskins@mailinator.com>, "Stephanie Berardo" <sberardo@mailinator.com>			Able to Review	Editors:<br />\n<br />\nI am able and willing to review the submission, &quot;Hydrologic Connectivity in the Edwards Aquifer between San Marcos Springs and Barton Springs during 2009 Drought Conditions,&quot; for Journal of Public Knowledge. Thank you for thinking of me, and I plan to have the review completed by its due date, 2022-09-05, if not before.<br />\n<br />\nJulie Janssen
24	1048585	13	9	2022-08-08 09:48:48	1073741829	"Aisla McCrae" <amccrae@mailinator.com>	"Daniel Barnes" <dbarnes@mailinator.com>, "David Buskins" <dbuskins@mailinator.com>, "Stephanie Berardo" <sberardo@mailinator.com>			Able to Review	Editors:<br />\n<br />\nI am able and willing to review the submission, &quot;Hydrologic Connectivity in the Edwards Aquifer between San Marcos Springs and Barton Springs during 2009 Drought Conditions,&quot; for Journal of Public Knowledge. Thank you for thinking of me, and I plan to have the review completed by its due date, 2022-09-05, if not before.<br />\n<br />\nAisla McCrae
25	1048585	13	10	2022-08-08 09:49:02	1073741829	"Adela Gallego" <agallego@mailinator.com>	"Daniel Barnes" <dbarnes@mailinator.com>, "David Buskins" <dbuskins@mailinator.com>, "Stephanie Berardo" <sberardo@mailinator.com>			Able to Review	Editors:<br />\n<br />\nI am able and willing to review the submission, &quot;Hydrologic Connectivity in the Edwards Aquifer between San Marcos Springs and Barton Springs during 2009 Drought Conditions,&quot; for Journal of Public Knowledge. Thank you for thinking of me, and I plan to have the review completed by its due date, 2022-09-05, if not before.<br />\n<br />\nAdela Gallego
26	1048585	13	3	2022-08-08 09:49:31	805306369	"Daniel Barnes" <dbarnes@mailinator.com>	"Lise Kumiega" <lkumiega@mailinator.com>			Your submission has been reviewed and we encourage you to submit revisions	<p>Dear Lise Kumiega,</p><p>Your submission Hydrologic Connectivity in the Edwards Aquifer between San Marcos Springs and Barton Springs during 2009 Drought Conditions has been reviewed and we would like to encourage you to submit revisions that address the reviewers' comments. An editor will review these revisions and if they address the concerns adequately, your submission may be accepted for publication.</p><p>The reviewers' comments are included at the bottom of this email. Please respond to each point in the reviewers' comments and identify what changes you have made. If you find any of the reviewer's comments to be unjustified or inappropriate, please explain your perspective.</p><p>When you have completed your revisions, you can upload revised documents along with your response to the reviewers' comments at your <a href="http://localhost/index.php/publicknowledge/authorDashboard/submission/13">submission dashboard</a>. If you have been logged out, you can login again with the username lkumiega.</p><p>If you have any questions, please contact me from your <a href="http://localhost/index.php/publicknowledge/authorDashboard/submission/13">submission dashboard</a>.</p><p>We look forward to receiving your revised submission.</p><p>Kind regards,</p><p>Daniel Barnes</p><hr><p>The following comments were received from reviewers.</p><p><strong>Reviewer 1:</strong><br>Recommendation: Revisions Required</p><p>Here are my review comments</p><p><strong>Reviewer 2:</strong><br>Recommendation: Revisions Required</p><p>Here are my review comments</p><p><strong>Reviewer 3:</strong><br>Recommendation: Resubmit for Review</p><p>Here are my review comments</p>
27	1048585	15	3	2022-08-08 09:50:28	805306369	"Daniel Barnes" <dbarnes@mailinator.com>	"Rana Baiyewu" <rbaiyewu@mailinator.com>			Your submission has been sent for review	<p>Dear Rana Baiyewu,</p><p>I am pleased to inform you that an editor has reviewed your submission, Yam diseases and its management in Nigeria, and has decided to send it for peer review. An editor will identify qualified reviewers who will provide feedback on your submission.</p><p>This journal conducts double-anonymous peer review. The reviewers will not see any identifying information about you or your co-authors. Similarly, you will not know who reviewed your submission, and you will not hear from the reviewers directly. You will hear from us with feedback from the reviewers and information about the next steps.</p><p>Please note that sending the submission to peer review does not guarantee that it will be published. We will consider the reviewers' recommendations before deciding to accept the submission for publication. You may be asked to make revisions and respond to the reviewers' comments before a final decision is made.</p><p>If you have any questions, please contact me from your submission dashboard.</p><p><p>Daniel Barnes</p></p>
28	1048585	15	3	2022-08-08 09:50:52	805306369	"Daniel Barnes" <dbarnes@mailinator.com>	"Rana Baiyewu" <rbaiyewu@mailinator.com>			Your submission has been accepted to Journal of Public Knowledge	<p>Dear Rana Baiyewu,</p><p>I am pleased to inform you that we have decided to accept your submission without further revision. After careful review, we found your submission, Yam diseases and its management in Nigeria, to meet or exceed our expectations. We are excited to publish your piece in Journal of Public Knowledge and we thank you for choosing our journal as a venue for your work.</p><p>Your submission is now forthcoming in a future issue of Journal of Public Knowledge and you are welcome to include it in your list of publications. We recognize the hard work that goes into every successful submission and we want to congratulate you on reaching this stage.</p><p>Your submission will now undergo copy editing and formatting to prepare it for publication.</p><p>You will shortly receive further instructions.</p><p>If you have any questions, please contact me from your <a href="http://localhost/index.php/publicknowledge/authorDashboard/submission/15">submission dashboard</a>.</p><p>Kind regards,</p><p>Daniel Barnes</p>
30	1048585	17	3	2022-08-08 09:52:13	805306369	"Daniel Barnes" <dbarnes@mailinator.com>	"Vajiheh Karbasizaed" <vkarbasizaed@mailinator.com>			Your submission has been sent for review	<p>Dear Vajiheh Karbasizaed,</p><p>I am pleased to inform you that an editor has reviewed your submission, Antimicrobial, heavy metal resistance and plasmid profile of coliforms isolated from nosocomial infections in a hospital in Isfahan, Iran, and has decided to send it for peer review. An editor will identify qualified reviewers who will provide feedback on your submission.</p><p>This journal conducts double-anonymous peer review. The reviewers will not see any identifying information about you or your co-authors. Similarly, you will not know who reviewed your submission, and you will not hear from the reviewers directly. You will hear from us with feedback from the reviewers and information about the next steps.</p><p>Please note that sending the submission to peer review does not guarantee that it will be published. We will consider the reviewers' recommendations before deciding to accept the submission for publication. You may be asked to make revisions and respond to the reviewers' comments before a final decision is made.</p><p>If you have any questions, please contact me from your submission dashboard.</p><p><p>Daniel Barnes</p></p>
31	1048585	17	3	2022-08-08 09:52:37	805306369	"Daniel Barnes" <dbarnes@mailinator.com>	"Vajiheh Karbasizaed" <vkarbasizaed@mailinator.com>			Your submission has been accepted to Journal of Public Knowledge	<p>Dear Vajiheh Karbasizaed,</p><p>I am pleased to inform you that we have decided to accept your submission without further revision. After careful review, we found your submission, Antimicrobial, heavy metal resistance and plasmid profile of coliforms isolated from nosocomial infections in a hospital in Isfahan, Iran, to meet or exceed our expectations. We are excited to publish your piece in Journal of Public Knowledge and we thank you for choosing our journal as a venue for your work.</p><p>Your submission is now forthcoming in a future issue of Journal of Public Knowledge and you are welcome to include it in your list of publications. We recognize the hard work that goes into every successful submission and we want to congratulate you on reaching this stage.</p><p>Your submission will now undergo copy editing and formatting to prepare it for publication.</p><p>You will shortly receive further instructions.</p><p>If you have any questions, please contact me from your <a href="http://localhost/index.php/publicknowledge/authorDashboard/submission/17">submission dashboard</a>.</p><p>Kind regards,</p><p>Daniel Barnes</p>
32	1048585	17	3	2022-08-08 09:52:53	805306369	"Daniel Barnes" <dbarnes@mailinator.com>	"Vajiheh Karbasizaed" <vkarbasizaed@mailinator.com>			Next steps for publishing your submission	<p>Dear Vajiheh Karbasizaed,</p><p>I am writing from Journal of Public Knowledge to let you know that the editing of your submission, Antimicrobial, heavy metal resistance and plasmid profile of coliforms isolated from nosocomial infections in a hospital in Isfahan, Iran, is complete. Your submission will now advance to the production stage, where the final galleys will be prepared for publication. We will contact you if we need any further assistance.</p><p>If you have any questions, please contact me from your <a href="http://localhost/index.php/publicknowledge/authorDashboard/submission/17">submission dashboard</a>.</p><p>Kind regards,</p><p>Daniel Barnes</p>
33	1048585	18	3	2022-08-08 09:55:34	805306369	"Daniel Barnes" <dbarnes@mailinator.com>	"Valerie Williamson" <vwilliamson@mailinator.com>			Your submission has been declined	<p>Dear Valerie Williamson,</p><p>Im sorry to inform you that, after reviewing your submission, Self-Organization in Multi-Level Institutions in Networked Environments, the editor has found that it does not meet our requirements for publication in Journal of Public Knowledge.</p><p>I wish you success if you consider submitting your work elsewhere.</p><p>Kind regards,</p><p>Daniel Barnes</p>
34	1048585	19	3	2022-08-08 09:56:11	805306369	"Daniel Barnes" <dbarnes@mailinator.com>	"Zita Woods" <zwoods@mailinator.com>			Your submission has been sent for review	<p>Dear Zita Woods,</p><p>I am pleased to inform you that an editor has reviewed your submission, Finocchiaro: Arguments About Arguments, and has decided to send it for peer review. An editor will identify qualified reviewers who will provide feedback on your submission.</p><p>This journal conducts double-anonymous peer review. The reviewers will not see any identifying information about you or your co-authors. Similarly, you will not know who reviewed your submission, and you will not hear from the reviewers directly. You will hear from us with feedback from the reviewers and information about the next steps.</p><p>Please note that sending the submission to peer review does not guarantee that it will be published. We will consider the reviewers' recommendations before deciding to accept the submission for publication. You may be asked to make revisions and respond to the reviewers' comments before a final decision is made.</p><p>If you have any questions, please contact me from your submission dashboard.</p><p><p>Daniel Barnes</p></p>
35	1048585	19	3	2022-08-08 09:56:34	805306369	"Daniel Barnes" <dbarnes@mailinator.com>	"Zita Woods" <zwoods@mailinator.com>			Your submission has been accepted to Journal of Public Knowledge	<p>Dear Zita Woods,</p><p>I am pleased to inform you that we have decided to accept your submission without further revision. After careful review, we found your submission, Finocchiaro: Arguments About Arguments, to meet or exceed our expectations. We are excited to publish your piece in Journal of Public Knowledge and we thank you for choosing our journal as a venue for your work.</p><p>Your submission is now forthcoming in a future issue of Journal of Public Knowledge and you are welcome to include it in your list of publications. We recognize the hard work that goes into every successful submission and we want to congratulate you on reaching this stage.</p><p>Your submission will now undergo copy editing and formatting to prepare it for publication.</p><p>You will shortly receive further instructions.</p><p>If you have any questions, please contact me from your <a href="http://localhost/index.php/publicknowledge/authorDashboard/submission/19">submission dashboard</a>.</p><p>Kind regards,</p><p>Daniel Barnes</p>
\.


--
-- Name: email_log_log_id_seq; Type: SEQUENCE SET; Schema: public; Owner: ojs-ci
--

SELECT pg_catalog.setval('public.email_log_log_id_seq', 35, true);


--
-- Data for Name: email_log_users; Type: TABLE DATA; Schema: public; Owner: ojs-ci
--

COPY public.email_log_users (email_log_id, user_id) FROM stdin;
1	17
2	17
3	17
4	18
5	19
6	19
7	21
8	21
9	21
10	22
11	22
12	22
13	23
14	3
14	5
14	4
15	25
16	25
17	25
18	26
19	3
19	4
19	5
20	3
20	4
20	5
21	28
22	29
23	3
23	4
23	5
24	3
24	4
24	5
25	3
25	4
25	5
26	29
27	31
28	31
29	31
30	33
31	33
32	33
33	34
34	35
35	35
\.


--
-- Data for Name: email_templates; Type: TABLE DATA; Schema: public; Owner: ojs-ci
--

COPY public.email_templates (email_id, email_key, context_id, enabled) FROM stdin;
\.


--
-- Data for Name: email_templates_default; Type: TABLE DATA; Schema: public; Owner: ojs-ci
--

COPY public.email_templates_default (email_id, email_key, can_disable, can_edit, from_role_id, to_role_id, stage_id) FROM stdin;
1	NOTIFICATION	0	0	\N	\N	\N
2	NOTIFICATION_CENTER_DEFAULT	0	0	\N	\N	\N
3	PASSWORD_RESET_CONFIRM	0	0	\N	\N	\N
4	PASSWORD_RESET	0	0	\N	\N	\N
5	USER_REGISTER	0	0	\N	\N	\N
6	USER_VALIDATE_CONTEXT	0	0	\N	\N	\N
7	USER_VALIDATE_SITE	0	0	\N	\N	\N
8	REVIEWER_REGISTER	0	0	\N	\N	\N
9	ISSUE_PUBLISH_NOTIFY	0	0	\N	\N	\N
10	LOCKSS_EXISTING_ARCHIVE	0	0	\N	\N	\N
11	LOCKSS_NEW_ARCHIVE	0	0	\N	\N	\N
12	SUBMISSION_ACK	1	0	\N	65536	1
13	SUBMISSION_ACK_NOT_USER	1	0	\N	65536	1
14	EDITOR_ASSIGN	1	0	16	16	1
15	REVIEW_CANCEL	0	0	\N	\N	\N
16	REVIEW_REINSTATE	0	0	\N	\N	\N
17	REVIEW_REQUEST	0	0	\N	\N	\N
18	REVIEW_REQUEST_SUBSEQUENT	0	0	\N	\N	\N
19	REVIEW_RESPONSE_OVERDUE_AUTO	0	0	\N	\N	\N
20	REVIEW_CONFIRM	0	0	\N	\N	\N
21	REVIEW_DECLINE	0	0	\N	\N	\N
22	REVIEW_ACK	0	0	\N	\N	\N
23	REVIEW_REMIND	0	0	\N	\N	\N
24	REVIEW_REMIND_AUTO	0	0	\N	\N	\N
25	EDITOR_DECISION_ACCEPT	0	0	\N	\N	\N
26	EDITOR_DECISION_SEND_TO_EXTERNAL	0	0	\N	\N	\N
27	EDITOR_DECISION_SEND_TO_PRODUCTION	0	0	\N	\N	\N
28	EDITOR_DECISION_REVISIONS	0	0	\N	\N	\N
29	EDITOR_DECISION_RESUBMIT	0	0	\N	\N	\N
30	EDITOR_DECISION_DECLINE	0	0	\N	\N	\N
31	EDITOR_DECISION_INITIAL_DECLINE	0	0	\N	\N	\N
32	EDITOR_RECOMMENDATION	0	0	\N	\N	\N
33	EDITOR_DECISION_NOTIFY_OTHER_AUTHORS	0	0	\N	\N	\N
34	EDITOR_DECISION_BACK_TO_COPYEDITING	0	0	\N	\N	\N
35	EDITOR_DECISION_BACK_TO_REVIEW	0	0	\N	\N	\N
36	EDITOR_DECISION_BACK_TO_SUBMISSION	0	0	\N	\N	\N
37	EDITOR_DECISION_NEW_ROUND	0	0	\N	\N	\N
38	EDITOR_DECISION_REVERT_DECLINE	0	0	\N	\N	\N
39	EDITOR_DECISION_REVERT_INITIAL_DECLINE	0	0	\N	\N	\N
40	EDITOR_DECISION_SKIP_REVIEW	0	0	\N	\N	\N
41	COPYEDIT_REQUEST	1	0	16	4097	4
42	LAYOUT_REQUEST	1	0	16	4097	5
43	LAYOUT_COMPLETE	1	0	4097	16	5
44	EMAIL_LINK	0	0	1048576	\N	\N
45	SUBSCRIPTION_NOTIFY	0	0	\N	1048576	\N
46	OPEN_ACCESS_NOTIFY	0	0	\N	1048576	\N
47	SUBSCRIPTION_BEFORE_EXPIRY	0	0	\N	1048576	\N
48	SUBSCRIPTION_AFTER_EXPIRY	0	0	\N	1048576	\N
49	SUBSCRIPTION_AFTER_EXPIRY_LAST	0	0	\N	1048576	\N
50	SUBSCRIPTION_PURCHASE_INDL	0	0	\N	2097152	\N
51	SUBSCRIPTION_PURCHASE_INSTL	0	0	\N	2097152	\N
52	SUBSCRIPTION_RENEW_INDL	0	0	\N	2097152	\N
53	SUBSCRIPTION_RENEW_INSTL	0	0	\N	2097152	\N
54	CITATION_EDITOR_AUTHOR_QUERY	0	0	\N	\N	4
55	REVISED_VERSION_NOTIFY	0	0	\N	16	3
56	STATISTICS_REPORT_NOTIFICATION	1	0	16	17	\N
57	ANNOUNCEMENT	0	0	16	1048576	\N
58	EDITORIAL_REMINDER	0	0	16	1048576	\N
59	ORCID_COLLECT_AUTHOR_ID	0	1	\N	\N	\N
60	ORCID_REQUEST_AUTHOR_AUTHORIZATION	0	1	\N	\N	\N
61	PAYPAL_INVESTIGATE_PAYMENT	0	1	\N	\N	\N
62	MANUAL_PAYMENT_NOTIFICATION	0	1	\N	\N	\N
\.


--
-- Data for Name: email_templates_default_data; Type: TABLE DATA; Schema: public; Owner: ojs-ci
--

COPY public.email_templates_default_data (email_key, locale, subject, body, description) FROM stdin;
NOTIFICATION	en_US	New notification from {$journalName}	You have a new notification from {$journalName}:<br />\n<br />\n{$notificationContents}<br />\n<br />\nLink: {$notificationUrl}<br />\n<br />\n{$signature}\n<hr />{$unsubscribeLink}	\N
NOTIFICATION_CENTER_DEFAULT	en_US	A message regarding {$journalName}	Please enter your message.	The default (blank) message used in the Notification Center Message Listbuilder.
PASSWORD_RESET_CONFIRM	en_US	Password Reset Confirmation	We have received a request to reset your password for the {$siteTitle} web site.<br />\n<br />\nIf you did not make this request, please ignore this email and your password will not be changed. If you wish to reset your password, click on the below URL.<br />\n<br />\nReset my password: {$passwordResetUrl}<br />\n<br />\n{$signature}	This email is sent to a registered user when they indicate that they have forgotten their password or are unable to login. It provides a URL they can follow to reset their password.
PASSWORD_RESET	en_US	Password Reset	Your password has been successfully reset for use with the {$siteTitle} web site. Please retain this username and password, as it is necessary for all work with the journal.<br />\n<br />\nYour username: {$recipientUsername}<br />\nPassword: {$password}<br />\n<br />\n{$signature}	This email is sent to a registered user when they have successfully reset their password following the process described in the PASSWORD_RESET_CONFIRM email.
USER_REGISTER	en_US	Journal Registration	{$recipientName}<br />\n<br />\nYou have now been registered as a user with {$journalName}. We have included your username and password in this email, which are needed for all work with this journal through its website. At any point, you can ask to be removed from the journal's list of users by contacting me.<br />\n<br />\nUsername: {$recipientUsername}<br />\nPassword: {$password}<br />\n<br />\nThank you,<br />\n{$signature}	This email is sent to a newly registered user to welcome them to the system and provide them with a record of their username and password.
USER_VALIDATE_CONTEXT	en_US	Validate Your Account	{$recipientName}<br />\n<br />\nYou have created an account with {$journalName}, but before you can start using it, you need to validate your email account. To do this, simply follow the link below:<br />\n<br />\n{$activateUrl}<br />\n<br />\nThank you,<br />\n{$signature}	\N
USER_VALIDATE_SITE	en_US	Validate Your Account	{$recipientName}<br />\n<br />\nYou have created an account with {$siteTitle}, but before you can start using it, you need to validate your email account. To do this, simply follow the link below:<br />\n<br />\n{$activateUrl}<br />\n<br />\nThank you,<br />\n{$signature}	\N
REVIEWER_REGISTER	en_US	Registration as Reviewer with {$journalName}	In light of your expertise, we have taken the liberty of registering your name in the reviewer database for {$journalName}. This does not entail any form of commitment on your part, but simply enables us to approach you with a submission to possibly review. On being invited to review, you will have an opportunity to see the title and abstract of the paper in question, and you'll always be in a position to accept or decline the invitation. You can also ask at any point to have your name removed from this reviewer list.<br />\n<br />\nWe are providing you with a username and password, which is used in all interactions with the journal through its website. You may wish, for example, to update your profile, including your reviewing interests.<br />\n<br />\nUsername: {$recipientUsername}<br />\nPassword: {$password}<br />\n<br />\nThank you,<br />\n{$signature}	This email is sent to a newly registered reviewer to welcome them to the system and provide them with a record of their username and password.
ISSUE_PUBLISH_NOTIFY	en_US	A new issue is now available: {$issueIdentification}	<p>Dear Reader,</p><p>{$journalName} is pleased to announce the publication of our latest issue: {$issueIdentification}. We invite you to visit the table of contents and review the articles and items of interest. Many thanks to our authors, reviewers, and editors for their valuable contributions to this work, and to our readers for your continued interest.</p><p>Sincerely,</p>{$signature}	This email is sent to registered readers via the "Notify Users" link in the Editor's User Home. It notifies readers of a new submission that is published separately from an issue, using a continuous publishing model.
LOCKSS_EXISTING_ARCHIVE	en_US	Archiving Request for {$journalName}	Dear [University Librarian]<br />\n<br />\n{$journalName} &amp;lt;{$journalUrl}&amp;gt;, is a journal for which a member of your faculty, [name of member], serves as a [title of position]. The journal is seeking to establish a LOCKSS (Lots of Copies Keep Stuff Safe) compliant archive with this and other university libraries.<br />\n<br />\n[Brief description of journal]<br />\n<br />\nThe URL to the LOCKSS Publisher Manifest for our journal is: {$journalUrl}/gateway/lockss<br />\n<br />\nWe understand that you are already participating in LOCKSS. If we can provide any additional metadata for purposes of registering our journal with your version of LOCKSS, we would be happy to provide it.<br />\n<br />\nThank you,<br />\n{$signature}	This email requests the keeper of a LOCKSS archive to consider including this journal in their archive. It provides the URL to the journal's LOCKSS Publisher Manifest.
LOCKSS_NEW_ARCHIVE	en_US	Archiving Request for {$journalName}	Dear [University Librarian]<br />\n<br />\n{$journalName} &amp;lt;{$journalUrl}&amp;gt;, is a journal for which a member of your faculty, [name of member] serves as a [title of position]. The journal is seeking to establish a LOCKSS (Lots of Copies Keep Stuff Safe) compliant archive with this and other university libraries.<br />\n<br />\n[Brief description of journal]<br />\n<br />\nThe LOCKSS Program &amp;lt;https://lockss.org&amp;gt;, an international library/publisher initiative, is a working example of a distributed preservation and archiving repository, additional details are below. The software, which runs on an ordinary personal computer is free; the system is easily brought on-line; very little ongoing maintenance is required.<br />\n<br />\nTo assist in the archiving of our journal, we invite you to become a member of the LOCKSS community, to help collect and preserve titles produced by your faculty and by other scholars worldwide. To do so, please have someone on your staff visit the LOCKSS site for information on how this system operates. I look forward to hearing from you on the feasibility of providing this archiving support for this journal.<br />\n<br />\nThank you,<br />\n{$signature}	This email encourages the recipient to participate in the LOCKSS initiative and include this journal in the archive. It provides information about the LOCKSS initiative and ways to become involved.
REVIEW_REINSTATE	en_US	Can you still review something for {$journalName}?	<p>Dear {$recipientName},</p><p>We recently cancelled our request for you to review a submission, {$submissionTitle}, for {$journalName}. We've reversed that decision and we hope that you are still able to conduct the review.</p><p>If you are able to assist with this journal's review process, you can login to the journal to view the submission, upload review files, and submit your review request.</p><p>If you have any questions, please contact me.</p><p>Kind regards,</p>{$signature}	\N
SUBMISSION_ACK	en_US	Thank you for your submission to {$journalName}	<p>Dear {$recipientName},</p><p>Thank you for your submission to {$journalName}. We have received your submission, {$submissionTitle}, and a member of our editorial team will see it soon. You will be sent an email when an initial decision is made, and we may contact you for further information.</p><p>You can view your submission and track its progress through the editorial process at the following location:</p><p>Submission URL: {$authorSubmissionUrl}</p><p>If you have been logged out, you can login again with the username {$recipientUsername}</p><p>If you have any questions, please contact me from your <a href="{$authorSubmissionUrl}">submission dashboard</a>.</p><p>Thank you for considering this journal as a venue for your work.</p>{$signature}	This email, when enabled, is automatically sent to an author when they submit to the journal. It provides information about tracking the submission through the editorial process and thanks the author for the submission.
SUBMISSION_ACK_NOT_USER	en_US	Submission confirmation	<p>Dear {$recipientName},</p><p>You have been named as a co-author on a submission to {$journalName}. The submitter, {$submitterName}, provided the following details:</p><p>{$submissionTitle}<br>{$authorsWithAffiliation}</p><p>If any of these details are incorrect, or you do not wish to be named on this submission, please contact me.</p><p>Thank you for considering this journal as a venue for your work.</p><p>Kind regards,</p>{$signature}	This email, when enabled, is automatically sent to authors named on a submission who are not the submitting author.
EDITOR_ASSIGN	en_US	You have been assigned as an editor on a submission to {$journalName}	<p>Dear {$recipientName},</p><p>The following submission has been assigned to you to see through the editorial process.</p><p><a href="{$submissionUrl}">{$submissionTitle}</a><br />{$authors}</p><p>If you find the submission to be relevant for {$journalName}, please forward the submission to the review stage by selecting "Send to Review" and then assign reviewers by clicking "Add Reviewer".</p><p>If the submission is not appropriate for this journal, please decline the submission.</p><p>Thank you in advance.</p><p>Kind regards,</p>{$signature}	This email notifies a Section Editor that the Editor has assigned them the task of overseeing a submission through the editing process. This template is available to select when an editor is assigned to a submission in the Participants area. This template should be used when the section editor has the ability to record editorial decisions.
REVIEW_CANCEL	en_US	Request for Review Cancelled	{$recipientName}:<br />\n<br />\nWe have decided at this point to cancel our request for you to review the submission, &quot;{$submissionTitle},&quot; for {$journalName}. We apologize for any inconvenience this may cause you and hope that we will be able to call on you to assist with this journal's review process in the future.<br />\n<br />\nIf you have any questions, please contact me.	\N
REVIEW_DECLINE	en_US	Unable to Review	Editors:<br />\n<br />\nI am afraid that at this time I am unable to review the submission, &quot;{$submissionTitle},&quot; for {$journalName}. Thank you for thinking of me, and another time feel free to call on me.<br />\n<br />\n{$senderName}	\N
REVIEW_REQUEST	en_US	Invitation to review	<p>Dear {$recipientName},</p><p>I believe that you would serve as an excellent reviewer for a submission  to {$journalName}. The submission's title and abstract are below, and I hope that you will consider undertaking this important task for us.</p><p>If you are able to review this submission, your review is due by {$reviewDueDate}. You can view the submission, upload review files, and submit your review by logging into the journal site and following the steps at the link below.</p><p><a href="{$reviewAssignmentUrl}">{$submissionTitle}</a></p><p>Abstract</p>{$submissionAbstract}<p>Please accept or decline the review by {$responseDueDate}</p><p>You may contact me with any questions about the submission or the review process.</p><p>Thank you for considering this request. Your help is much appreciated.</p><p>Kind regards,</p>{$signature}	\N
REVIEW_REQUEST_SUBSEQUENT	en_US	Request to review a revised submission	<p>Dear {$recipientName},</p><p>Thank you for your review of <a href="{$reviewAssignmentUrl}">{$submissionTitle}</a>. The authors have considered the reviewers' feedback and have now submitted a revised version of their work. I'm writing to ask if you would conduct a second round of peer review for this submission. {$journalName}.</p><p>If you are able to review this submission, your review is due by {$reviewDueDate}. You can <a href="{$reviewAssignmentUrl}">follow the review steps</a> to view the submission, upload review files, and submit your review comments.<p><p><a href="{$reviewAssignmentUrl}">{$submissionTitle}</a></p><p>Abstract</p>{$submissionAbstract}<p>Please accept or decline the review by {$responseDueDate}.</p><p>Please feel free to contact me with any questions about the submission or the review process.</p><p>Thank you for considering this request. Your help is much appreciated.</p><p>Kind regards,</p>{$signature}	\N
REVIEW_RESPONSE_OVERDUE_AUTO	en_US	Will you be able to review this for us?	<p>Dear {$recipientName},</p><p>This email is an automated reminder from {$journalName} in regards to our request for your review of the submission, "{$submissionTitle}."</p><p>You are receiving this email because we have not yet received a confirmation from you indicating whether or not you are able to undertake the review of this submission.</p><p>Please let us know whether or not you are able to undertake this review by using our submission management software to accept or decline this request.</p><p>If you are able to review this submission, your review is due by {$reviewDueDate}. You can follow the review steps to view the submission, upload review files, and submit your review comments.</p><p>{$submissionTitle}</p><p>Abstract</p>{$submissionAbstract}<p>Please feel free to contact me with any questions about the submission or the review process.</p><p>Thank you for considering this request. Your help is much appreciated.</p><p>Kind regards,</p>{$signature}	\N
REVIEW_CONFIRM	en_US	Able to Review	Editors:<br />\n<br />\nI am able and willing to review the submission, &quot;{$submissionTitle},&quot; for {$journalName}. Thank you for thinking of me, and I plan to have the review completed by its due date, {$reviewDueDate}, if not before.<br />\n<br />\n{$senderName}	\N
REVIEW_ACK	en_US	Thank you for your review	<p>Dear {$recipientName},</p>\n<p>Thank you for completing your review of the submission, {$submissionTitle}, for {$journalName}. We appreciate your time and expertise in contributing to the quality of the work that we publish. We have shared your comments with the authors, along with our other reviewers' comments and the editor's decision.</p>\n<p>Based on the feedback we received, we have notified the authors of the following:</p>\n<p>{$decisionDescription}</p>\n<p>Your recommendation was considered alongside the recommendations of other reviewers before coming to a decision. Occasionally the editor's decision may differ from the recommendation made by one or more reviewers. The editor considers many factors, and does not take these decisions lightly. We are grateful for our reviewers' expertise and suggestions.</p>\n<p>It has been a pleasure to work with you as a reviewer for {$journalName}, and we hope to have the opportunity to work with you again in the future.</p>\n<p>Kind regards,</p>\n<p>{$signature}</p>	\N
REVIEW_REMIND	en_US	A reminder to please complete your review	<p>Dear {$recipientName},</p><p>Just a gentle reminder of our request for your review of the submission, "{$submissionTitle}," for {$journalName}. We were expecting to have this review by {$reviewDueDate} and we would be pleased to receive it as soon as you are able to prepare it.</p><p>You can login to the journal and follow the review steps to view the submission, upload review files, and submit your review comments.</p><p>If you need an extension of the deadline, please contact me. I look forward to hearing from you.</p><p>Thank you in advance and kind regards,</p>{$signature}	\N
REVIEW_REMIND_AUTO	en_US	A reminder to please complete your review	<p>Dear {$recipientName}:</p><p>This email is an automated reminder from {$journalName} in regards to our request for your review of the submission, "{$submissionTitle}."</p><p>We were expecting to have this review by {$reviewDueDate} and we would be pleased to receive it as soon as you are able to prepare it.</p><p>Please login to the journal and follow the review steps to view the submission, upload review files, and submit your review comments.</p><p>If you need an extension of the deadline, please contact me. I look forward to hearing from you.</p><p>Thank you in advance and kind regards,</p>{$signature}	\N
EDITOR_DECISION_ACCEPT	en_US	Your submission has been accepted to {$journalName}	<p>Dear {$recipientName},</p><p>I am pleased to inform you that we have decided to accept your submission without further revision. After careful review, we found your submission, {$submissionTitle}, to meet or exceed our expectations. We are excited to publish your piece in {$journalName} and we thank you for choosing our journal as a venue for your work.</p><p>Your submission is now forthcoming in a future issue of {$journalName} and you are welcome to include it in your list of publications. We recognize the hard work that goes into every successful submission and we want to congratulate you on reaching this stage.</p><p>Your submission will now undergo copy editing and formatting to prepare it for publication.</p><p>You will shortly receive further instructions.</p><p>If you have any questions, please contact me from your <a href="{$authorSubmissionUrl}">submission dashboard</a>.</p><p>Kind regards,</p>{$signature}	\N
EDITOR_DECISION_SEND_TO_EXTERNAL	en_US	Your submission has been sent for review	<p>Dear {$recipientName},</p><p>I am pleased to inform you that an editor has reviewed your submission, {$submissionTitle}, and has decided to send it for peer review. An editor will identify qualified reviewers who will provide feedback on your submission.</p><p>{$reviewTypeDescription} You will hear from us with feedback from the reviewers and information about the next steps.</p><p>Please note that sending the submission to peer review does not guarantee that it will be published. We will consider the reviewers' recommendations before deciding to accept the submission for publication. You may be asked to make revisions and respond to the reviewers' comments before a final decision is made.</p><p>If you have any questions, please contact me from your submission dashboard.</p><p>{$signature}</p>	\N
EDITOR_DECISION_SEND_TO_PRODUCTION	en_US	Next steps for publishing your submission	<p>Dear {$recipientName},</p><p>I am writing from {$journalName} to let you know that the editing of your submission, {$submissionTitle}, is complete. Your submission will now advance to the production stage, where the final galleys will be prepared for publication. We will contact you if we need any further assistance.</p><p>If you have any questions, please contact me from your <a href="{$authorSubmissionUrl}">submission dashboard</a>.</p><p>Kind regards,</p>{$signature}	\N
EDITOR_DECISION_REVISIONS	en_US	Your submission has been reviewed and we encourage you to submit revisions	<p>Dear {$recipientName},</p><p>Your submission {$submissionTitle} has been reviewed and we would like to encourage you to submit revisions that address the reviewers' comments. An editor will review these revisions and if they address the concerns adequately, your submission may be accepted for publication.</p><p>The reviewers' comments are included at the bottom of this email. Please respond to each point in the reviewers' comments and identify what changes you have made. If you find any of the reviewer's comments to be unjustified or inappropriate, please explain your perspective.</p><p>When you have completed your revisions, you can upload revised documents along with your response to the reviewers' comments at your <a href="{$authorSubmissionUrl}">submission dashboard</a>. If you have been logged out, you can login again with the username {$recipientUsername}.</p><p>If you have any questions, please contact me from your <a href="{$authorSubmissionUrl}">submission dashboard</a>.</p><p>We look forward to receiving your revised submission.</p><p>Kind regards,</p>{$signature}<hr><p>The following comments were received from reviewers.</p>{$allReviewerComments}	\N
EDITOR_DECISION_RESUBMIT	en_US	Your submission has been reviewed - please revise and resubmit	<p>Dear {$recipientName},</p><p>After reviewing your submission, {$submissionTitle}, the reviewers have recommended that your submission cannot be accepted for publication in its current form. However, we would like to encourage you to submit a revised version that addresses the reviewers' comments. Your revisions will be reviewed by an editor and may be sent out for another round of peer review.</p><p>Please note that resubmitting your work does not guarantee that it will be accepted.</p><p>The reviewers' comments are included at the bottom of this email. Please respond to each point and identify what changes you have made. If you find any of the reviewer's comments inappropriate, please explain your perspective. If you have questions about the recommendations in your review, please include these in your response.</p><p>When you have completed your revisions, you can upload revised documents along with your response to the reviewers' comments <a href="{$authorSubmissionUrl}">at your submission dashboard</a>. If you have been logged out, you can login again with the username {$recipientUsername}.</p><p>If you have any questions, please contact me from your <a href="{$authorSubmissionUrl}">submission dashboard</a>.</p><p>We look forward to receiving your revised submission.</p><p>Kind regards,</p>{$signature}<hr><p>The following comments were received from reviewers.</p>{$allReviewerComments}	\N
EDITOR_DECISION_DECLINE	en_US	Your submission has been declined	<p>Dear {$recipientName},</p><p>While we appreciate receiving your submission, we are unable to accept {$submissionTitle} for publication on the basis of the comments from reviewers.</p><p>The reviewers' comments are included at the bottom of this email.</p><p>Thank you for submitting to {$journalName}. Although it is disappointing to have a submission declined, I hope you find the reviewers' comments to be constructive and helpful.</p><p>You are now free to submit the work elsewhere if you choose to do so.</p><p>Kind regards,</p>{$signature}<hr><p>The following comments were received from reviewers.</p>{$allReviewerComments}	\N
EDITOR_DECISION_INITIAL_DECLINE	en_US	Your submission has been declined	<p>Dear {$recipientName},</p><p>Im sorry to inform you that, after reviewing your submission, {$submissionTitle}, the editor has found that it does not meet our requirements for publication in {$journalName}.</p><p>I wish you success if you consider submitting your work elsewhere.</p><p>Kind regards,</p>{$signature}	\N
EDITOR_RECOMMENDATION	en_US	Editor Recommendation	<p>Dear {$recipientName},</p><p>After considering the reviewers' feedback, I would like to make the following recommendation regarding the submission {$submissionTitle}.</p><p>My recommendation is:<br />{$recommendation}.</p><p>Please visit the submission's <a href="{$submissionUrl}">editorial workflow</a> to act on this recommendation.</p><p>Please feel free to contact me with any questions.</p><p>Kind regards,</p><p>{$senderName}</p>	\N
EDITOR_DECISION_NOTIFY_OTHER_AUTHORS	en_US	An update regarding your submission	<p>The following email was sent to {$submittingAuthorName} from {$journalName} regarding {$submissionTitle}.</p>\n<p>You are receiving a copy of this notification because you are identified as an author of the submission. Any instructions in the message below are intended for the submitting author, {$submittingAuthorName}, and no action is required of you at this time.</p>\n\n{$messageToSubmittingAuthor}	\N
EDITOR_DECISION_BACK_TO_COPYEDITING	en_US	Your submission has been sent back for copyediting	<p>Dear {$recipientName},</p>\n<p>Your submission, {$submissionTitle}, has been sent back to the copy editing stage. \nIt will undergo further copy editing and formatting to prepare it for publication.</p>\n<p>Your submission is still forthcoming in a future issue of {$journalName}. It was moved back to the copy editing stage because it is not yet ready for the final galleys to be prepared for publication.</p>\n<p>We will contact you if we need any further assistance.</p>\n<p>If you have any questions, please contact me from your <a href="{$authorSubmissionUrl}">submission dashboard</a>.</p>\n<p>Kind regards,</p>\n<p>{$signature}</p>\n	\N
SUBMISSION_ACK_NOT_USER	fr_CA	Accus de rception de la soumission	Bonjour,<br />\n<br />\nLe manuscrit intitul ,  {$submissionTitle}  , a t soumis par {$submitterName}  la revue {$journalName}.<br />\n<br />\nSi vous avez des questions, n'hsitez pas  communiquer avec nous. Nous vous remercions d'avoir pens  la revue {$journalName} pour la publication de vos travaux.<br />\n<br />\n{$signature}	Ce courriel, lorsque activ, est envoy automatiquement aux autres auteur-e-s qui ne sont pas des utilisateurs-trices de OJS signals-es comme effectuant la soumission.
EDITOR_DECISION_BACK_TO_REVIEW	en_US	Your submission has been sent back for review	<p>Dear {$recipientName},</p>\n<p>Your submission, {$submissionTitle}, has been sent back to the review stage. \nIt will undergo further review before it can be accepted for publication.</p>\n<p>Occasionally, a decision to accept a submission will be recorded accidentally \nin our system and we must send it back to review. I apologize for any confusion \nthis has caused. We will work to complete any further review quickly so that you \nhave a final decision as soon as possible.</p><p>We will contact you if we need any further assistance.</p>\n<p>If you have any questions, please contact me from your <a href="{$authorSubmissionUrl}">submission dashboard</a>.</p>\n<p>Kind regards,</p>\n<p>{$signature}</p>\n	\N
EDITOR_DECISION_BACK_TO_SUBMISSION	en_US	Your submission has been sent back for editorial review	<p>Dear {$recipientName},</p>\n<p>Your submission, {$submissionTitle}, has been sent back to the submission stage. \nAn editor will look it over before it is sent for peer review.</p>\n<p>Occasionally, a decision to send a submission for peer review will be recorded accidentally \nin our system and we must send it back to the submission stage. I apologize for any confusion \nthis may have caused.</p><p>We will contact you if we need any further assistance.</p>\n<p>If you have any questions, please contact me from your <a href="{$authorSubmissionUrl}">submission dashboard</a>.</p>\n<p>Kind regards,</p>\n<p>{$signature}</p>\n	\N
EDITOR_DECISION_NEW_ROUND	en_US	Your submission has been sent for another round of review	<p>Dear {$recipientName},</p>\n<p>Your revised submission, {$submissionTitle}, has been sent for a new round of peer review. \nYou will hear from us with feedback from the reviewers and information about the next steps.</p>\n<p>If you have any questions, please contact me from your <a href="{$authorSubmissionUrl}">submission dashboard</a>.</p>\n<p>Kind regards,</p>\n<p>{$signature}</p>\n	\N
EDITOR_DECISION_REVERT_DECLINE	en_US	We have reversed the decision to decline your submission	<p>Dear {$recipientName},</p>\n<p>The decision to decline your submission, {$submissionTitle}, has been reversed. \nAn editor will complete the round of review and you will be notified when a \ndecision is made.</p>\n<p>Occasionally, a decision to decline a submission will be recorded accidentally in \nour system and must be reverted. I apologize for any confusion this may have caused.</p>\n<p>We will contact you if we need any further assistance.</p>\n<p>If you have any questions, please contact me from your <a href="{$authorSubmissionUrl}">submission dashboard</a>.</p>\n<p>Kind regards,</p>\n<p>{$signature}</p>\n	\N
EDITOR_DECISION_REVERT_INITIAL_DECLINE	en_US	We have reversed the decision to decline your submission	<p>Dear {$recipientName},</p>\n<p>The decision to decline your submission, {$submissionTitle}, has been reversed. \nAn editor will look further at your submission before deciding whether to decline \nthe submission or send it for review.</p>\n<p>Occasionally, a decision to decline a submission will be recorded accidentally in \nour system and must be reverted. I apologize for any confusion this may have caused.</p>\n<p>We will contact you if we need any further assistance.</p>\n<p>If you have any questions, please contact me from your <a href="{$authorSubmissionUrl}">submission dashboard</a>.</p>\n<p>Kind regards,</p>\n<p>{$signature}</p>\n	\N
EDITOR_DECISION_SKIP_REVIEW	en_US	Your submission has been sent for copyediting	<p>Dear {$recipientName},</p>\n<p>I am pleased to inform you that we have decided to accept your submission without peer review. We found your submission, {$submissionTitle}, to meet our expectations, and we do not require that work of this type undergo peer review. We are excited to publish your piece in {$journalName} and we thank you for choosing our journal as a venue for your work.</p>\nYour submission is now forthcoming in a future issue of {$journalName} and you are welcome to include it in your list of publications. We recognize the hard work that goes into every successful submission and we want to congratulate you on your efforts.</p>\n<p>Your submission will now undergo copy editing and formatting to prepare it for publication. </p>\n<p>You will shortly receive further instructions.</p>\n<p>If you have any questions, please contact me from your <a href="{$authorSubmissionUrl}">submission dashboard</a>.</p>\n<p>Kind regards,</p>\n<p>{$signature}</p>\n	\N
COPYEDIT_REQUEST	en_US	Submission {$submissionId} is ready to be copyedited for {$contextAcronym}	<p>Dear {$recipientName},</p><p>A new submission is ready to be copyedited:</p><p><a href"{$submissionUrl}">{$submissionId} {$submissionTitle}</a><br />{$journalName}</p><p>Please follow these steps to complete this task:</p><ol><li>1. Click on the Submission URL below.</li><li>2. Open any files available under Draft Files and edit the files. Use the Copyediting Discussions area if you need to contact the editor(s) or author(s).</li><li>3. Save the copyedited file(s) and upload them to the Copyedited panel.</li><li>4. Use the Copyediting Discussions to notify the editor(s) that all files have been prepared, and that the Production process may begin.</li></ol><p>If you are unable to undertake this work at this time or have any questions, please contact me. Thank you for your contribution to this journal.</p><p>Kind regards,</p>{$signature}	This email is sent by an Editor to a submission's Copyeditor to request that they begin the copyediting process. It provides information about the submission and how to access it.
SUBSCRIPTION_BEFORE_EXPIRY	en_US	Notice of Subscription Expiry	{$recipientName}:<br />\n<br />\nYour {$journalName} subscription is about to expire.<br />\n<br />\n{$subscriptionType}<br />\nExpiry date: {$expiryDate}<br />\n<br />\nTo ensure the continuity of your access to this journal, please go to the journal website and renew your subscription. You are able to log in to the system with your username, &quot;{$recipientUsername}&quot;.<br />\n<br />\nIf you have any questions, please feel free to contact me.<br />\n<br />\n{$signature}	This email notifies a subscriber that their subscription will soon expire. It provides the journal's URL along with instructions for access.
LAYOUT_REQUEST	en_US	Submission {$submissionId} is ready for production at {$contextAcronym}	<p>Dear {$recipientName},</p><p>A new submission is ready for layout editing:</p><p><a href="{$submissionUrl}">{$submissionId} {$submissionTitle}</a><br />{$journalName}</p><ol><li>1. Click on the Submission URL above.</li><li>2. Download the Production Ready files and use them to create the galleys according to the journal's standards.</li><li>3. Upload the galleys to the Publication section of the submission.</li><li>4. Use the  Production Discussions to notify the editor that the galleys are ready.</li></ol><p>If you are unable to undertake this work at this time or have any questions, please contact me. Thank you for your contribution to this journal.</p><p>Kind regards,</p>{$signature}	This email from an Editor to the Layout Editor notifies them that they have been assigned the task of performing layout editing on a submission. It provides information about the submission and how to access it.
LAYOUT_COMPLETE	en_US	Galleys Complete	<p>Dear {$recipientName},<p><p>Galleys have now been prepared for the following submission and are ready for final review.</p><p><a href="{$submissionUrl}">{$submissionTitle}</a><br />{$journalName}</p><p>If you have any questions, please contact me.</p><p>Kind regards,</p><p>{$senderName}</p>	This email from the Layout Editor notifies an editor that the galleys have been completed.
EMAIL_LINK	en_US	Article of Possible Interest	Thought you might be interested in seeing &quot;{$submissionTitle}&quot; by {$authors} published in Vol {$volume}, No {$number} ({$year}) of {$journalName} at &quot;{$submissionUrl}&quot;.	This email template provides a registered reader with the opportunity to send information about an article to somebody who may be interested. It is available via the Reading Tools and must be enabled by the Journal Manager in the Reading Tools Administration page.
SUBSCRIPTION_NOTIFY	en_US	Subscription Notification	{$recipientName}:<br />\n<br />\nYou have now been registered as a subscriber in our online journal management system for {$journalName}, with the following subscription:<br />\n<br />\n{$subscriptionType}<br />\n<br />\nTo access content that is available only to subscribers, simply log in to the system with your username, &quot;{$recipientUsername}&quot;.<br />\n<br />\nOnce you have logged in to the system you can change your profile details and password at any point.<br />\n<br />\nPlease note that if you have an institutional subscription, there is no need for users at your institution to log in, since requests for subscription content will be automatically authenticated by the system.<br />\n<br />\nIf you have any questions, please feel free to contact me.<br />\n<br />\n{$signature}	This email notifies a registered reader that the Manager has created a subscription for them. It provides the journal's URL along with instructions for access.
OPEN_ACCESS_NOTIFY	en_US	Issue Now Open Access	Readers:<br />\n<br />\n{$journalName} has just made available in an open access format the following issue. We invite you to review the Table of Contents here and then visit our web site ({$journalUrl}) to review articles and items of interest.<br />\n<br />\nThanks for the continuing interest in our work,<br />\n{$signature}	This email is sent to registered readers who have requested to receive a notification email when an issue becomes open access.
SUBSCRIPTION_AFTER_EXPIRY	en_US	Subscription Expired	{$recipientName}:<br />\n<br />\nYour {$journalName} subscription has expired.<br />\n<br />\n{$subscriptionType}<br />\nExpiry date: {$expiryDate}<br />\n<br />\nTo renew your subscription, please go to the journal website. You are able to log in to the system with your username, &quot;{$recipientUsername}&quot;.<br />\n<br />\nIf you have any questions, please feel free to contact me.<br />\n<br />\n{$signature}	This email notifies a subscriber that their subscription has expired. It provides the journal's URL along with instructions for access.
SUBSCRIPTION_AFTER_EXPIRY_LAST	en_US	Subscription Expired - Final Reminder	{$recipientName}:<br />\n<br />\nYour {$journalName} subscription has expired.<br />\nPlease note that this is the final reminder that will be emailed to you.<br />\n<br />\n{$subscriptionType}<br />\nExpiry date: {$expiryDate}<br />\n<br />\nTo renew your subscription, please go to the journal website. You are able to log in to the system with your username, &quot;{$recipientUsername}&quot;.<br />\n<br />\nIf you have any questions, please feel free to contact me.<br />\n<br />\n{$signature}	This email notifies a subscriber that their subscription has expired. It provides the journal's URL along with instructions for access.
SUBSCRIPTION_PURCHASE_INDL	en_US	Subscription Purchase: Individual	An individual subscription has been purchased online for {$journalName} with the following details.<br />\n<br />\nSubscription Type:<br />\n{$subscriptionType}<br />\n<br />\nUser:<br />\n{$subscriberDetails}<br />\n<br />\nMembership Information (if provided):<br />\n{$membership}<br />\n<br />\nTo view or edit this subscription, please use the following URL.<br />\n<br />\nSubscription URL: {$subscriptionUrl}<br />\n	This email notifies the Subscription Manager that an individual subscription has been purchased online. It provides summary information about the subscription and a quick access link to the purchased subscription.
SUBSCRIPTION_PURCHASE_INSTL	en_US	Subscription Purchase: Institutional	An institutional subscription has been purchased online for {$journalName} with the following details. To activate this subscription, please use the provided Subscription URL and set the subscription status to 'Active'.<br />\n<br />\nSubscription Type:<br />\n{$subscriptionType}<br />\n<br />\nInstitution:<br />\n{$institutionName}<br />\n{$institutionMailingAddress}<br />\n<br />\nDomain (if provided):<br />\n{$domain}<br />\n<br />\nIP Ranges (if provided):<br />\n{$ipRanges}<br />\n<br />\nContact Person:<br />\n{$subscriberDetails}<br />\n<br />\nMembership Information (if provided):<br />\n{$membership}<br />\n<br />\nTo view or edit this subscription, please use the following URL.<br />\n<br />\nSubscription URL: {$subscriptionUrl}<br />\n	This email notifies the Subscription Manager that an institutional subscription has been purchased online. It provides summary information about the subscription and a quick access link to the purchased subscription.
SUBSCRIPTION_RENEW_INDL	en_US	Subscription Renewal: Individual	An individual subscription has been renewed online for {$journalName} with the following details.<br />\n<br />\nSubscription Type:<br />\n{$subscriptionType}<br />\n<br />\nUser:<br />\n{$subscriberDetails}<br />\n<br />\nMembership Information (if provided):<br />\n{$membership}<br />\n<br />\nTo view or edit this subscription, please use the following URL.<br />\n<br />\nSubscription URL: {$subscriptionUrl}<br />\n	This email notifies the Subscription Manager that an individual subscription has been renewed online. It provides summary information about the subscription and a quick access link to the renewed subscription.
SUBSCRIPTION_RENEW_INSTL	en_US	Subscription Renewal: Institutional	An institutional subscription has been renewed online for {$journalName} with the following details.<br />\n<br />\nSubscription Type:<br />\n{$subscriptionType}<br />\n<br />\nInstitution:<br />\n{$institutionName}<br />\n{$institutionMailingAddress}<br />\n<br />\nDomain (if provided):<br />\n{$domain}<br />\n<br />\nIP Ranges (if provided):<br />\n{$ipRanges}<br />\n<br />\nContact Person:<br />\n{$subscriberDetails}<br />\n<br />\nMembership Information (if provided):<br />\n{$membership}<br />\n<br />\nTo view or edit this subscription, please use the following URL.<br />\n<br />\nSubscription URL: {$subscriptionUrl}<br />\n	This email notifies the Subscription Manager that an institutional subscription has been renewed online. It provides summary information about the subscription and a quick access link to the renewed subscription.
CITATION_EDITOR_AUTHOR_QUERY	en_US	Citation Editing	{$recipientName},<br />\n<br />\nCould you please verify or provide us with the proper citation for the following reference from your article, {$submissionTitle}:<br />\n<br />\n{$rawCitation}<br />\n<br />\nThanks!<br />\n<br />\n{$senderName}<br />\nCopy-Editor, {$journalName}<br />\n	This email allows copyeditors to request additional information about references from authors.
REVISED_VERSION_NOTIFY	en_US	Revised Version Uploaded	Editors:<br />\n<br />\nA revised version of &quot;{$submissionTitle}&quot; has been uploaded by the author {$authors}.<br />\n<br />\nSubmission URL: {$submissionUrl}<br />\n<br />\n{$signature}	This email is automatically sent to the assigned editor when author uploads a revised version of an article.
STATISTICS_REPORT_NOTIFICATION	en_US	Editorial activity for {$month}, {$year}	\n{$name}, <br />\n<br />\nYour journal health report for {$month}, {$year} is now available. Your key stats for this month are below.<br />\n<ul>\n\t<li>New submissions this month: {$newSubmissions}</li>\n\t<li>Declined submissions this month: {$declinedSubmissions}</li>\n\t<li>Accepted submissions this month: {$acceptedSubmissions}</li>\n\t<li>Total submissions in the system: {$totalSubmissions}</li>\n</ul>\nLogin to the journal to view more detailed <a href="{$editorialStatsLink}">editorial trends</a> and <a href="{$publicationStatsLink}">published article stats</a>. A full copy of this month's editorial trends is attached.<br />\n<br />\nSincerely,<br />\n{$signature}	This email is automatically sent monthly to editors and journal managers to provide them a system health overview.
ANNOUNCEMENT	en_US	{$announcementTitle}	<b>{$announcementTitle}</b><br />\n<br />\n{$announcementSummary}<br />\n<br />\nVisit our website to read the <a href="{$announcementUrl}">full announcement</a>.	This email is sent when a new announcement is created.
EDITORIAL_REMINDER	en_US	Outstanding editorial tasks for {$journalName}	<p>Dear {$recipientName},</p><p>You are currently assigned to {$numberOfSubmissions} submissions in <a href="{$journalUrl}">{$journalName}</a>. The following submissions are <b>waiting for your response</b>.</p>{$outstandingTasks}<p>View all of your assignments in your <a href="{$submissionsUrl}">submission dashboard</a>.</p><p>This is an automated email from {$journalName}. You are receiving this email because you are an editor. To unsubscribe from these emails, please visit your <a href="{$userProfileUrl}">user profile</a>.</p><p>If you have any questions about your assignments, please contact {$contactName} at {$contactEmail}.</p>	This email is sent when a new announcement is created.
ORCID_COLLECT_AUTHOR_ID	en_US	Submission ORCID	Dear {$authorName},<br/>\n<br/>\nYou have been listed as an author on a manuscript submission to {$journalName}.<br/>\nTo confirm your authorship, please add your ORCID id to this submission by visiting the link provided below.<br/>\n<br/>\n<a href="{$authorOrcidUrl}"><img id="orcid-id-logo" src="https://info.orcid.org/wp-content/uploads/2020/12/ORCIDiD_icon16x16.png" width='16' height='16' alt="ORCID iD icon" style="display: block; margin: 0 .5em 0 0; padding: 0; float: left;"/>Register or connect your ORCID iD</a><br/>\n<br/>\n<br>\n<a href="{$orcidAboutUrl}">More information about ORCID at {$journalName}</a><br/>\n<br/>\nIf you have any questions, please contact me.<br/>\n<br/>\n{$principalContactSignature}<br/>\n	This email template is used to collect the ORCID id's from authors.
ORCID_REQUEST_AUTHOR_AUTHORIZATION	en_US	Requesting ORCID record access	Dear {$authorName},<br>\n<br>\nYou have been listed as an author on the manuscript submission "{$submissionTitle}" to {$journalName}.\n<br>\n<br>\nPlease allow us to add your ORCID id to this submission and also to add the submission to your ORCID profile on publication.<br>\nVisit the link to the official ORCID website, login with your profile and authorize the access by following the instructions.<br>\n<a href="{$authorOrcidUrl}"><img id="orcid-id-logo" src="https://info.orcid.org/wp-content/uploads/2020/12/ORCIDiD_icon16x16.png" width='16' height='16' alt="ORCID iD icon" style="display: block; margin: 0 .5em 0 0; padding: 0; float: left;"/>Register or Connect your ORCID iD</a><br/>\n<br>\n<br>\n<a href="{$orcidAboutUrl}">More about ORCID at {$journalName}</a><br/>\n<br>\nIf you have any questions, please contact me.<br>\n<br>\n{$principalContactSignature}<br>\n	This email template is used to request ORCID record access from authors.
PAYPAL_INVESTIGATE_PAYMENT	en_US	Unusual PayPal Activity	Open Journal Systems has encountered unusual activity relating to PayPal payment support for the journal {$journalName}. This activity may need further investigation or manual intervention.<br />\n                       <br />\nThis email was generated by Open Journal Systems' PayPal plugin.<br />\n<br />\nFull post information for the request:<br />\n{$postInfo}<br />\n<br />\nAdditional information (if supplied):<br />\n{$additionalInfo}<br />\n<br />\nServer vars:<br />\n{$serverVars}<br />\n	This email template is used to notify a journal's primary contact that suspicious activity or activity requiring manual intervention was encountered by the PayPal plugin.
MANUAL_PAYMENT_NOTIFICATION	en_US	Manual Payment Notification	A manual payment needs to be processed for the journal {$journalName} and the user {$userFullName} (username &quot;{$userName}&quot;).<br />\n<br />\nThe item being paid for is &quot;{$itemName}&quot;.<br />\nThe cost is {$itemCost} ({$itemCurrencyCode}).<br />\n<br />\nThis email was generated by Open Journal Systems' Manual Payment plugin.	This email template is used to notify a journal manager contact that a manual payment was requested.
NOTIFICATION	fr_CA	Nouvel avis de {$journalName}	Vous avez un nouvel avis de {$journalName} :<br />\n<br />\n{$notificationContents}<br />\n<br />\nLien : {$notificationUrl}<br />\n<br />\n{$signature}\n<hr />{$unsubscribeLink}	\N
NOTIFICATION_CENTER_DEFAULT	fr_CA	Un message  propos de la revue {$journalName}	Prire de saisir votre message.	Message blanc par dfaut utilis pour concevoir d'autres messages.
PASSWORD_RESET_CONFIRM	fr_CA	Confirmation de la rinitialisation du mot de passe	Nous avons reu une demande concernant la rinitialisation de votre mot de passe pour le site Web {$siteTitle}.<br />\n<br />\nSi vous n'avez pas fait cette demande, veuillez ne pas tenir compte du prsent message, votre mot de passe restera le mme. Si vous souhaitez rinitialiser votre mot de passe, cliquer sur l'URL ci-dessous.<br />\n<br />\nRinitialisation de mon mot de passe: {$passwordResetUrl}<br />\n<br />\n{$signature}	Ce courriel est envoy  l'utilisateur-trice inscrit-e qui nous signale avoir oubli son mot de passe ou qui est incapable d'ouvrir une session. Il fournit le lien URL  cliquer pour pouvoir rinitialiser son mot de passe.
PASSWORD_RESET	fr_CA	Rinitialisation du mot de passe	Votre mot de passe pour le site Web {$siteTitle} a t rinitialis avec succs. Veuillez conserver votre nom d'utilisateur-trice ainsi que votre mot de passe. Vous en aurez besoin pour chacune de vos interactions avec la revue.<br />\n<br />\nVotre nom d'utilisateur-trice: {$recipientUsername}<br />\nMot de passe: {$password}<br />\n<br />\n{$signature}	Ce courriel est envoy  l'utilisateur-trice inscrit-e lorsqu'il a russi  rinitialiser son mot de passe en ayant suivi la procdure dcrite dans le courriel  Confirmation de la rinitialisation du mot de passe .
USER_REGISTER	fr_CA	Inscription  la revue	{$recipientName},<br />\n<br />\nVous tes dsormais inscrit-e en tant qu'utilisateur-trice pour la revue {$journalName}. Votre nom d'utilisateur-trice et votre mot de passe figurent dans ce courriel, lesquels sont requis pour toute interaction avec la revue via son site Web.  n'importe quel moment, vous pouvez demander  tre retir-e de la liste des utilisateurs-trices de la revue en nous contactant.<br />\n<br />\nNom d'utilisateur-trice: {$recipientUsername}<br />\nMot de passe: {$password}<br />\n<br />\nMerci,<br />\n{$signature}	Ce courriel est envoy  utilisateur-trice nouvellement inscrit-e pour lui souhaiter la bienvenue  la revue et l'informer de son nom d'utilisateur-trice et de son mot de passe.
USER_VALIDATE_CONTEXT	fr_CA	Valider votre compte	{$recipientName},<br />\n<br />\nVous avez cr un compte pour la revue {$journalName}. Pour pouvoir commencer  l'utiliser il nous faut d'abord valider votre adresse de courriel. Pour ce faire, vous n'avez qu' suivre le lien ci-dessous :<br />\n<br />\n{$activateUrl}<br />\n<br />\nMerci,<br />\n{$signature}	\N
USER_VALIDATE_SITE	fr_CA	Valider votre compte	{$recipientName},<br />\n<br />\nVous avez cr un compte dans {$siteTitle}. Avant de pouvoir commencer  l'utiliser, il nous faut d'abord valider votre adresse de courriel. Pour ce faire, vous n'avez qu' suivre le lien ci-dessous :<br />\n<br />\n{$activateUrl}<br />\n<br />\nMerci,<br />\n{$signature}	\N
REVIEWER_REGISTER	fr_CA	Inscription en tant qu'valuateur-trice pour la revue {$journalName}	Compte tenu de votre expertise, nous avons pris l'initiative d'inscrire votre nom dans la base de donnes des valuateurs-trices de la revue {$journalName}. Cela ne vous engage d'aucune faon, mais nous permet simplement de solliciter vos services pour l'valuation d'une soumission. Si vous tes invit-e  effectuer une valuation, vous recevrez le titre et le rsum de l'article en question, et serez toujours libre d'accepter ou de refuser une telle invitation.  tout moment, il vous est galement possible de demander  ce que votre nom soit retir de la liste des valuateurs-trices.<br />\n<br />\nNous vous acheminons un nom d'utilisateur-trice et un mot de passe, car tous deux sont requis pour tout change avec la revue via son site Web. Vous pouvez, par exemple, si vous le souhaitez, effectuer la mise  jour de votre profil, y compris vos domaines d'intrt en matire d'valuation.<br />\n<br />\nNom d'utilisateur-trice : {$recipientUsername}<br />\nMot de passe : {$password}<br />\n<br />\nMerci,<br />\n{$signature}	Ce courriel est envoy  un,une valuateur-trice nouvellement inscrit-e, afin de lui souhaiter la bienvenue dans le systme et l'informer de son nom d'utilisateur-trice et de son mot de passe.
ISSUE_PUBLISH_NOTIFY	fr_CA	Parution du dernier numro	Lecteurs-trices,<br />\n<br />\nLe plus rcent numro de la revue {$journalName} vient d'tre publi  l'adresse suivante: {$journalUrl}. Nous vous invitons  consulter le sommaire, puis  visiter notre site Web pour y lire les articles qui vous intressent.<br />\n<br />\nNous vous remercions de l'intrt que vous portez  notre revue,<br />\n{$signature}	Ce courriel est envoy  tous et toutes les lecteurs-trices inscrits-es, via le lien  Aviser les utilisateurs-trices  sur la page d'accueil du,de la rdacteur-trice. Il avise les lecteurs-trices qu'un nouveau numro est publi et les invite  visiter la revue en cliquant sur l'URL fourni.
LOCKSS_EXISTING_ARCHIVE	fr_CA	Demande d'archivage pour la revue {$journalName}	Cher,Chre [Bibliothcaire universitaire],<br />\n<br />\n{$journalName} &lt;{$journalUrl}&gt; est une revue pour laquelle un membre de votre facult, [nom du membre], agit  titre de [titre de la position occupe]. La revue dsire mettre en place un systme d'archivage conforme LOCKSS (Lots of Copies Keep Stuff Safe - Plusieurs exemplaires assurent la scurit) avec votre bibliothque ainsi que celles d'autres universits.<br />\n<br />\n[Brve description de la revue]<br />\n<br />\nL'adresse URL pour le LOCKSS Publisher Manifest pour notre revue est : {$journalUrl}/gateway/lockss<br />\n<br />\nNous croyons savoir que vous participez dj  LOCKSS. Si nous pouvons vous fournir des mtadonnes supplmentaires afin d'inscrire notre revue avec votre version de LOCKSS, il nous fera plaisir de vous les fournir.<br />\n<br />\nMerci,<br />\n{$signature}	Ce courriel demande  un-e conservateur,trice d'archives LOCKSS d'envisager d'inclure cette revue dans leur archive. Il fournit l'adresse URL du LOCKSS Publisher Manifest de la revue.
LOCKSS_NEW_ARCHIVE	fr_CA	Demande d'archivage pour la revue {$journalName}	Cher,Chre [Bibliothcaire universitaire],<br />\n<br />\n{$journalName} &lt;{$journalUrl}&gt;, est une revue pour laquelle un membre de votre facult, [nom du membre], agit  titre de [titre de la fonction occupe]. La revue dsire mettre en place un systme d'archivage conforme LOCKSS (Lots of Copies Keep Stuff Safe) avec votre bibliothque et celles d'autres universits.<br />\n<br />\n[Brve description de la revue]<br />\n<br />\nLe programme LOCKSS &lt;http://lockss.org/&gt;, une initiative de bibliothcaires et d'diteurs internationaux, est une belle dmonstration d'un dpt d'archives assurant la prservation des documents. Voir les dtails ci-dessous. Le logiciel est gratuit et fonctionne sur tout ordinateur personnel. Il est facile de le mettre en ligne et ne requiert que trs peu de maintenance.<br />\n<br />\nPour nous aider dans le processus d'archivage de notre revue, nous vous invitons  devenir membre de la communaut LOCKSS, pour aider  recueillir et prserver des titres produits par votre facult et par d'autres chercheurs  travers le monde. Pour ce faire, veuillez demander  quelqu'un de votre personnel de visiter le site Internet de LOCKSS pour voir les informations sur le fonctionnement du systme. Nous attendons de vos nouvelles sur la faisabilit, pour vous, de fournir un support d'archivage pour cette revue.<br />\n<br />\nMerci,<br />\n{$signature}	Ce courriel encourage le ou la destinaire  participer  l'initiative LOCKSS et  inclure cette revue dans leur archives. Il fournit de l'information au sujet de LOCKSS et des faons de s'impliquer dans le projet.
SUBMISSION_ACK	fr_CA	Accus de rception de la soumission	{$recipientName},<br />\n<br />\nNous vous remercions d'avoir soumis le manuscrit intitul  {$submissionTitle}   la revue {$journalName}. Grce  notre systme de gestion en ligne, vous pourrez suivre votre soumission tout au long du processus d'dition en accdant au site Web de la revue :<br />\n<br />\nURL de la soumission: {$submissionUrl}<br />\nNom d'utilisateur-trice: {$recipientUsername}<br />\n<br />\nSi vous avez des questions, n'hsitez pas  communiquer avec nous. Nous vous remercions d'avoir pens  notre revue pour la publication de vos travaux.<br />\n<br />\n{$signature}	##emails.submissionAck.description##
EDITOR_ASSIGN	fr_CA	Assignation d'un-e rdacteur-trice	{$recipientName},<br />\n<br />\nLa soumission intitule  {$submissionTitle}  pour la revue {$journalName} vous a t attribue. Vous tes responsable, en tant que rdacteur-trice de rubrique, de la faire cheminer  travers le processus ditorial.<br />\n<br />\nURL de la soumission: {$submissionUrl}<br />\nNom d'utilisateur-trice: {$recipientUsername}<br />\n<br />\nMerci.	Ce courriel avise un,une rdacteur-trice de rubrique que le,la rdacteur-trice lui a assign la tche de suivre une soumission durant le processus ditorial. Il fournit des renseignements sur la soumission, et comment accder au site Web de la revue.
REVIEW_CANCEL	fr_CA	Annulation de la demande d'valuation	{$recipientName},<br />\n<br />\nNous avons dcid d'annuler notre demande concernant l'valuation du manuscrit intitul  {$submissionTitle}  pour la revue {$journalName}. Nous sommes dsols des inconvnients que cela pourrait vous causer et esprons que nous pourrons de nouveau faire appel  vous pour contribuer au processus de rvision par les pairs de cette revue dans le futur.<br />\n<br />\nSi vous avez des questions, n'hsitez pas  communiquer avec nous.	\N
REVIEW_REINSTATE	fr_CA	Rintgration de la demande d'valuation	{$recipientName},<br />\n<br />\nNous souhaitons rtablir notre demande d'valuation de la soumission,  {$ submissionTitle}  pour  la revue {$ contextName}. Nous esprons que vous pourrez contribuer au processus d'valuation de cette revue.<br />\n<br />\nSi vous avez des questions, n'hsitez pas  communiquer avec moi.	\N
REVIEW_REQUEST	fr_CA	Demande d'valuation d'un article	{$recipientName},<br />\n<br />\nNous croyons que vous feriez un-e excellent-e valuateur-trice pour le manuscrit intitul  {$submissionTitle}  qui a t soumis  la revue {$journalName}. Vous trouverez un rsum de la soumission ci-dessous. Nous esprons que vous accepterez ce travail essentiel  la publication de la revue.<br />\n<br />\nVeuillez accder au site Web de la revue avant le {$responseDueDate} pour nous laisser savoir si vous acceptez de faire l'valuation ou non. Vous pouvez galement y consulter la soumission et y enregistrer votre valuation et votre recommandation. Le site Web se trouve  l'adresse suivante: {$journalUrl}<br />\n<br />\nLa date d'chance de l'valuation a t fixe au {$reviewDueDate}.<br />\n<br />\nSi vous n'avez pas de nom d'utilisateur-trice et de mot de passe pour le site Web de la revue, cliquez sur le lien ci-dessous pour rinitialiser votre mot de passe (lequel vous sera envoy par courriel avec votre nom d'utilisateur-trice). {$passwordLostUrl}<br />\n<br />\nURL de la soumission: {$reviewAssignmentUrl}<br />\n<br />\nNous vous remercions de l'attention que vous porterez  notre demande.<br />\n<br />\n{$signature}<br />\n<br />\n {$submissionTitle} <br />\n<br />\n{$submissionAbstract}	\N
REVIEW_REQUEST_SUBSEQUENT	fr_CA	Demande d'valuation d'un article	{$recipientName},<br />\n<br />\nCeci concerne le manuscrit  {$submissionTitle} , qui est prsentement valu par {$journalName}.<br />\n<br />\nSuivant l'valuation de la dernire version du manuscrit, l'auteur a soumis une version rvise de son document. Nous apprcierions que vous valuiez cette nouvelle version.<br />\n<br />\nVeuillez vous authentifier sur la page de la revue avant le {$responseDueDate} pour y indiquer si vous participerez  cette valuation ou non, ou encore pour accder  la soumission et y enregistrer votre valuation et vos recommandations. Le site Web est {$journalUrl}<br />\n<br />\nL'valuation est due pour le {$reviewDueDate}.<br />\n<br />\nSi vous n'avez pas vos nom d'utilisateur-trice et mot de passe pour le site de la revue, vous pouvez utiliser le lien suivant pour rinitialiser votre mot de passe (lequel vous sera envoy par courriel avec votre nom d'utilisateur-trice). {$passwordLostUrl}<br />\n<br />\nURL de la soumission : {$reviewAssignmentUrl}<br />\n<br />\nNous vous remercions de l'attention que vous porterez  notre demande.<br />\n<br />\n{$signature}<br />\n<br />\n {$submissionTitle}  <br />\n<br />\n{$submissionAbstract}	\N
REVIEW_RESPONSE_OVERDUE_AUTO	fr_CA	Rappel de demande d'valuation d'un article	{$recipientName},<br />\nCeci est un petit rappel concernant notre demande d'valuation de  {$submissionTitle}  pour la revue {$journalName}. Puisque nous n'avons pas reu, comme nous l'esprions, une rponse avant le {$responseDueDate}, ce courriel a t gnr et envoy automatiquement aprs l'chance du dlai.\n<br />\nNous pensons que vous seriez un-e excellent-e valuateur-trice pour le manuscrit. Vous trouverez un rsum de la soumission ci-dessous. Nous esprons que vous envisagerez d'entreprendre cette tche essentielle  la publication de la revue.<br />\n<br />\nVeuillez vous authentifier sur la page de la revue pour y indiquer si vous participerez  cette valuation ou non, ou encore pour accder  la soumission et y enregistrer votre valuation et vos recommandations. Le site Web est {$journalUrl}<br />\n<br />\nL'valuation est d pour le {$reviewDueDate}.<br />\n<br />\nSi vous n'avez pas vos nom d'utilisateur-trice et mot de passe pour le site de la revue, vous pouvez utiliser le lien suivant pour rinitialiser votre mot de passe (lequel vous sera envoy par courriel avec votre nom d'utilisateur-trice). {$passwordResetUrl}<br />\n<br />\nURL de la soumission : {$reviewAssignmentUrl}<br />\n<br />\nNous vous remercions de l'attention que vous porterez  notre demande.<br />\n<br />\n{$signature}<br />\n<br />\n {$submissionTitle} <br />\n<br />\n{$submissionAbstract}	\N
REVIEW_CONFIRM	fr_CA	Acceptation d'valuation	Rdacteurs-trices,<br />\n<br />\nJe suis en mesure d'valuer la soumission intitule  {$submissionTitle}  pour la revue {$journalName}. Je vous remercie d'avoir pens  moi. Je devrais tre en mesure de complter l'valuation pour la date du {$reviewDueDate}, voire avant.<br />\n<br />\n{$senderName}	\N
REVIEW_DECLINE	fr_CA	Refus d'valuation	Rdacteurs-trices,<br />\n<br />\nPour le moment, il m'est impossible d'valuer la soumission intitule  {$submissionTitle}  pour la revue {$journalName}. Je vous remercie d'avoir pens  moi. N'hsitez pas  communiquer avec moi pour un autre projet.<br />\n<br />\n{$senderName}	\N
REVIEW_ACK	fr_CA	Accus de rception de l'valuation d'une soumission	{$recipientName},<br />\n<br />\nNous vous remercions d'avoir valu la soumission intitule  {$submissionTitle}  pour la revue {$journalName}. Nous vous sommes reconnaissants de votre contribution  la qualit des travaux que nous publions.	\N
REVIEW_REMIND	fr_CA	Rappel d'valuation d'une soumission	{$recipientName},<br />\n<br />\nCeci est un petit rappel concernant notre demande d'valuation de la soumission  {$submissionTitle}  pour la revue {$journalName}. Nous esprions recevoir votre valuation avant le {$reviewDueDate}. Nous serions heureux de la recevoir ds que possible.<br />\n<br />\nSi vous n'avez pas vos nom d'utilisateur-trice et mot de passe pour le site de la revue, vous pouvez utiliser le lien suivant pour rinitialiser votre mot de passe (lequel vous sera envoy par courriel avec votre nom d'utilisateur-trice). {$passwordResetUrl}<br />\n<br />\nURL de la soumission: {$reviewAssignmentUrl}<br />\n<br />\nVeuillez confirmer que vous tes en mesure d'effectuer ce travail essentiel pour la publication de notre revue. Nous esprons avoir de vos nouvelles trs bientt.<br />\n<br />\n{$signature}	\N
REVIEW_REMIND_AUTO	fr_CA	Rappel automatique d'valuation d'une soumission	{$recipientName},<br />\n<br />\nCeci est un petit rappel concernant notre demande d'valuation de la soumission  {$submissionTitle}  pour la revue {$journalName}. Puisque nous n'avons pas reu, comme nous l'esprions, votre valuation avant le {$reviewDueDate}, ce courriel a t gnr et envoy automatiquement aprs l'chance du dlai. Nous serions toutefois heureux de recevoir votre valuation ds que possible.<br />\n<br />\nSi vous n'avez pas vos nom d'utilisateur-trice et mot de passe pour le site de la revue, vous pouvez utiliser le lien suivant pour rinitialiser votre mot de passe (lequel vous sera envoy par courriel avec votre nom d'utilisateur-trice). {$passwordResetUrl}<br />\n<br />\nURL de la soumission: {$reviewAssignmentUrl}<br />\n<br />\nVeuillez confirmer que vous tes en mesure d'effectuer ce travail essentiel pour la publication de notre revue. Nous esprons avoir de vos nouvelles trs bientt.<br />\n<br />\n{$signature}	\N
EDITOR_DECISION_ACCEPT	fr_CA	Dcision du rdacteur	{$authors},<br />\n<br />\nNous avons pris une dcision concernant votre soumission  {$submissionTitle}   la revue {$journalName}.<br />\n<br />\nNotre dcision est d'accepter votre soumission.	\N
EDITOR_DECISION_SEND_TO_EXTERNAL	fr_CA	Dcision du rdacteur	{$authors},<br />\n<br />\nNous avons pris une dcision concernant votre soumission  {$submissionTitle}   la revue {$journalName}.<br />\n<br />\nNotre dcision est d'envoyer votre soumission en valuation.<br />\n<br />\nURL de la soumission : {$submissionUrl}	\N
EDITOR_DECISION_SEND_TO_PRODUCTION	fr_CA	Dcision du rdacteur	{$authors},<br />\n<br />\nL'dition de votre soumission  {$submissionTitle}  est complte. Nous l'envoyons maintenant en production.<br />\n<br />\nURL de la soumission : {$submissionUrl}	\N
EDITOR_DECISION_REVISIONS	fr_CA	Dcision du rdacteur	{$authors},<br />\n<br />\nNous avons pris une dcision concernant votre soumission  {$submissionTitle}   la revue {$journalName}.<br />\n<br />\nNotre dcision est de vous demander d'apporter des rvisions  votre soumission.	\N
EDITOR_DECISION_RESUBMIT	fr_CA	Dcision du rdacteur	{$authors},<br />\n<br />\nNous avons pris une dcision concernant votre soumission  {$submissionTitle}   la revue {$journalName}.<br />\n<br />\nNotre dcision est de vous demander d'apporter des rvisions  votre soumission et de la soumettre  nouveau.	\N
EDITOR_DECISION_DECLINE	fr_CA	Dcision du rdacteur	{$authors}:<br />\n<br />\nNous avons pris une dcision concernant votre soumission  {$submissionTitle}   la revue {$journalName}.<br />\n<br />\nNotre dcision est de refuser votre soumission.	\N
EDITOR_DECISION_INITIAL_DECLINE	fr_CA	Dcision du rdacteur	\n\t\t\t{$authors},<br />\n<br />\nNous avons pris une dcision concernant votre soumission  {$submissionTitle}    la revue {$journalName}.<br />\n<br />\nNotre dcision est de refuser votre soumission.	\N
EDITOR_RECOMMENDATION	fr_CA	Recommandation du rdacteur	{$editors},<br />\n<br />\nLa recommandation concernant la soumission  {$submissionTitle}   la revue {$journalName} est de : {$recommendation}	\N
EDITOR_DECISION_NOTIFY_OTHER_AUTHORS	fr_CA			\N
EDITOR_DECISION_BACK_TO_COPYEDITING	fr_CA			\N
EDITOR_DECISION_BACK_TO_REVIEW	fr_CA			\N
EDITOR_DECISION_BACK_TO_SUBMISSION	fr_CA			\N
EDITOR_DECISION_NEW_ROUND	fr_CA			\N
EDITOR_DECISION_REVERT_DECLINE	fr_CA			\N
EDITOR_DECISION_REVERT_INITIAL_DECLINE	fr_CA			\N
EDITOR_DECISION_SKIP_REVIEW	fr_CA			\N
COPYEDIT_REQUEST	fr_CA	Demande de rvision d'une soumission	{$recipientName},<br />\n<br />\nJ'aimerais que vous effectuiez la rvision du manuscrit intitul  {$submissionTitle}  pour la revue {$journalName}  l'aide des tapes suivantes.<br />\n1. Cliquer sur l'URL de la soumission ci-dessous.<br />\n2. Ouvrir le(s) fichier(s) disponible(s) sous Fichiers des bauches finales et effectuer votre rvision, tout en ajoutant des discussions sur la rvision, le cas chant.<br />\n3. Enregistrer le(s) fichier(s) rvis(s) et le(s) tlverser dans la section Version(s) rvise(s).<br />\n4. Informer le,la rdacteur-trice que tous les fichiers ont t rviss et que l'tape de production peut dbuter.<br />\n<br />\nURL de la revue {$journalName} : {$journalUrl}<br />\nURL de la soumission : {$submissionUrl}<br />\nNom d'utilisateur-trice : {$recipientUsername}	##emails.copyeditRequest.description##
LAYOUT_REQUEST	fr_CA	Demande de mise en page des preuves	{$recipientName},<br />\n<br />\nJ'aimerais que vous prpariez les preuves du manuscrit intitul  {$submissionTitle}  pour la revue {$journalName}  l'aide des tapes suivantes.<br />\n1. Cliquer sur l'URL de la soumission ci-dessous.<br />\n2. Se connecter au site Web de la revue et utiliser les fichiers disponibles sous Fichiers prts pour la production pour crer les preuves en fonction des normes de la revue.<br />\n3. Tlverser les preuves dans la section preuves.<br />\n4. Informer le,la rdacteur-trice, via une discussion sur la production, que les preuves ont t tlverses et qu'elles sont prtes.<br />\n<br />\nURL de la revue {$journalName} : {$journalUrl}<br />\nURL du manuscrit : {$submissionUrl}<br />\nNom d'utilisateur-trice : {$recipientUsername}<br />\n<br />\nSi vous ne pouvez pas effectuer ce travail pour le moment ou si vous avez des questions, veuillez communiquer avec moi. Je vous remercie de votre collaboration.	Ce courriel du,de la rdacteur-trice de rubrique au,  la responsable de la mise en page l'avise qu'il ou elle a t assign-e  la ralisation de la mise en page de la soumission. Il fournit les renseignements sur la soumission et comment accder  celle-ci.
LAYOUT_COMPLETE	fr_CA	Mise en page des preuves termine	{$recipientName},<br />\n<br />\nLes preuves du manuscrit intitul  {$submissionTitle}  pour la revue {$journalName} sont maintenant prtes pour la relecture.<br />\n<br />\nSi vous avez des questions, n'hsitez pas  communiquer avec moi.<br />\n<br />\n{$senderName}	Ce courriel du,de la responsable de la mise en page au, la rdacteur-trice de rubrique l'avise que l'tape de mise en page est complte.
EMAIL_LINK	fr_CA	Article potentiellement intressant	Je pense que l'article suivant pourrait vous intresser :  {$submissionTitle}  par {$authors}, publi dans le volume {$volume}, numro {$number} de ({$year}) de la revue {$journalName},  l'adresse suivante : {$submissionUrl}.	Ce modle de courriel fournit  un,une lecteur-trice inscrit-e l'occasion d'envoyer de l'information  quelqu'un qui peut tre intress par un article en particulier. Il est disponible via Outils de lecture et doit tre activ par le,la directeur-trice de la revue  la page Gestion des outils de lecture.
SUBSCRIPTION_NOTIFY	fr_CA	Avis d'abonnement	{$recipientName},<br />\n<br />\nVous tes maintenant abonn-e  notre systme de gestion de revue en ligne pour la revue {$journalName}, avec le type d'abonnement suivant :<br />\n<br />\n{$subscriptionType}<br />\n<br />\nPour accder au contenu destin seulement aux abonns, connectez-vous au systme  l'aide de votre nom d'utilisateur-trice: {$recipientUsername}.<br />\n<br />\nUne fois connect-e dans le systme, vous pouvez, en tout temps, modifier les renseignements de votre profil et votre mot de passe.<br />\n<br />\nVeuillez prendre note que si vous disposez d'un abonnement institutionnel, les utilisateurs-trices n'ont pas  entrer de nom d'utilisateur-trice puisque le systme authentifiera automatiquement les demandes.<br />\n<br />\nSi vous avez des questions, n'hsitez pas  communiquer avec nous.<br />\n<br />\n{$signature}	Ce courriel avise un,une lecteur-trice inscrit-e que le,la directeur-trice de la revue lui a cr un abonnement. Il fournit l'adresse URL de la revue ainsi que les instructions pour y accder.
OPEN_ACCESS_NOTIFY	fr_CA	Le numro est maintenant en libre accs	Chers lecteurs et lectrices,<br />\n<br />\nLa revue {$journalName} vient de rendre disponible en libre accs le numro suivant. Nous vous invitons  lire ici le sommaire puis visiter notre site Web ({$journalUrl}) pour lire les articles et autres textes qui pourraient vous intresser.<br />\n<br />\nMerci de votre intrt continu pour notre travail.<br />\n{$signature}	Ce courriel est envoy aux lecteurs-trices inscrits-es qui ont demand  recevoir un avis par courriel quand un numro devient disponible en libre accs.
SUBSCRIPTION_BEFORE_EXPIRY	fr_CA	Avis d'expiration de l'abonnement	{$recipientName},<br />\n<br />\nVotre abonnement  la revue {$journalName} expirera bientt.<br />\n<br />\n{$subscriptionType}<br />\nDate d'expiration : {$expiryDate}<br />\n<br />\nAfin d'assurer la continuit de votre accs  cette revue, nous vous invitons  aller sur le site Web de la revue et  renouveler votre abonnement. Vous pouvez vous y ouvrir une session avec votre nom d'utilisateur-trice, soit  {$recipientUsername} .<br />\n<br />\nSi vous avez des questions, ne pas hsiter  communiquer avec nous.<br />\n<br />\n{$signature}	Ce courriel avise un-e abonn-e que son abonnement expirera sous peu. Il fournit l'adresse URL de la revue, ainsi que les instructions pour y accder.
SUBSCRIPTION_AFTER_EXPIRY	fr_CA	Abonnement expir	{$recipientName},<br />\n<br />\nVotre abonnement  la revue {$journalName} est expir.<br />\n<br />\n{$subscriptionType}<br />\nDate d'expiration : {$expiryDate}<br />\n<br />\nPour renouveler votre abonnement, veuillez vous rendre sur le site Web de la revue. Vous pouvez y ouvrir une session en utilisant votre nom d'utilisateur-trice, soit  {$recipientUsername} .<br />\n<br />\nSi vous avez des questions, n'hsitez pas  communiquer avec nous.<br />\n<br />\n{$signature}	Ce courriel avise un-e abonn-e que son abonnement est expir. Il fournit l'adresse URL de la revue, ainsi que les instructions pour y accder.
SUBSCRIPTION_AFTER_EXPIRY_LAST	fr_CA	Abonnement expir - Dernier rappel	{$recipientName},<br />\n<br />\nVotre abonnement  la revue {$journalName} est expir. Veuillez prendre note que ceci est le dernier rappel qui vous sera envoy.<br />\n<br />\n{$subscriptionType}<br />\nDate d'expiration: {$expiryDate}<br />\n<br />\nPour renouveller votre abonnement, aveuillez vous rendre sur le site Web de la revue. Vous pouvez y ouvrir une session avec votre nom d'utilisateur-trice, soit  {$recipientUsername} .<br />\n<br />\nSi vous avez des questions, ne hsitez pas  communiquer avec nous.<br />\n<br />\n{$signature}	Ce courriel avise un-e abonn-e que son abonnement est expir. Il donne l'adresse URL de la revue ainsi que les instructions pour y accder.
SUBSCRIPTION_PURCHASE_INDL	fr_CA	Souscription  un abonnement individuel	Une souscription en ligne  un abonnement individuel pour la revue {$journalName} avec les renseignements suivants :<br />\n<br />\nType d'abonnement :<br />\n{$subscriptionType}<br />\n<br />\nUtilisateur-trice :<br />\n{$subscriberDetails}<br />\n<br />\nInformation d'adhsion (si fournie) :<br />\n{$membership}<br />\n<br />\nPour afficher ou modifier cet abonnement, veuillez utiliser l'URL suivante.<br />\n<br />\nURL d'abonnement : {$subscriptionUrl}<br/>\n	Ce courriel informe le,la responsable des abonnements qu'un abonnement individuel a t souscrit en ligne. Il fournit des renseignements sommaires sur l'abonnement et le lien pour accder  l'abonnement souscrit.
SUBSCRIPTION_PURCHASE_INSTL	fr_CA	Souscription  un abonnement institutionnel	Souscription en ligne  un abonnement institutionnel pour la revue {$journalName} avec les renseignements suivants. Pour activer cet abonnement, veuillez utiliser l'URL d'abonnement fourni et fixer le statut de l'abonnement   actif .<br />\n<br />\nType d'abonnement :<br />\n{$subscriptionType}<br />\n<br />\ntablissement :<br />\n{$institutionName}<br />\n{$institutionMailingAddress}<br />\n<br />\nDomaine (si fourni) :<br />\n{$domain}<br />\n<br />\nPlage d'adresses IP (si fournie) :<br />\n{$ipRanges}<br />\n<br />\nPersonne-ressource :<br />\n{$subscriberDetails}<br />\n<br />\nRenseignements d'adhsion (si fournis) :<br />\n{$membership}<br />\n<br />\nPour afficher ou modifier cet abonnement, veuillez utiliser l'URL suivant :<br />\n<br />\nURL de l'abonnement : {$subscriptionUrl}<br />\n	Ce courriel informe le,la responsable des abonnements qu'un abonnement institutionnel a t souscrit en ligne. Il fournit des renseignements sommaires sur l'abonnement et le lien pour accder  l'abonnement souscrit.
SUBSCRIPTION_RENEW_INDL	fr_CA	Renouvellement d'abonnement individuel	Un abonnement individuel a t renouvel en ligne pour la revue {$journalName} avec les renseignements suivants.<br />\n<br />\nType d'abonnement :<br />\n{$subscriptionType}<br />\n<br />\nUtilisateur-trice :<br />\n{$subscriberDetails}<br />\n<br />\nRenseignements d'adhsion (si fournis) :<br />\n{$membership}<br />\n<br />\nPour afficher ou modifier cet abonnement, veuillez utiliser l'URL suivant.<br />\n<br />\nURL de l'abonnement : {$subscriptionUrl}<br />\n	Ce courriel informe le,la responsable des abonnements qu'un abonnement individuel a t renouvel en ligne. Il fournit des renseignements sommaires sur l'abonnement et le lien pour accder  l'abonnement renouvel.
SUBSCRIPTION_RENEW_INSTL	fr_CA	Renouvellement d'abonnement institutionnel	Un abonnement institutionnel a t renouvel en ligne pour la revue {$journalName} avec les renseignements suivants.<br />\n<br />\nType d'abonnement :<br />\n{$subscriptionType}<br />\n<br />\ntablissement :<br />\n{$institutionName}<br />\n{$institutionMailingAddress}<br />\n<br />\nDomaine (si fourni) :<br />\n{$domain}<br />\n<br />\nPlage d'adresses IP (si fournie) :<br />\n{$ipRanges}<br />\n<br />\nPersonne-ressource :<br />\n{$subscriberDetails}<br />\n<br />\nRenseignements d'adhsion (si fournis) :<br />\n{$membership}<br />\n<br />\nPour afficher ou modifier cet abonnement, veuillez utiliser l'URL suivant.<br />\n<br />\nURL de l'abonnement : {$subscriptionUrl}<br />\n	Ce courriel informe le,la responsable des abonnements qu'un abonnement institutionnel a t renouvel en ligne. Il fournit des renseignements sommaires sur l'abonnement et le lien pour accder  l'abonnement renouvel.
CITATION_EDITOR_AUTHOR_QUERY	fr_CA	Modification des rfrences bibliographiques	{$recipientName},<br />\n<br />\nPourriez-vous vrifier ou nous fournir la rfrence bibliographique complte pour la rfrence suivante, provenant de votre article  {$submissionTitle}   :<br />\n<br />\n{$rawCitation}<br />\n<br />\nMerci!<br />\n<br />\n{$senderName}<br />\nRviseur-e, revue {$journalName}<br />\n	Ce courriel permet aux rviseurs-es de demander des renseignements additionnels  propos des rfrences bibliographiques cites par les auteurs-es.
REVISED_VERSION_NOTIFY	fr_CA	Version rvise tlverse	Rdacteurs-trices,<br />\n<br />\nUne version rvise de  {$submissionTitle}  a t tlverse par l'auteur-e {$authors}.<br />\n<br />\nURL de la soumission : {$submissionUrl}<br />\n<br />\n{$signature}	Ce courriel est envoy automatiquement au, la rdacteur-trice assign-e quand un-e auteur-e tlverse une version rvise d'un article.
STATISTICS_REPORT_NOTIFICATION	fr_CA	Activit ditoriale pour {$month} {$year}	\n{$name}, <br />\n<br />\nLe rapport d'activit ditoriale de votre revue pour {$month} {$year} est maintenant disponible. Les principales statistiques pour ce mois sont affiches ci-dessous.<br />\n<ul>\n\t<li> Nouvelles soumissions pour ce mois : {$newSubmissions} </li>\n\t<li> Soumissions refuses pour ce mois : {$declinedSubmissions} </li>\n\t<li> Soumissions acceptes pour ce mois : {$acceptedSubmissions} </li>\n\t<li> Nombre total de soumissions dans la plateforme : {$totalSubmissions} </li>\n</ul>\nConnectez-vous au site de la revue pour voir davantage de <a href="{$editorialStatsLink}">tendances dans l'activit ditoriale</a> ainsi que des <a href="{$publicationStatsLink}">statistiques relatives aux articles publis</a>. Le rapport complet des tendances de l'activit ditoriale de ce mois-ci est joint au prsent envoi.<br />\n<br />\nCordialement,<br />\n{$signature}	Ce courriel est envoy automatiquement chaque mois aux rdacteurs et rdactrices en chef et aux directeurs et directrices de revues pour leur fournir un aperu de l'intgrit du systme.
ANNOUNCEMENT	fr_CA	{$announcementTitle}	<b>{$announcementTitle}</b><br />\n<br />\n{$announcementSummary}<br />\n<br />\nVisiter notre site Web pour consulter <a href="{$announcementUrl}">l'annonce complte</a>.	Ce courriel est envoy lorsqu'une nouvelle annonce est cre.
EDITORIAL_REMINDER	fr_CA			Ce courriel est envoy lorsqu'une nouvelle annonce est cre.
ORCID_COLLECT_AUTHOR_ID	fr_CA	Soumission ORCID	{$authorName},<br/>\n<br/>\nVous avez t inscrit ou inscrite en tant qu'auteur ou auteure pour un manuscrit soumis  {$journalName}.<br/>\nPour confirmer votre statut d'auteur ou d'auteure, veuillez ajouter votre identifiant ORCID  cette soumission en cliquant sur le lien ci-dessous.<br/>\n<br/>\n<a href="{$authorOrcidUrl}"><img id="orcid-id-logo" src="https://orcid.org/sites/default/files/images/orcid_16x16.png" width='16' height='16' alt="icne identifiant ORCID" style="display: block; margin: 0 .5em 0 0; padding: 0; float: left;"/>Se connecter avec votre identifiant ORCID ou s'inscrire</a><br/>\n<br/>\n<br/>\n<a href="{$orcidAboutUrl}">Plus de renseignements sur votre identifiant ORCID dans {$journalName}</a><br/>\n<br/>\nSi vous avez des questions, veuillez communiquer avec nous.<br/>\n<br/>\n{$principalContactSignature}<br/>\n	Ce modle de courriel est utilis pour rcuprer les identifiants ORCID des auteurs-es.
ORCID_REQUEST_AUTHOR_AUTHORIZATION	fr_CA	Demande d'accs au dossier ORCID	{$authorName},<br/>\n<br/>\nVous avez t inscrit ou inscrite en tant qu'auteur ou auteure pour le manuscrit  {$submissionTitle}  soumis  {$journalName}.\n<br/>\n<br/>\nVeuillez nous autoriser  ajouter votre identifiant ORCID  cette soumission et  ajouter galement la soumission  votre dossier ORCID suite  sa publication.\n<br/>\nSuivre le lien vers le site officiel ORCID, vous connecter avec votre profil et autoriser l'accs en suivant les instructions.<br/>\n<a href="{$authorOrcidUrl}"><img id="orcid-id-logo" src="https://orcid.org/sites/default/files/images/orcid_16x16.png" width='16' height='16' alt="icne identifiant ORCID" style="display: block; margin: 0 .5em 0 0; padding: 0; float: left;"/>Se connecter avec votre identifiant ORCID ou s'inscrire</a><br/>\n<br/>\n<br/>\n<a href="{$orcidAboutUrl}">Plus de renseignements sur votre identifiant ORCID dans {$journalName}</a><br/>\n<br/>\nSi vous avez des questions, veuillez communiquer avec nous.<br/>\n<br/>\n{$principalContactSignature}<br/>\n	Ce modle de courriel est utilis pour demander aux auteurs-es l'accs  leur dossier ORCID.
PAYPAL_INVESTIGATE_PAYMENT	fr_CA	Activit inhabituelle de PayPal	L'Open Journal Systems a remarqu une activit inhabituelle concernant la prise en charge du paiement PayPal pour la revue {$journalName}. Cette activit pourrait ncessiter une attention particulire ou une intervention manuelle.<br />\n                       <br />\nCe courriel a t gnr par le plugiciel PayPal du Open Journal Systems.<br />\n<br />\nInformation complte de la demande :<br />\n{$postInfo}<br />\n<br />\nInformation supplmentaire (si fournie) :<br />\n{$additionalInfo}<br />\n<br />\nVariables serveur :<br />\n{$serverVars}<br />\n	Ce modle de courriel est utilis pour aviser un contact principal d'une revue qu'une activit inhabituelle ou requrant une intervention manuelle a t remarque par le plugiciel PayPal.
MANUAL_PAYMENT_NOTIFICATION	fr_CA	Avis de paiement manuel	Un paiement manuel doit tre trait pour la revue {$journalName} et l'utilisateur {$userFullName} (nom d'utilisateur &quot;{$userName}&quot;).<br />\n<br />\nL'lment factur est &quot;{$itemName}&quot;.<br />\nLe cot est de {$itemCost} ({$itemCurrencyCode}).<br />\n<br />\nCe courriel a t gnr par le plugiciel de paiement manuel du Open Journal Systems.	Ce modle de courriel est utilis pour aviser un directeur de revue que le paiement manuel a t demand.
\.


--
-- Name: email_templates_default_email_id_seq; Type: SEQUENCE SET; Schema: public; Owner: ojs-ci
--

SELECT pg_catalog.setval('public.email_templates_default_email_id_seq', 62, true);


--
-- Name: email_templates_email_id_seq; Type: SEQUENCE SET; Schema: public; Owner: ojs-ci
--

SELECT pg_catalog.setval('public.email_templates_email_id_seq', 1, false);


--
-- Data for Name: email_templates_settings; Type: TABLE DATA; Schema: public; Owner: ojs-ci
--

COPY public.email_templates_settings (email_id, locale, setting_name, setting_value) FROM stdin;
\.


--
-- Data for Name: event_log; Type: TABLE DATA; Schema: public; Owner: ojs-ci
--

COPY public.event_log (log_id, assoc_type, assoc_id, user_id, date_logged, event_type, message, is_translated) FROM stdin;
1	1048585	1	17	2022-08-08 09:32:48	268435458	submission.event.general.metadataUpdated	0
2	515	1	17	2022-08-08 09:32:51	1342177281	submission.event.fileUploaded	0
3	1048585	1	17	2022-08-08 09:32:51	1342177288	submission.event.fileRevised	0
4	515	1	17	2022-08-08 09:32:51	1342177296	submission.event.fileEdited	0
5	1048585	1	17	2022-08-08 09:32:51	1342177296	submission.event.fileEdited	0
6	1048585	1	17	2022-08-08 09:32:55	268435458	submission.event.general.metadataUpdated	0
7	1048585	1	17	2022-08-08 09:32:57	268435457	submission.event.submissionSubmitted	0
8	1048585	1	3	2022-08-08 09:33:07	805306371	editor.submission.decision.sendExternalReview.log	0
9	515	2	3	2022-08-08 09:33:07	1342177281	submission.event.fileUploaded	0
10	1048585	1	3	2022-08-08 09:33:07	1342177288	submission.event.fileRevised	0
11	1048585	1	3	2022-08-08 09:33:16	1073741825	log.review.reviewerAssigned	0
12	1048585	1	3	2022-08-08 09:33:23	1073741825	log.review.reviewerAssigned	0
13	1048585	1	3	2022-08-08 09:33:30	1073741825	log.review.reviewerAssigned	0
14	1048585	1	3	2022-08-08 09:33:36	805306371	editor.submission.decision.accept.log	0
15	1048585	1	3	2022-08-08 09:33:43	268435459	submission.event.participantAdded	0
16	1048585	1	3	2022-08-08 09:33:49	805306371	editor.submission.decision.sendToProduction.log	0
17	1048585	1	3	2022-08-08 09:33:58	268435459	submission.event.participantAdded	0
18	1048585	1	3	2022-08-08 09:34:04	268435459	submission.event.participantAdded	0
19	1048585	1	3	2022-08-08 09:34:12	268435458	submission.event.general.metadataUpdated	0
20	1048585	1	3	2022-08-08 09:34:16	268435458	submission.event.general.metadataUpdated	0
21	1048585	1	3	2022-08-08 09:34:17	268435458	submission.event.general.metadataUpdated	0
22	1048585	1	3	2022-08-08 09:34:22	268435458	submission.event.general.metadataUpdated	0
23	515	3	3	2022-08-08 09:34:32	1342177281	submission.event.fileUploaded	0
24	1048585	1	3	2022-08-08 09:34:32	1342177288	submission.event.fileRevised	0
25	515	3	3	2022-08-08 09:34:33	1342177296	submission.event.fileEdited	0
26	1048585	1	3	2022-08-08 09:34:33	1342177296	submission.event.fileEdited	0
27	1048585	1	3	2022-08-08 09:34:45	268435459	submission.event.participantAdded	0
28	1048585	1	17	2022-08-08 09:34:52	268435458	submission.event.general.metadataUpdated	0
29	1048585	1	3	2022-08-08 09:34:58	268435458	submission.event.general.metadataUpdated	0
30	1048585	1	3	2022-08-08 09:34:59	268435462	publication.event.published	0
31	1048585	1	3	2022-08-08 09:35:12	268435463	publication.event.unpublished	0
32	1048585	1	3	2022-08-08 09:35:20	268435462	publication.event.published	0
33	1048585	1	3	2022-08-08 09:35:24	268435458	submission.event.general.metadataUpdated	0
34	1048585	1	3	2022-08-08 09:35:24	268435458	submission.event.general.metadataUpdated	0
35	1048585	1	3	2022-08-08 09:35:24	268435464	publication.event.versionCreated	0
36	1048585	1	3	2022-08-08 09:35:36	268435458	submission.event.general.metadataUpdated	0
37	1048585	1	3	2022-08-08 09:35:47	268435458	submission.event.general.metadataUpdated	0
38	1048585	1	3	2022-08-08 09:35:48	268435462	publication.event.versionPublished	0
39	1048585	1	3	2022-08-08 09:36:06	268435463	publication.event.versionUnpublished	0
40	1048585	1	3	2022-08-08 09:36:14	268435459	submission.event.participantAdded	0
41	1048585	1	3	2022-08-08 09:36:26	268435459	submission.event.participantAdded	0
42	1048585	2	18	2022-08-08 09:36:41	268435458	submission.event.general.metadataUpdated	0
43	515	4	18	2022-08-08 09:36:44	1342177281	submission.event.fileUploaded	0
44	1048585	2	18	2022-08-08 09:36:44	1342177288	submission.event.fileRevised	0
45	515	4	18	2022-08-08 09:36:44	1342177296	submission.event.fileEdited	0
46	1048585	2	18	2022-08-08 09:36:44	1342177296	submission.event.fileEdited	0
47	1048585	2	18	2022-08-08 09:36:48	268435458	submission.event.general.metadataUpdated	0
48	1048585	2	18	2022-08-08 09:36:49	268435457	submission.event.submissionSubmitted	0
49	1048585	2	3	2022-08-08 09:37:01	805306371	editor.submission.decision.sendExternalReview.log	0
50	515	5	3	2022-08-08 09:37:02	1342177281	submission.event.fileUploaded	0
51	1048585	2	3	2022-08-08 09:37:02	1342177288	submission.event.fileRevised	0
52	1048585	2	3	2022-08-08 09:37:10	268435459	submission.event.participantAdded	0
53	1048585	2	3	2022-08-08 09:37:15	268435458	submission.event.general.metadataUpdated	0
54	1048585	2	6	2022-08-08 09:37:29	805306372	editor.submission.recommend.accept.log	0
55	1048585	3	19	2022-08-08 09:37:52	268435458	submission.event.general.metadataUpdated	0
56	515	6	19	2022-08-08 09:37:55	1342177281	submission.event.fileUploaded	0
57	1048585	3	19	2022-08-08 09:37:55	1342177288	submission.event.fileRevised	0
58	515	6	19	2022-08-08 09:37:55	1342177296	submission.event.fileEdited	0
59	1048585	3	19	2022-08-08 09:37:55	1342177296	submission.event.fileEdited	0
60	1048585	3	19	2022-08-08 09:37:59	268435458	submission.event.general.metadataUpdated	0
61	1048585	3	19	2022-08-08 09:38:01	268435457	submission.event.submissionSubmitted	0
62	1048585	3	3	2022-08-08 09:38:13	805306371	editor.submission.decision.sendExternalReview.log	0
63	515	7	3	2022-08-08 09:38:14	1342177281	submission.event.fileUploaded	0
64	1048585	3	3	2022-08-08 09:38:14	1342177288	submission.event.fileRevised	0
65	1048585	3	3	2022-08-08 09:38:23	1073741825	log.review.reviewerAssigned	0
66	1048585	3	3	2022-08-08 09:38:31	1073741825	log.review.reviewerAssigned	0
67	1048585	3	3	2022-08-08 09:38:37	805306371	editor.submission.decision.accept.log	0
68	1048585	3	3	2022-08-08 09:38:46	268435459	submission.event.participantAdded	0
69	1048585	4	20	2022-08-08 09:38:57	268435458	submission.event.general.metadataUpdated	0
70	515	8	20	2022-08-08 09:39:00	1342177281	submission.event.fileUploaded	0
71	1048585	4	20	2022-08-08 09:39:00	1342177288	submission.event.fileRevised	0
72	515	8	20	2022-08-08 09:39:00	1342177296	submission.event.fileEdited	0
73	1048585	4	20	2022-08-08 09:39:00	1342177296	submission.event.fileEdited	0
74	1048585	4	20	2022-08-08 09:39:09	268435458	submission.event.general.metadataUpdated	0
75	1048585	4	20	2022-08-08 09:39:11	268435457	submission.event.submissionSubmitted	0
76	1048585	5	21	2022-08-08 09:39:20	268435458	submission.event.general.metadataUpdated	0
77	515	9	21	2022-08-08 09:39:23	1342177281	submission.event.fileUploaded	0
78	1048585	5	21	2022-08-08 09:39:23	1342177288	submission.event.fileRevised	0
79	515	9	21	2022-08-08 09:39:23	1342177296	submission.event.fileEdited	0
80	1048585	5	21	2022-08-08 09:39:23	1342177296	submission.event.fileEdited	0
81	1048585	5	21	2022-08-08 09:39:26	268435458	submission.event.general.metadataUpdated	0
82	1048585	5	21	2022-08-08 09:39:27	268435457	submission.event.submissionSubmitted	0
83	1048585	5	3	2022-08-08 09:39:40	805306371	editor.submission.decision.sendExternalReview.log	0
84	515	10	3	2022-08-08 09:39:41	1342177281	submission.event.fileUploaded	0
85	1048585	5	3	2022-08-08 09:39:41	1342177288	submission.event.fileRevised	0
86	1048585	5	3	2022-08-08 09:39:51	1073741825	log.review.reviewerAssigned	0
87	1048585	5	3	2022-08-08 09:39:59	1073741825	log.review.reviewerAssigned	0
88	1048585	5	3	2022-08-08 09:40:04	805306371	editor.submission.decision.accept.log	0
89	1048585	5	3	2022-08-08 09:40:13	268435459	submission.event.participantAdded	0
90	1048585	5	3	2022-08-08 09:40:19	805306371	editor.submission.decision.sendToProduction.log	0
91	1048585	5	3	2022-08-08 09:40:28	268435459	submission.event.participantAdded	0
92	1048585	5	3	2022-08-08 09:40:34	268435459	submission.event.participantAdded	0
93	1048585	6	22	2022-08-08 09:40:46	268435458	submission.event.general.metadataUpdated	0
94	515	11	22	2022-08-08 09:40:48	1342177281	submission.event.fileUploaded	0
95	1048585	6	22	2022-08-08 09:40:48	1342177288	submission.event.fileRevised	0
96	515	11	22	2022-08-08 09:40:48	1342177296	submission.event.fileEdited	0
97	1048585	6	22	2022-08-08 09:40:48	1342177296	submission.event.fileEdited	0
98	1048585	6	22	2022-08-08 09:40:53	268435458	submission.event.general.metadataUpdated	0
99	1048585	6	22	2022-08-08 09:40:54	268435457	submission.event.submissionSubmitted	0
100	1048585	6	3	2022-08-08 09:41:07	805306371	editor.submission.decision.sendExternalReview.log	0
101	515	12	3	2022-08-08 09:41:07	1342177281	submission.event.fileUploaded	0
102	1048585	6	3	2022-08-08 09:41:07	1342177288	submission.event.fileRevised	0
103	1048585	6	3	2022-08-08 09:41:17	1073741825	log.review.reviewerAssigned	0
104	1048585	6	3	2022-08-08 09:41:24	1073741825	log.review.reviewerAssigned	0
105	1048585	6	3	2022-08-08 09:41:30	805306371	editor.submission.decision.accept.log	0
106	1048585	6	3	2022-08-08 09:41:39	268435459	submission.event.participantAdded	0
107	1048585	6	3	2022-08-08 09:41:45	805306371	editor.submission.decision.sendToProduction.log	0
108	1048585	6	3	2022-08-08 09:41:54	268435459	submission.event.participantAdded	0
109	1048585	7	23	2022-08-08 09:42:06	268435458	submission.event.general.metadataUpdated	0
110	515	13	23	2022-08-08 09:42:08	1342177281	submission.event.fileUploaded	0
111	1048585	7	23	2022-08-08 09:42:08	1342177288	submission.event.fileRevised	0
112	515	13	23	2022-08-08 09:42:08	1342177296	submission.event.fileEdited	0
113	1048585	7	23	2022-08-08 09:42:08	1342177296	submission.event.fileEdited	0
114	1048585	7	23	2022-08-08 09:42:11	268435458	submission.event.general.metadataUpdated	0
115	1048585	7	23	2022-08-08 09:42:13	268435457	submission.event.submissionSubmitted	0
116	1048585	7	3	2022-08-08 09:42:26	805306371	editor.submission.decision.sendExternalReview.log	0
117	515	14	3	2022-08-08 09:42:26	1342177281	submission.event.fileUploaded	0
118	1048585	7	3	2022-08-08 09:42:26	1342177288	submission.event.fileRevised	0
119	1048585	7	3	2022-08-08 09:42:36	1073741825	log.review.reviewerAssigned	0
120	1048585	7	3	2022-08-08 09:42:44	1073741825	log.review.reviewerAssigned	0
121	1048585	7	3	2022-08-08 09:42:51	1073741825	log.review.reviewerAssigned	0
122	1048585	7	8	2022-08-08 09:43:00	1073741830	log.review.reviewAccepted	0
123	1048585	7	8	2022-08-08 09:43:04	1073741848	log.review.reviewReady	0
124	1048585	8	24	2022-08-08 09:43:14	268435458	submission.event.general.metadataUpdated	0
125	515	15	24	2022-08-08 09:43:17	1342177281	submission.event.fileUploaded	0
126	1048585	8	24	2022-08-08 09:43:17	1342177288	submission.event.fileRevised	0
127	515	15	24	2022-08-08 09:43:17	1342177296	submission.event.fileEdited	0
128	1048585	8	24	2022-08-08 09:43:17	1342177296	submission.event.fileEdited	0
129	1048585	8	24	2022-08-08 09:43:25	268435458	submission.event.general.metadataUpdated	0
130	1048585	8	24	2022-08-08 09:43:27	268435457	submission.event.submissionSubmitted	0
131	1048585	9	25	2022-08-08 09:43:37	268435458	submission.event.general.metadataUpdated	0
132	515	16	25	2022-08-08 09:43:40	1342177281	submission.event.fileUploaded	0
133	1048585	9	25	2022-08-08 09:43:40	1342177288	submission.event.fileRevised	0
134	515	16	25	2022-08-08 09:43:40	1342177296	submission.event.fileEdited	0
135	1048585	9	25	2022-08-08 09:43:40	1342177296	submission.event.fileEdited	0
136	1048585	9	25	2022-08-08 09:43:43	268435458	submission.event.general.metadataUpdated	0
137	1048585	9	25	2022-08-08 09:43:44	268435457	submission.event.submissionSubmitted	0
138	1048585	9	3	2022-08-08 09:43:58	805306371	editor.submission.decision.sendExternalReview.log	0
139	515	17	3	2022-08-08 09:43:59	1342177281	submission.event.fileUploaded	0
140	1048585	9	3	2022-08-08 09:43:59	1342177288	submission.event.fileRevised	0
141	1048585	9	3	2022-08-08 09:44:08	1073741825	log.review.reviewerAssigned	0
142	1048585	9	3	2022-08-08 09:44:15	1073741825	log.review.reviewerAssigned	0
143	1048585	9	3	2022-08-08 09:44:20	805306371	editor.submission.decision.accept.log	0
144	1048585	9	3	2022-08-08 09:44:29	268435459	submission.event.participantAdded	0
145	1048585	9	3	2022-08-08 09:44:35	805306371	editor.submission.decision.sendToProduction.log	0
146	1048585	9	3	2022-08-08 09:44:46	268435459	submission.event.participantAdded	0
147	1048585	9	3	2022-08-08 09:44:52	268435459	submission.event.participantAdded	0
148	1048585	10	26	2022-08-08 09:45:03	268435458	submission.event.general.metadataUpdated	0
149	515	18	26	2022-08-08 09:45:05	1342177281	submission.event.fileUploaded	0
150	1048585	10	26	2022-08-08 09:45:05	1342177288	submission.event.fileRevised	0
151	515	18	26	2022-08-08 09:45:06	1342177296	submission.event.fileEdited	0
152	1048585	10	26	2022-08-08 09:45:06	1342177296	submission.event.fileEdited	0
153	1048585	10	26	2022-08-08 09:45:09	268435458	submission.event.general.metadataUpdated	0
154	1048585	10	26	2022-08-08 09:45:11	268435457	submission.event.submissionSubmitted	0
155	1048585	10	3	2022-08-08 09:45:26	805306371	editor.submission.decision.sendExternalReview.log	0
156	515	19	3	2022-08-08 09:45:26	1342177281	submission.event.fileUploaded	0
157	1048585	10	3	2022-08-08 09:45:26	1342177288	submission.event.fileRevised	0
158	1048585	10	3	2022-08-08 09:45:36	1073741825	log.review.reviewerAssigned	0
159	1048585	10	3	2022-08-08 09:45:44	1073741825	log.review.reviewerAssigned	0
160	1048585	10	9	2022-08-08 09:45:52	1073741830	log.review.reviewAccepted	0
161	1048585	10	9	2022-08-08 09:45:56	1073741848	log.review.reviewReady	0
162	1048585	10	10	2022-08-08 09:46:05	1073741830	log.review.reviewAccepted	0
163	1048585	10	10	2022-08-08 09:46:09	1073741848	log.review.reviewReady	0
164	1048585	11	27	2022-08-08 09:46:20	268435458	submission.event.general.metadataUpdated	0
165	515	20	27	2022-08-08 09:46:23	1342177281	submission.event.fileUploaded	0
166	1048585	11	27	2022-08-08 09:46:23	1342177288	submission.event.fileRevised	0
167	515	20	27	2022-08-08 09:46:23	1342177296	submission.event.fileEdited	0
168	1048585	11	27	2022-08-08 09:46:23	1342177296	submission.event.fileEdited	0
169	1048585	11	27	2022-08-08 09:46:30	268435458	submission.event.general.metadataUpdated	0
170	1048585	11	27	2022-08-08 09:46:32	268435457	submission.event.submissionSubmitted	0
171	1048585	12	28	2022-08-08 09:46:42	268435458	submission.event.general.metadataUpdated	0
172	515	21	28	2022-08-08 09:46:44	1342177281	submission.event.fileUploaded	0
173	1048585	12	28	2022-08-08 09:46:44	1342177288	submission.event.fileRevised	0
174	515	21	28	2022-08-08 09:46:45	1342177296	submission.event.fileEdited	0
175	1048585	12	28	2022-08-08 09:46:45	1342177296	submission.event.fileEdited	0
176	1048585	12	28	2022-08-08 09:46:48	268435458	submission.event.general.metadataUpdated	0
177	1048585	12	28	2022-08-08 09:46:50	268435457	submission.event.submissionSubmitted	0
178	1048585	12	3	2022-08-08 09:47:06	805306371	editor.submission.decision.sendExternalReview.log	0
179	515	22	3	2022-08-08 09:47:06	1342177281	submission.event.fileUploaded	0
180	1048585	12	3	2022-08-08 09:47:06	1342177288	submission.event.fileRevised	0
181	1048585	12	3	2022-08-08 09:47:16	1073741825	log.review.reviewerAssigned	0
182	1048585	12	3	2022-08-08 09:47:23	1073741825	log.review.reviewerAssigned	0
183	1048585	13	29	2022-08-08 09:47:34	268435458	submission.event.general.metadataUpdated	0
184	515	23	29	2022-08-08 09:47:37	1342177281	submission.event.fileUploaded	0
185	1048585	13	29	2022-08-08 09:47:37	1342177288	submission.event.fileRevised	0
186	515	23	29	2022-08-08 09:47:37	1342177296	submission.event.fileEdited	0
187	1048585	13	29	2022-08-08 09:47:37	1342177296	submission.event.fileEdited	0
188	1048585	13	29	2022-08-08 09:47:42	268435458	submission.event.general.metadataUpdated	0
189	1048585	13	29	2022-08-08 09:47:43	268435457	submission.event.submissionSubmitted	0
190	1048585	13	3	2022-08-08 09:48:01	805306371	editor.submission.decision.sendExternalReview.log	0
191	515	24	3	2022-08-08 09:48:01	1342177281	submission.event.fileUploaded	0
192	1048585	13	3	2022-08-08 09:48:01	1342177288	submission.event.fileRevised	0
193	1048585	13	3	2022-08-08 09:48:11	1073741825	log.review.reviewerAssigned	0
194	1048585	13	3	2022-08-08 09:48:18	1073741825	log.review.reviewerAssigned	0
195	1048585	13	3	2022-08-08 09:48:26	1073741825	log.review.reviewerAssigned	0
196	1048585	13	7	2022-08-08 09:48:35	1073741830	log.review.reviewAccepted	0
197	1048585	13	7	2022-08-08 09:48:39	1073741848	log.review.reviewReady	0
198	1048585	13	9	2022-08-08 09:48:48	1073741830	log.review.reviewAccepted	0
199	1048585	13	9	2022-08-08 09:48:53	1073741848	log.review.reviewReady	0
200	1048585	13	10	2022-08-08 09:49:02	1073741830	log.review.reviewAccepted	0
201	1048585	13	10	2022-08-08 09:49:08	1073741848	log.review.reviewReady	0
202	1048585	13	3	2022-08-08 09:49:31	805306371	editor.submission.decision.requestRevisions.log	0
203	1048585	13	3	2022-08-08 09:49:31	1073741856	submission.event.decisionReviewerEmailSent	0
204	1048585	14	30	2022-08-08 09:49:46	268435458	submission.event.general.metadataUpdated	0
205	515	25	30	2022-08-08 09:49:48	1342177281	submission.event.fileUploaded	0
206	1048585	14	30	2022-08-08 09:49:48	1342177288	submission.event.fileRevised	0
207	515	25	30	2022-08-08 09:49:49	1342177296	submission.event.fileEdited	0
208	1048585	14	30	2022-08-08 09:49:49	1342177296	submission.event.fileEdited	0
209	1048585	14	30	2022-08-08 09:49:53	268435458	submission.event.general.metadataUpdated	0
210	1048585	14	30	2022-08-08 09:49:54	268435457	submission.event.submissionSubmitted	0
211	1048585	15	31	2022-08-08 09:50:04	268435458	submission.event.general.metadataUpdated	0
212	515	26	31	2022-08-08 09:50:06	1342177281	submission.event.fileUploaded	0
213	1048585	15	31	2022-08-08 09:50:06	1342177288	submission.event.fileRevised	0
214	515	26	31	2022-08-08 09:50:07	1342177296	submission.event.fileEdited	0
215	1048585	15	31	2022-08-08 09:50:07	1342177296	submission.event.fileEdited	0
216	1048585	15	31	2022-08-08 09:50:10	268435458	submission.event.general.metadataUpdated	0
217	1048585	15	31	2022-08-08 09:50:11	268435457	submission.event.submissionSubmitted	0
218	1048585	15	3	2022-08-08 09:50:28	805306371	editor.submission.decision.sendExternalReview.log	0
219	515	27	3	2022-08-08 09:50:28	1342177281	submission.event.fileUploaded	0
220	1048585	15	3	2022-08-08 09:50:28	1342177288	submission.event.fileRevised	0
221	1048585	15	3	2022-08-08 09:50:38	1073741825	log.review.reviewerAssigned	0
222	1048585	15	3	2022-08-08 09:50:46	1073741825	log.review.reviewerAssigned	0
223	1048585	15	3	2022-08-08 09:50:52	805306371	editor.submission.decision.accept.log	0
224	1048585	15	3	2022-08-08 09:51:01	268435459	submission.event.participantAdded	0
225	1048585	15	3	2022-08-08 09:51:07	805306371	editor.submission.decision.sendToProduction.log	0
226	1048585	15	3	2022-08-08 09:51:17	268435459	submission.event.participantAdded	0
227	1048585	16	32	2022-08-08 09:51:28	268435458	submission.event.general.metadataUpdated	0
228	515	28	32	2022-08-08 09:51:30	1342177281	submission.event.fileUploaded	0
229	1048585	16	32	2022-08-08 09:51:30	1342177288	submission.event.fileRevised	0
230	515	28	32	2022-08-08 09:51:31	1342177296	submission.event.fileEdited	0
231	1048585	16	32	2022-08-08 09:51:31	1342177296	submission.event.fileEdited	0
232	1048585	16	32	2022-08-08 09:51:35	268435458	submission.event.general.metadataUpdated	0
233	1048585	16	32	2022-08-08 09:51:36	268435457	submission.event.submissionSubmitted	0
234	1048585	17	33	2022-08-08 09:51:46	268435458	submission.event.general.metadataUpdated	0
235	515	29	33	2022-08-08 09:51:48	1342177281	submission.event.fileUploaded	0
236	1048585	17	33	2022-08-08 09:51:48	1342177288	submission.event.fileRevised	0
237	515	29	33	2022-08-08 09:51:48	1342177296	submission.event.fileEdited	0
238	1048585	17	33	2022-08-08 09:51:48	1342177296	submission.event.fileEdited	0
239	1048585	17	33	2022-08-08 09:51:54	268435458	submission.event.general.metadataUpdated	0
240	1048585	17	33	2022-08-08 09:51:56	268435457	submission.event.submissionSubmitted	0
241	1048585	17	3	2022-08-08 09:52:13	805306371	editor.submission.decision.sendExternalReview.log	0
242	515	30	3	2022-08-08 09:52:14	1342177281	submission.event.fileUploaded	0
243	1048585	17	3	2022-08-08 09:52:14	1342177288	submission.event.fileRevised	0
244	1048585	17	3	2022-08-08 09:52:24	1073741825	log.review.reviewerAssigned	0
245	1048585	17	3	2022-08-08 09:52:31	1073741825	log.review.reviewerAssigned	0
246	1048585	17	3	2022-08-08 09:52:37	805306371	editor.submission.decision.accept.log	0
247	1048585	17	3	2022-08-08 09:52:46	268435459	submission.event.participantAdded	0
248	1048585	17	3	2022-08-08 09:52:53	805306371	editor.submission.decision.sendToProduction.log	0
249	1048585	17	3	2022-08-08 09:53:02	268435459	submission.event.participantAdded	0
250	1048585	17	3	2022-08-08 09:53:08	268435459	submission.event.participantAdded	0
251	515	31	3	2022-08-08 09:53:16	1342177281	submission.event.fileUploaded	0
252	1048585	17	3	2022-08-08 09:53:16	1342177288	submission.event.fileRevised	0
253	515	31	3	2022-08-08 09:53:17	1342177296	submission.event.fileEdited	0
254	1048585	17	3	2022-08-08 09:53:17	1342177296	submission.event.fileEdited	0
255	1048585	17	3	2022-08-08 09:53:32	268435458	submission.event.general.metadataUpdated	0
256	1048585	17	3	2022-08-08 09:53:34	268435462	publication.event.scheduled	0
257	1048585	17	3	2022-08-08 09:53:41	268435462	publication.event.published	0
258	1048585	17	3	2022-08-08 09:53:56	268435463	publication.event.unpublished	0
259	1048585	17	3	2022-08-08 09:53:56	268435462	publication.event.scheduled	0
260	1048585	17	3	2022-08-08 09:54:10	268435462	publication.event.published	0
261	1048585	17	3	2022-08-08 09:54:25	268435463	publication.event.unpublished	0
262	1048585	17	3	2022-08-08 09:54:25	268435458	submission.event.general.metadataUpdated	0
263	1048585	17	3	2022-08-08 09:54:48	268435458	submission.event.general.metadataUpdated	0
264	1048585	17	3	2022-08-08 09:54:49	268435462	publication.event.published	0
265	1048585	18	34	2022-08-08 09:55:08	268435458	submission.event.general.metadataUpdated	0
266	515	32	34	2022-08-08 09:55:10	1342177281	submission.event.fileUploaded	0
267	1048585	18	34	2022-08-08 09:55:10	1342177288	submission.event.fileRevised	0
268	515	32	34	2022-08-08 09:55:11	1342177296	submission.event.fileEdited	0
269	1048585	18	34	2022-08-08 09:55:11	1342177296	submission.event.fileEdited	0
270	1048585	18	34	2022-08-08 09:55:14	268435458	submission.event.general.metadataUpdated	0
271	1048585	18	34	2022-08-08 09:55:16	268435457	submission.event.submissionSubmitted	0
272	1048585	18	3	2022-08-08 09:55:33	805306371	editor.submission.decision.decline.log	0
273	1048585	19	35	2022-08-08 09:55:46	268435458	submission.event.general.metadataUpdated	0
274	515	33	35	2022-08-08 09:55:49	1342177281	submission.event.fileUploaded	0
275	1048585	19	35	2022-08-08 09:55:49	1342177288	submission.event.fileRevised	0
276	515	33	35	2022-08-08 09:55:49	1342177296	submission.event.fileEdited	0
277	1048585	19	35	2022-08-08 09:55:49	1342177296	submission.event.fileEdited	0
278	1048585	19	35	2022-08-08 09:55:52	268435458	submission.event.general.metadataUpdated	0
279	1048585	19	35	2022-08-08 09:55:54	268435457	submission.event.submissionSubmitted	0
280	1048585	19	3	2022-08-08 09:56:11	805306371	editor.submission.decision.sendExternalReview.log	0
281	515	34	3	2022-08-08 09:56:11	1342177281	submission.event.fileUploaded	0
282	1048585	19	3	2022-08-08 09:56:11	1342177288	submission.event.fileRevised	0
283	1048585	19	3	2022-08-08 09:56:20	1073741825	log.review.reviewerAssigned	0
284	1048585	19	3	2022-08-08 09:56:28	1073741825	log.review.reviewerAssigned	0
285	1048585	19	3	2022-08-08 09:56:34	805306371	editor.submission.decision.accept.log	0
286	1048585	19	3	2022-08-08 09:56:42	268435459	submission.event.participantAdded	0
\.


--
-- Name: event_log_log_id_seq; Type: SEQUENCE SET; Schema: public; Owner: ojs-ci
--

SELECT pg_catalog.setval('public.event_log_log_id_seq', 286, true);


--
-- Data for Name: event_log_settings; Type: TABLE DATA; Schema: public; Owner: ojs-ci
--

COPY public.event_log_settings (log_id, setting_name, setting_value, setting_type) FROM stdin;
2	fileStage	2	int
2	sourceSubmissionFileId	\N	string
2	submissionFileId	1	int
2	fileId	1	int
2	submissionId	1	int
2	originalFileName	Signalling Theory Dividends: A Review Of The Literature And Empirical Evidence.pdf	string
2	username	amwandenga	string
3	fileStage	2	int
3	submissionFileId	1	int
3	fileId	1	int
3	submissionId	1	int
3	username	amwandenga	string
3	name	Signalling Theory Dividends: A Review Of The Literature And Empirical Evidence.pdf	string
4	fileStage	2	int
4	sourceSubmissionFileId	\N	string
4	submissionFileId	1	int
4	fileId	1	int
4	submissionId	1	int
4	originalFileName	Signalling Theory Dividends: A Review Of The Literature And Empirical Evidence.pdf	string
4	username	amwandenga	string
5	fileStage	2	int
5	sourceSubmissionFileId	\N	string
5	submissionFileId	1	int
5	fileId	1	int
5	submissionId	1	int
5	username	amwandenga	string
5	originalFileName	Signalling Theory Dividends: A Review Of The Literature And Empirical Evidence.pdf	string
5	name	Signalling Theory Dividends: A Review Of The Literature And Empirical Evidence.pdf	string
8	editorId	3	int
8	editorName	Daniel Barnes	string
8	submissionId	1	int
8	decision	8	int
9	fileStage	4	int
9	sourceSubmissionFileId	1	int
9	submissionFileId	2	int
9	fileId	1	int
9	submissionId	1	int
9	originalFileName	Signalling Theory Dividends: A Review Of The Literature And Empirical Evidence.pdf	string
9	username	dbarnes	string
10	fileStage	4	int
10	submissionFileId	2	int
10	fileId	1	int
10	submissionId	1	int
10	username	dbarnes	string
10	name	Signalling Theory Dividends: A Review Of The Literature And Empirical Evidence.pdf	string
11	reviewAssignmentId	1	string
11	reviewerName	Julie Janssen	string
11	submissionId	1	int
11	stageId	3	int
11	round	1	int
12	reviewAssignmentId	2	string
12	reviewerName	Aisla McCrae	string
12	submissionId	1	int
12	stageId	3	int
12	round	1	int
13	reviewAssignmentId	3	string
13	reviewerName	Adela Gallego	string
13	submissionId	1	int
13	stageId	3	int
13	round	1	int
14	editorId	3	int
14	editorName	Daniel Barnes	string
14	submissionId	1	int
14	decision	1	int
15	name	Sarah Vogt	string
15	username	svogt	string
15	userGroupName	Copyeditor	string
16	editorId	3	int
16	editorName	Daniel Barnes	string
16	submissionId	1	int
16	decision	7	int
17	name	Stephen Hellier	string
17	username	shellier	string
17	userGroupName	Layout Editor	string
18	name	Sabine Kumar	string
18	username	skumar	string
18	userGroupName	Proofreader	string
23	fileStage	10	int
23	sourceSubmissionFileId	\N	string
23	submissionFileId	3	int
23	fileId	2	int
23	submissionId	1	int
23	originalFileName	article.pdf	string
23	username	dbarnes	string
24	fileStage	10	int
24	submissionFileId	3	int
24	fileId	2	int
24	submissionId	1	int
24	username	dbarnes	string
24	name	article.pdf	string
25	fileStage	10	int
25	sourceSubmissionFileId	\N	string
25	submissionFileId	3	int
25	fileId	2	int
25	submissionId	1	int
25	originalFileName	article.pdf	string
25	username	dbarnes	string
26	fileStage	10	int
26	sourceSubmissionFileId	\N	string
26	submissionFileId	3	int
26	fileId	2	int
26	submissionId	1	int
26	username	dbarnes	string
26	originalFileName	article.pdf	string
26	name	article.pdf	string
27	name	Alan Mwandenga	string
27	username	amwandenga	string
27	userGroupName	Author	string
40	name	Stephanie Berardo	string
40	username	sberardo	string
40	userGroupName	Section editor	string
41	name	Stephanie Berardo	string
41	username	sberardo	string
41	userGroupName	Section editor	string
43	fileStage	2	int
43	sourceSubmissionFileId	\N	string
43	submissionFileId	4	int
43	fileId	3	int
43	submissionId	2	int
43	originalFileName	The influence of lactation on the quantity and quality of cashmere production.pdf	string
43	username	ccorino	string
44	fileStage	2	int
44	submissionFileId	4	int
44	fileId	3	int
44	submissionId	2	int
44	username	ccorino	string
44	name	The influence of lactation on the quantity and quality of cashmere production.pdf	string
45	fileStage	2	int
45	sourceSubmissionFileId	\N	string
45	submissionFileId	4	int
45	fileId	3	int
45	submissionId	2	int
45	originalFileName	The influence of lactation on the quantity and quality of cashmere production.pdf	string
45	username	ccorino	string
46	fileStage	2	int
46	sourceSubmissionFileId	\N	string
46	submissionFileId	4	int
46	fileId	3	int
46	submissionId	2	int
46	username	ccorino	string
46	originalFileName	The influence of lactation on the quantity and quality of cashmere production.pdf	string
46	name	The influence of lactation on the quantity and quality of cashmere production.pdf	string
49	editorId	3	int
49	editorName	Daniel Barnes	string
49	submissionId	2	int
49	decision	8	int
50	fileStage	4	int
50	sourceSubmissionFileId	4	int
50	submissionFileId	5	int
50	fileId	3	int
50	submissionId	2	int
50	originalFileName	The influence of lactation on the quantity and quality of cashmere production.pdf	string
50	username	dbarnes	string
51	fileStage	4	int
51	submissionFileId	5	int
51	fileId	3	int
51	submissionId	2	int
51	username	dbarnes	string
51	name	The influence of lactation on the quantity and quality of cashmere production.pdf	string
52	name	Minoti Inoue	string
52	username	minoue	string
52	userGroupName	Section editor	string
54	editorId	6	int
54	editorName	Minoti Inoue	string
54	submissionId	2	int
54	decision	11	int
56	fileStage	2	int
56	sourceSubmissionFileId	\N	string
56	submissionFileId	6	int
56	fileId	4	int
56	submissionId	3	int
56	originalFileName	The Facets Of Job Satisfaction: A Nine-Nation Comparative Study Of Construct Equivalence.pdf	string
56	username	ckwantes	string
57	fileStage	2	int
57	submissionFileId	6	int
57	fileId	4	int
57	submissionId	3	int
57	username	ckwantes	string
57	name	The Facets Of Job Satisfaction: A Nine-Nation Comparative Study Of Construct Equivalence.pdf	string
58	fileStage	2	int
58	sourceSubmissionFileId	\N	string
58	submissionFileId	6	int
58	fileId	4	int
58	submissionId	3	int
58	originalFileName	The Facets Of Job Satisfaction: A Nine-Nation Comparative Study Of Construct Equivalence.pdf	string
58	username	ckwantes	string
59	fileStage	2	int
59	sourceSubmissionFileId	\N	string
59	submissionFileId	6	int
59	fileId	4	int
59	submissionId	3	int
59	username	ckwantes	string
59	originalFileName	The Facets Of Job Satisfaction: A Nine-Nation Comparative Study Of Construct Equivalence.pdf	string
59	name	The Facets Of Job Satisfaction: A Nine-Nation Comparative Study Of Construct Equivalence.pdf	string
62	editorId	3	int
62	editorName	Daniel Barnes	string
62	submissionId	3	int
62	decision	8	int
63	fileStage	4	int
63	sourceSubmissionFileId	6	int
63	submissionFileId	7	int
63	fileId	4	int
63	submissionId	3	int
63	originalFileName	The Facets Of Job Satisfaction: A Nine-Nation Comparative Study Of Construct Equivalence.pdf	string
63	username	dbarnes	string
64	fileStage	4	int
64	submissionFileId	7	int
64	fileId	4	int
64	submissionId	3	int
64	username	dbarnes	string
64	name	The Facets Of Job Satisfaction: A Nine-Nation Comparative Study Of Construct Equivalence.pdf	string
65	reviewAssignmentId	4	string
65	reviewerName	Aisla McCrae	string
65	submissionId	3	int
65	stageId	3	int
65	round	1	int
66	reviewAssignmentId	5	string
66	reviewerName	Adela Gallego	string
66	submissionId	3	int
66	stageId	3	int
66	round	1	int
67	editorId	3	int
67	editorName	Daniel Barnes	string
67	submissionId	3	int
67	decision	1	int
68	name	Maria Fritz	string
68	username	mfritz	string
68	userGroupName	Copyeditor	string
70	fileStage	2	int
70	sourceSubmissionFileId	\N	string
70	submissionFileId	8	int
70	fileId	5	int
70	submissionId	4	int
70	originalFileName	Computer Skill Requirements for New and Existing Teachers: Implications for Policy and Practice.pdf	string
70	username	cmontgomerie	string
71	fileStage	2	int
71	submissionFileId	8	int
71	fileId	5	int
71	submissionId	4	int
71	username	cmontgomerie	string
71	name	Computer Skill Requirements for New and Existing Teachers: Implications for Policy and Practice.pdf	string
72	fileStage	2	int
72	sourceSubmissionFileId	\N	string
72	submissionFileId	8	int
72	fileId	5	int
72	submissionId	4	int
72	originalFileName	Computer Skill Requirements for New and Existing Teachers: Implications for Policy and Practice.pdf	string
72	username	cmontgomerie	string
73	fileStage	2	int
73	sourceSubmissionFileId	\N	string
73	submissionFileId	8	int
73	fileId	5	int
73	submissionId	4	int
73	username	cmontgomerie	string
73	originalFileName	Computer Skill Requirements for New and Existing Teachers: Implications for Policy and Practice.pdf	string
73	name	Computer Skill Requirements for New and Existing Teachers: Implications for Policy and Practice.pdf	string
77	fileStage	2	int
77	sourceSubmissionFileId	\N	string
77	submissionFileId	9	int
77	fileId	6	int
77	submissionId	5	int
77	originalFileName	Genetic transformation of forest trees.pdf	string
77	username	ddiouf	string
78	fileStage	2	int
78	submissionFileId	9	int
78	fileId	6	int
78	submissionId	5	int
78	username	ddiouf	string
78	name	Genetic transformation of forest trees.pdf	string
79	fileStage	2	int
79	sourceSubmissionFileId	\N	string
79	submissionFileId	9	int
79	fileId	6	int
79	submissionId	5	int
79	originalFileName	Genetic transformation of forest trees.pdf	string
79	username	ddiouf	string
80	fileStage	2	int
80	sourceSubmissionFileId	\N	string
80	submissionFileId	9	int
80	fileId	6	int
80	submissionId	5	int
80	username	ddiouf	string
80	originalFileName	Genetic transformation of forest trees.pdf	string
80	name	Genetic transformation of forest trees.pdf	string
83	editorId	3	int
83	editorName	Daniel Barnes	string
83	submissionId	5	int
83	decision	8	int
84	fileStage	4	int
84	sourceSubmissionFileId	9	int
84	submissionFileId	10	int
84	fileId	6	int
84	submissionId	5	int
84	originalFileName	Genetic transformation of forest trees.pdf	string
84	username	dbarnes	string
85	fileStage	4	int
85	submissionFileId	10	int
85	fileId	6	int
85	submissionId	5	int
85	username	dbarnes	string
85	name	Genetic transformation of forest trees.pdf	string
86	reviewAssignmentId	6	string
86	reviewerName	Paul Hudson	string
86	submissionId	5	int
86	stageId	3	int
86	round	1	int
87	reviewAssignmentId	7	string
87	reviewerName	Adela Gallego	string
87	submissionId	5	int
87	stageId	3	int
87	round	1	int
88	editorId	3	int
88	editorName	Daniel Barnes	string
88	submissionId	5	int
88	decision	1	int
89	name	Maria Fritz	string
89	username	mfritz	string
89	userGroupName	Copyeditor	string
90	editorId	3	int
90	editorName	Daniel Barnes	string
90	submissionId	5	int
90	decision	7	int
91	name	Graham Cox	string
91	username	gcox	string
91	userGroupName	Layout Editor	string
92	name	Catherine Turner	string
92	username	cturner	string
92	userGroupName	Proofreader	string
94	fileStage	2	int
94	sourceSubmissionFileId	\N	string
94	submissionFileId	11	int
94	fileId	7	int
94	submissionId	6	int
94	originalFileName	Investigating the Shared Background Required for Argument: A Critique of Fogelin's Thesis on Deep Disagreement.pdf	string
94	username	dphillips	string
95	fileStage	2	int
95	submissionFileId	11	int
95	fileId	7	int
95	submissionId	6	int
95	username	dphillips	string
95	name	Investigating the Shared Background Required for Argument: A Critique of Fogelin's Thesis on Deep Disagreement.pdf	string
96	fileStage	2	int
96	sourceSubmissionFileId	\N	string
96	submissionFileId	11	int
96	fileId	7	int
96	submissionId	6	int
96	originalFileName	Investigating the Shared Background Required for Argument: A Critique of Fogelin's Thesis on Deep Disagreement.pdf	string
96	username	dphillips	string
97	fileStage	2	int
97	sourceSubmissionFileId	\N	string
97	submissionFileId	11	int
97	fileId	7	int
97	submissionId	6	int
97	username	dphillips	string
97	originalFileName	Investigating the Shared Background Required for Argument: A Critique of Fogelin's Thesis on Deep Disagreement.pdf	string
97	name	Investigating the Shared Background Required for Argument: A Critique of Fogelin's Thesis on Deep Disagreement.pdf	string
100	editorId	3	int
100	editorName	Daniel Barnes	string
100	submissionId	6	int
100	decision	8	int
101	fileStage	4	int
101	sourceSubmissionFileId	11	int
101	submissionFileId	12	int
101	fileId	7	int
101	submissionId	6	int
101	originalFileName	Investigating the Shared Background Required for Argument: A Critique of Fogelin's Thesis on Deep Disagreement.pdf	string
101	username	dbarnes	string
102	fileStage	4	int
102	submissionFileId	12	int
102	fileId	7	int
102	submissionId	6	int
102	username	dbarnes	string
102	name	Investigating the Shared Background Required for Argument: A Critique of Fogelin's Thesis on Deep Disagreement.pdf	string
103	reviewAssignmentId	8	string
103	reviewerName	Julie Janssen	string
103	submissionId	6	int
103	stageId	3	int
103	round	1	int
104	reviewAssignmentId	9	string
104	reviewerName	Adela Gallego	string
104	submissionId	6	int
104	stageId	3	int
104	round	1	int
105	editorId	3	int
105	editorName	Daniel Barnes	string
105	submissionId	6	int
105	decision	1	int
106	name	Maria Fritz	string
106	username	mfritz	string
106	userGroupName	Copyeditor	string
107	editorId	3	int
107	editorName	Daniel Barnes	string
107	submissionId	6	int
107	decision	7	int
108	name	Graham Cox	string
108	username	gcox	string
108	userGroupName	Layout Editor	string
110	fileStage	2	int
110	sourceSubmissionFileId	\N	string
110	submissionFileId	13	int
110	fileId	8	int
110	submissionId	7	int
110	originalFileName	Developing efficacy beliefs in the classroom.pdf	string
110	username	dsokoloff	string
111	fileStage	2	int
111	submissionFileId	13	int
111	fileId	8	int
111	submissionId	7	int
111	username	dsokoloff	string
111	name	Developing efficacy beliefs in the classroom.pdf	string
112	fileStage	2	int
112	sourceSubmissionFileId	\N	string
112	submissionFileId	13	int
112	fileId	8	int
112	submissionId	7	int
112	originalFileName	Developing efficacy beliefs in the classroom.pdf	string
112	username	dsokoloff	string
113	fileStage	2	int
113	sourceSubmissionFileId	\N	string
113	submissionFileId	13	int
113	fileId	8	int
113	submissionId	7	int
113	username	dsokoloff	string
113	originalFileName	Developing efficacy beliefs in the classroom.pdf	string
113	name	Developing efficacy beliefs in the classroom.pdf	string
116	editorId	3	int
116	editorName	Daniel Barnes	string
116	submissionId	7	int
116	decision	8	int
117	fileStage	4	int
117	sourceSubmissionFileId	13	int
117	submissionFileId	14	int
117	fileId	8	int
117	submissionId	7	int
117	originalFileName	Developing efficacy beliefs in the classroom.pdf	string
117	username	dbarnes	string
118	fileStage	4	int
118	submissionFileId	14	int
118	fileId	8	int
118	submissionId	7	int
118	username	dbarnes	string
118	name	Developing efficacy beliefs in the classroom.pdf	string
119	reviewAssignmentId	10	string
119	reviewerName	Paul Hudson	string
119	submissionId	7	int
119	stageId	3	int
119	round	1	int
120	reviewAssignmentId	11	string
120	reviewerName	Aisla McCrae	string
120	submissionId	7	int
120	stageId	3	int
120	round	1	int
121	reviewAssignmentId	12	string
121	reviewerName	Adela Gallego	string
121	submissionId	7	int
121	stageId	3	int
121	round	1	int
122	reviewAssignmentId	10	int
122	reviewerName	Paul Hudson	string
122	submissionId	7	int
122	round	1	int
123	reviewAssignmentId	10	int
123	reviewerName	Paul Hudson	string
123	submissionId	7	int
123	round	1	int
125	fileStage	2	int
125	sourceSubmissionFileId	\N	string
125	submissionFileId	15	int
125	fileId	9	int
125	submissionId	8	int
125	originalFileName	Traditions and Trends in the Study of the Commons.pdf	string
125	username	eostrom	string
126	fileStage	2	int
126	submissionFileId	15	int
126	fileId	9	int
126	submissionId	8	int
126	username	eostrom	string
126	name	Traditions and Trends in the Study of the Commons.pdf	string
127	fileStage	2	int
127	sourceSubmissionFileId	\N	string
127	submissionFileId	15	int
127	fileId	9	int
127	submissionId	8	int
127	originalFileName	Traditions and Trends in the Study of the Commons.pdf	string
127	username	eostrom	string
128	fileStage	2	int
128	sourceSubmissionFileId	\N	string
128	submissionFileId	15	int
128	fileId	9	int
128	submissionId	8	int
128	username	eostrom	string
128	originalFileName	Traditions and Trends in the Study of the Commons.pdf	string
128	name	Traditions and Trends in the Study of the Commons.pdf	string
132	fileStage	2	int
132	sourceSubmissionFileId	\N	string
132	submissionFileId	16	int
132	fileId	10	int
132	submissionId	9	int
132	originalFileName	Hansen & Pinto: Reason Reclaimed.pdf	string
132	username	fpaglieri	string
133	fileStage	2	int
133	submissionFileId	16	int
133	fileId	10	int
133	submissionId	9	int
133	username	fpaglieri	string
133	name	Hansen & Pinto: Reason Reclaimed.pdf	string
134	fileStage	2	int
134	sourceSubmissionFileId	\N	string
134	submissionFileId	16	int
134	fileId	10	int
134	submissionId	9	int
134	originalFileName	Hansen & Pinto: Reason Reclaimed.pdf	string
134	username	fpaglieri	string
135	fileStage	2	int
135	sourceSubmissionFileId	\N	string
135	submissionFileId	16	int
135	fileId	10	int
135	submissionId	9	int
135	username	fpaglieri	string
135	originalFileName	Hansen & Pinto: Reason Reclaimed.pdf	string
135	name	Hansen & Pinto: Reason Reclaimed.pdf	string
138	editorId	3	int
138	editorName	Daniel Barnes	string
138	submissionId	9	int
138	decision	8	int
139	fileStage	4	int
139	sourceSubmissionFileId	16	int
139	submissionFileId	17	int
139	fileId	10	int
139	submissionId	9	int
139	originalFileName	Hansen & Pinto: Reason Reclaimed.pdf	string
139	username	dbarnes	string
140	fileStage	4	int
140	submissionFileId	17	int
140	fileId	10	int
140	submissionId	9	int
140	username	dbarnes	string
140	name	Hansen & Pinto: Reason Reclaimed.pdf	string
141	reviewAssignmentId	13	string
141	reviewerName	Julie Janssen	string
141	submissionId	9	int
141	stageId	3	int
141	round	1	int
142	reviewAssignmentId	14	string
142	reviewerName	Adela Gallego	string
142	submissionId	9	int
142	stageId	3	int
142	round	1	int
143	editorId	3	int
143	editorName	Daniel Barnes	string
143	submissionId	9	int
143	decision	1	int
144	name	Sarah Vogt	string
144	username	svogt	string
144	userGroupName	Copyeditor	string
145	editorId	3	int
145	editorName	Daniel Barnes	string
145	submissionId	9	int
145	decision	7	int
146	name	Stephen Hellier	string
146	username	shellier	string
146	userGroupName	Layout Editor	string
147	name	Sabine Kumar	string
147	username	skumar	string
147	userGroupName	Proofreader	string
149	fileStage	2	int
149	sourceSubmissionFileId	\N	string
149	submissionFileId	18	int
149	fileId	11	int
149	submissionId	10	int
149	originalFileName	Condensing Water Availability Models to Focus on Specific Water Management Systems.pdf	string
149	username	jnovak	string
150	fileStage	2	int
150	submissionFileId	18	int
150	fileId	11	int
150	submissionId	10	int
150	username	jnovak	string
150	name	Condensing Water Availability Models to Focus on Specific Water Management Systems.pdf	string
151	fileStage	2	int
151	sourceSubmissionFileId	\N	string
151	submissionFileId	18	int
151	fileId	11	int
151	submissionId	10	int
151	originalFileName	Condensing Water Availability Models to Focus on Specific Water Management Systems.pdf	string
151	username	jnovak	string
152	fileStage	2	int
152	sourceSubmissionFileId	\N	string
152	submissionFileId	18	int
152	fileId	11	int
152	submissionId	10	int
152	username	jnovak	string
152	originalFileName	Condensing Water Availability Models to Focus on Specific Water Management Systems.pdf	string
152	name	Condensing Water Availability Models to Focus on Specific Water Management Systems.pdf	string
155	editorId	3	int
155	editorName	Daniel Barnes	string
155	submissionId	10	int
155	decision	8	int
156	fileStage	4	int
156	sourceSubmissionFileId	18	int
156	submissionFileId	19	int
156	fileId	11	int
156	submissionId	10	int
156	originalFileName	Condensing Water Availability Models to Focus on Specific Water Management Systems.pdf	string
156	username	dbarnes	string
157	fileStage	4	int
157	submissionFileId	19	int
157	fileId	11	int
157	submissionId	10	int
157	username	dbarnes	string
157	name	Condensing Water Availability Models to Focus on Specific Water Management Systems.pdf	string
158	reviewAssignmentId	15	string
158	reviewerName	Aisla McCrae	string
158	submissionId	10	int
158	stageId	3	int
158	round	1	int
159	reviewAssignmentId	16	string
159	reviewerName	Adela Gallego	string
159	submissionId	10	int
159	stageId	3	int
159	round	1	int
160	reviewAssignmentId	15	int
160	reviewerName	Aisla McCrae	string
160	submissionId	10	int
160	round	1	int
161	reviewAssignmentId	15	int
161	reviewerName	Aisla McCrae	string
161	submissionId	10	int
161	round	1	int
162	reviewAssignmentId	16	int
162	reviewerName	Adela Gallego	string
162	submissionId	10	int
162	round	1	int
163	reviewAssignmentId	16	int
163	reviewerName	Adela Gallego	string
163	submissionId	10	int
163	round	1	int
165	fileStage	2	int
165	sourceSubmissionFileId	\N	string
165	submissionFileId	20	int
165	fileId	12	int
165	submissionId	11	int
165	originalFileName	Learning Sustainable Design through Service.pdf	string
165	username	kalkhafaji	string
166	fileStage	2	int
166	submissionFileId	20	int
166	fileId	12	int
166	submissionId	11	int
166	username	kalkhafaji	string
166	name	Learning Sustainable Design through Service.pdf	string
167	fileStage	2	int
167	sourceSubmissionFileId	\N	string
167	submissionFileId	20	int
167	fileId	12	int
167	submissionId	11	int
167	originalFileName	Learning Sustainable Design through Service.pdf	string
167	username	kalkhafaji	string
168	fileStage	2	int
168	sourceSubmissionFileId	\N	string
168	submissionFileId	20	int
168	fileId	12	int
168	submissionId	11	int
168	username	kalkhafaji	string
168	originalFileName	Learning Sustainable Design through Service.pdf	string
168	name	Learning Sustainable Design through Service.pdf	string
172	fileStage	2	int
172	sourceSubmissionFileId	\N	string
172	submissionFileId	21	int
172	fileId	13	int
172	submissionId	12	int
172	originalFileName	Sodium butyrate improves growth performance of weaned piglets during the first period after weaning.pdf	string
172	username	lchristopher	string
173	fileStage	2	int
173	submissionFileId	21	int
173	fileId	13	int
173	submissionId	12	int
173	username	lchristopher	string
173	name	Sodium butyrate improves growth performance of weaned piglets during the first period after weaning.pdf	string
174	fileStage	2	int
174	sourceSubmissionFileId	\N	string
174	submissionFileId	21	int
174	fileId	13	int
174	submissionId	12	int
174	originalFileName	Sodium butyrate improves growth performance of weaned piglets during the first period after weaning.pdf	string
174	username	lchristopher	string
175	fileStage	2	int
175	sourceSubmissionFileId	\N	string
175	submissionFileId	21	int
175	fileId	13	int
175	submissionId	12	int
175	username	lchristopher	string
175	originalFileName	Sodium butyrate improves growth performance of weaned piglets during the first period after weaning.pdf	string
175	name	Sodium butyrate improves growth performance of weaned piglets during the first period after weaning.pdf	string
178	editorId	3	int
178	editorName	Daniel Barnes	string
178	submissionId	12	int
178	decision	8	int
179	fileStage	4	int
179	sourceSubmissionFileId	21	int
179	submissionFileId	22	int
179	fileId	13	int
179	submissionId	12	int
179	originalFileName	Sodium butyrate improves growth performance of weaned piglets during the first period after weaning.pdf	string
179	username	dbarnes	string
180	fileStage	4	int
180	submissionFileId	22	int
180	fileId	13	int
180	submissionId	12	int
180	username	dbarnes	string
180	name	Sodium butyrate improves growth performance of weaned piglets during the first period after weaning.pdf	string
181	reviewAssignmentId	17	string
181	reviewerName	Julie Janssen	string
181	submissionId	12	int
181	stageId	3	int
181	round	1	int
182	reviewAssignmentId	18	string
182	reviewerName	Paul Hudson	string
182	submissionId	12	int
182	stageId	3	int
182	round	1	int
184	fileStage	2	int
184	sourceSubmissionFileId	\N	string
184	submissionFileId	23	int
184	fileId	14	int
184	submissionId	13	int
184	originalFileName	Hydrologic Connectivity in the Edwards Aquifer between San Marcos Springs and Barton Springs during 2009 Drought Conditions.pdf	string
184	username	lkumiega	string
185	fileStage	2	int
185	submissionFileId	23	int
185	fileId	14	int
185	submissionId	13	int
185	username	lkumiega	string
185	name	Hydrologic Connectivity in the Edwards Aquifer between San Marcos Springs and Barton Springs during 2009 Drought Conditions.pdf	string
186	fileStage	2	int
186	sourceSubmissionFileId	\N	string
186	submissionFileId	23	int
186	fileId	14	int
186	submissionId	13	int
186	originalFileName	Hydrologic Connectivity in the Edwards Aquifer between San Marcos Springs and Barton Springs during 2009 Drought Conditions.pdf	string
186	username	lkumiega	string
187	fileStage	2	int
187	sourceSubmissionFileId	\N	string
187	submissionFileId	23	int
187	fileId	14	int
187	submissionId	13	int
187	username	lkumiega	string
187	originalFileName	Hydrologic Connectivity in the Edwards Aquifer between San Marcos Springs and Barton Springs during 2009 Drought Conditions.pdf	string
187	name	Hydrologic Connectivity in the Edwards Aquifer between San Marcos Springs and Barton Springs during 2009 Drought Conditions.pdf	string
190	editorId	3	int
190	editorName	Daniel Barnes	string
190	submissionId	13	int
190	decision	8	int
191	fileStage	4	int
191	sourceSubmissionFileId	23	int
191	submissionFileId	24	int
191	fileId	14	int
191	submissionId	13	int
191	originalFileName	Hydrologic Connectivity in the Edwards Aquifer between San Marcos Springs and Barton Springs during 2009 Drought Conditions.pdf	string
191	username	dbarnes	string
192	fileStage	4	int
192	submissionFileId	24	int
192	fileId	14	int
192	submissionId	13	int
192	username	dbarnes	string
192	name	Hydrologic Connectivity in the Edwards Aquifer between San Marcos Springs and Barton Springs during 2009 Drought Conditions.pdf	string
193	reviewAssignmentId	19	string
193	reviewerName	Julie Janssen	string
193	submissionId	13	int
193	stageId	3	int
193	round	1	int
194	reviewAssignmentId	20	string
194	reviewerName	Aisla McCrae	string
194	submissionId	13	int
194	stageId	3	int
194	round	1	int
195	reviewAssignmentId	21	string
195	reviewerName	Adela Gallego	string
195	submissionId	13	int
195	stageId	3	int
195	round	1	int
196	reviewAssignmentId	19	int
196	reviewerName	Julie Janssen	string
196	submissionId	13	int
196	round	1	int
197	reviewAssignmentId	19	int
197	reviewerName	Julie Janssen	string
197	submissionId	13	int
197	round	1	int
198	reviewAssignmentId	20	int
198	reviewerName	Aisla McCrae	string
198	submissionId	13	int
198	round	1	int
199	reviewAssignmentId	20	int
199	reviewerName	Aisla McCrae	string
199	submissionId	13	int
199	round	1	int
200	reviewAssignmentId	21	int
200	reviewerName	Adela Gallego	string
200	submissionId	13	int
200	round	1	int
201	reviewAssignmentId	21	int
201	reviewerName	Adela Gallego	string
201	submissionId	13	int
201	round	1	int
202	editorId	3	int
202	editorName	Daniel Barnes	string
202	submissionId	13	int
202	decision	2	int
203	recipientCount	3	int
203	subject	Thank you for your review	string
205	fileStage	2	int
205	sourceSubmissionFileId	\N	string
205	submissionFileId	25	int
205	fileId	15	int
205	submissionId	14	int
205	originalFileName	Towards Designing an Intercultural Curriculum: A Case Study from the Atlantic Coast of Nicaragua.pdf	string
205	username	pdaniel	string
206	fileStage	2	int
206	submissionFileId	25	int
206	fileId	15	int
206	submissionId	14	int
206	username	pdaniel	string
206	name	Towards Designing an Intercultural Curriculum: A Case Study from the Atlantic Coast of Nicaragua.pdf	string
207	fileStage	2	int
207	sourceSubmissionFileId	\N	string
207	submissionFileId	25	int
207	fileId	15	int
207	submissionId	14	int
207	originalFileName	Towards Designing an Intercultural Curriculum: A Case Study from the Atlantic Coast of Nicaragua.pdf	string
207	username	pdaniel	string
208	fileStage	2	int
208	sourceSubmissionFileId	\N	string
208	submissionFileId	25	int
208	fileId	15	int
208	submissionId	14	int
208	username	pdaniel	string
208	originalFileName	Towards Designing an Intercultural Curriculum: A Case Study from the Atlantic Coast of Nicaragua.pdf	string
208	name	Towards Designing an Intercultural Curriculum: A Case Study from the Atlantic Coast of Nicaragua.pdf	string
212	fileStage	2	int
212	sourceSubmissionFileId	\N	string
212	submissionFileId	26	int
212	fileId	16	int
212	submissionId	15	int
212	originalFileName	Yam diseases and its management in Nigeria.pdf	string
212	username	rbaiyewu	string
213	fileStage	2	int
213	submissionFileId	26	int
213	fileId	16	int
213	submissionId	15	int
213	username	rbaiyewu	string
213	name	Yam diseases and its management in Nigeria.pdf	string
214	fileStage	2	int
214	sourceSubmissionFileId	\N	string
214	submissionFileId	26	int
214	fileId	16	int
214	submissionId	15	int
214	originalFileName	Yam diseases and its management in Nigeria.pdf	string
214	username	rbaiyewu	string
215	fileStage	2	int
215	sourceSubmissionFileId	\N	string
215	submissionFileId	26	int
215	fileId	16	int
215	submissionId	15	int
215	username	rbaiyewu	string
215	originalFileName	Yam diseases and its management in Nigeria.pdf	string
215	name	Yam diseases and its management in Nigeria.pdf	string
218	editorId	3	int
218	editorName	Daniel Barnes	string
218	submissionId	15	int
218	decision	8	int
219	fileStage	4	int
219	sourceSubmissionFileId	26	int
219	submissionFileId	27	int
219	fileId	16	int
219	submissionId	15	int
219	originalFileName	Yam diseases and its management in Nigeria.pdf	string
219	username	dbarnes	string
220	fileStage	4	int
220	submissionFileId	27	int
220	fileId	16	int
220	submissionId	15	int
220	username	dbarnes	string
220	name	Yam diseases and its management in Nigeria.pdf	string
221	reviewAssignmentId	22	string
221	reviewerName	Paul Hudson	string
221	submissionId	15	int
221	stageId	3	int
221	round	1	int
222	reviewAssignmentId	23	string
222	reviewerName	Aisla McCrae	string
222	submissionId	15	int
222	stageId	3	int
222	round	1	int
223	editorId	3	int
223	editorName	Daniel Barnes	string
223	submissionId	15	int
223	decision	1	int
224	name	Sarah Vogt	string
224	username	svogt	string
224	userGroupName	Copyeditor	string
225	editorId	3	int
225	editorName	Daniel Barnes	string
225	submissionId	15	int
225	decision	7	int
226	name	Stephen Hellier	string
226	username	shellier	string
226	userGroupName	Layout Editor	string
228	fileStage	2	int
228	sourceSubmissionFileId	\N	string
228	submissionFileId	28	int
228	fileId	17	int
228	submissionId	16	int
228	originalFileName	Influence of long-term nutrition with different dietary fats on fatty acid composition of heavy pigs backfat.pdf	string
228	username	rrossi	string
229	fileStage	2	int
229	submissionFileId	28	int
229	fileId	17	int
229	submissionId	16	int
229	username	rrossi	string
229	name	Influence of long-term nutrition with different dietary fats on fatty acid composition of heavy pigs backfat.pdf	string
230	fileStage	2	int
230	sourceSubmissionFileId	\N	string
230	submissionFileId	28	int
230	fileId	17	int
230	submissionId	16	int
230	originalFileName	Influence of long-term nutrition with different dietary fats on fatty acid composition of heavy pigs backfat.pdf	string
230	username	rrossi	string
231	fileStage	2	int
231	sourceSubmissionFileId	\N	string
231	submissionFileId	28	int
231	fileId	17	int
231	submissionId	16	int
231	username	rrossi	string
231	originalFileName	Influence of long-term nutrition with different dietary fats on fatty acid composition of heavy pigs backfat.pdf	string
231	name	Influence of long-term nutrition with different dietary fats on fatty acid composition of heavy pigs backfat.pdf	string
235	fileStage	2	int
235	sourceSubmissionFileId	\N	string
235	submissionFileId	29	int
235	fileId	18	int
235	submissionId	17	int
235	originalFileName	Antimicrobial, heavy metal resistance and plasmid profile of coliforms isolated from nosocomial infections in a hospital in Isfahan, Iran.pdf	string
235	username	vkarbasizaed	string
236	fileStage	2	int
236	submissionFileId	29	int
236	fileId	18	int
236	submissionId	17	int
236	username	vkarbasizaed	string
269	name	Self-Organization in Multi-Level Institutions in Networked Environments.pdf	string
236	name	Antimicrobial, heavy metal resistance and plasmid profile of coliforms isolated from nosocomial infections in a hospital in Isfahan, Iran.pdf	string
237	fileStage	2	int
237	sourceSubmissionFileId	\N	string
237	submissionFileId	29	int
237	fileId	18	int
237	submissionId	17	int
237	originalFileName	Antimicrobial, heavy metal resistance and plasmid profile of coliforms isolated from nosocomial infections in a hospital in Isfahan, Iran.pdf	string
237	username	vkarbasizaed	string
238	fileStage	2	int
238	sourceSubmissionFileId	\N	string
238	submissionFileId	29	int
238	fileId	18	int
238	submissionId	17	int
238	username	vkarbasizaed	string
238	originalFileName	Antimicrobial, heavy metal resistance and plasmid profile of coliforms isolated from nosocomial infections in a hospital in Isfahan, Iran.pdf	string
238	name	Antimicrobial, heavy metal resistance and plasmid profile of coliforms isolated from nosocomial infections in a hospital in Isfahan, Iran.pdf	string
241	editorId	3	int
241	editorName	Daniel Barnes	string
241	submissionId	17	int
241	decision	8	int
242	fileStage	4	int
242	sourceSubmissionFileId	29	int
242	submissionFileId	30	int
242	fileId	18	int
242	submissionId	17	int
242	originalFileName	Antimicrobial, heavy metal resistance and plasmid profile of coliforms isolated from nosocomial infections in a hospital in Isfahan, Iran.pdf	string
242	username	dbarnes	string
243	fileStage	4	int
243	submissionFileId	30	int
243	fileId	18	int
243	submissionId	17	int
243	username	dbarnes	string
243	name	Antimicrobial, heavy metal resistance and plasmid profile of coliforms isolated from nosocomial infections in a hospital in Isfahan, Iran.pdf	string
244	reviewAssignmentId	24	string
244	reviewerName	Julie Janssen	string
244	submissionId	17	int
244	stageId	3	int
244	round	1	int
245	reviewAssignmentId	25	string
245	reviewerName	Paul Hudson	string
245	submissionId	17	int
245	stageId	3	int
245	round	1	int
246	editorId	3	int
246	editorName	Daniel Barnes	string
246	submissionId	17	int
246	decision	1	int
247	name	Maria Fritz	string
247	username	mfritz	string
247	userGroupName	Copyeditor	string
248	editorId	3	int
248	editorName	Daniel Barnes	string
248	submissionId	17	int
248	decision	7	int
249	name	Graham Cox	string
249	username	gcox	string
249	userGroupName	Layout Editor	string
250	name	Catherine Turner	string
250	username	cturner	string
250	userGroupName	Proofreader	string
251	fileStage	10	int
251	sourceSubmissionFileId	\N	string
251	submissionFileId	31	int
251	fileId	19	int
251	submissionId	17	int
251	originalFileName	article.pdf	string
251	username	dbarnes	string
252	fileStage	10	int
252	submissionFileId	31	int
252	fileId	19	int
252	submissionId	17	int
252	username	dbarnes	string
252	name	article.pdf	string
253	fileStage	10	int
253	sourceSubmissionFileId	\N	string
253	submissionFileId	31	int
253	fileId	19	int
253	submissionId	17	int
253	originalFileName	article.pdf	string
253	username	dbarnes	string
254	fileStage	10	int
254	sourceSubmissionFileId	\N	string
254	submissionFileId	31	int
254	fileId	19	int
254	submissionId	17	int
254	username	dbarnes	string
254	originalFileName	article.pdf	string
254	name	article.pdf	string
266	fileStage	2	int
266	sourceSubmissionFileId	\N	string
266	submissionFileId	32	int
266	fileId	20	int
266	submissionId	18	int
266	originalFileName	Self-Organization in Multi-Level Institutions in Networked Environments.pdf	string
266	username	vwilliamson	string
267	fileStage	2	int
267	submissionFileId	32	int
267	fileId	20	int
267	submissionId	18	int
267	username	vwilliamson	string
267	name	Self-Organization in Multi-Level Institutions in Networked Environments.pdf	string
268	fileStage	2	int
268	sourceSubmissionFileId	\N	string
268	submissionFileId	32	int
268	fileId	20	int
268	submissionId	18	int
268	originalFileName	Self-Organization in Multi-Level Institutions in Networked Environments.pdf	string
268	username	vwilliamson	string
269	fileStage	2	int
269	sourceSubmissionFileId	\N	string
269	submissionFileId	32	int
269	fileId	20	int
269	submissionId	18	int
269	username	vwilliamson	string
269	originalFileName	Self-Organization in Multi-Level Institutions in Networked Environments.pdf	string
272	editorId	3	int
272	editorName	Daniel Barnes	string
272	submissionId	18	int
272	decision	9	int
274	fileStage	2	int
274	sourceSubmissionFileId	\N	string
274	submissionFileId	33	int
274	fileId	21	int
274	submissionId	19	int
274	originalFileName	Finocchiaro: Arguments About Arguments.pdf	string
274	username	zwoods	string
275	fileStage	2	int
275	submissionFileId	33	int
275	fileId	21	int
275	submissionId	19	int
275	username	zwoods	string
275	name	Finocchiaro: Arguments About Arguments.pdf	string
276	fileStage	2	int
276	sourceSubmissionFileId	\N	string
276	submissionFileId	33	int
276	fileId	21	int
276	submissionId	19	int
276	originalFileName	Finocchiaro: Arguments About Arguments.pdf	string
276	username	zwoods	string
277	fileStage	2	int
277	sourceSubmissionFileId	\N	string
277	submissionFileId	33	int
277	fileId	21	int
277	submissionId	19	int
277	username	zwoods	string
277	originalFileName	Finocchiaro: Arguments About Arguments.pdf	string
277	name	Finocchiaro: Arguments About Arguments.pdf	string
280	editorId	3	int
280	editorName	Daniel Barnes	string
280	submissionId	19	int
280	decision	8	int
281	fileStage	4	int
281	sourceSubmissionFileId	33	int
281	submissionFileId	34	int
281	fileId	21	int
281	submissionId	19	int
281	originalFileName	Finocchiaro: Arguments About Arguments.pdf	string
281	username	dbarnes	string
282	fileStage	4	int
282	submissionFileId	34	int
282	fileId	21	int
282	submissionId	19	int
282	username	dbarnes	string
282	name	Finocchiaro: Arguments About Arguments.pdf	string
283	reviewAssignmentId	26	string
283	reviewerName	Paul Hudson	string
283	submissionId	19	int
283	stageId	3	int
283	round	1	int
284	reviewAssignmentId	27	string
284	reviewerName	Aisla McCrae	string
284	submissionId	19	int
284	stageId	3	int
284	round	1	int
285	editorId	3	int
285	editorName	Daniel Barnes	string
285	submissionId	19	int
285	decision	1	int
286	name	Sarah Vogt	string
286	username	svogt	string
286	userGroupName	Copyeditor	string
\.


--
-- Data for Name: failed_jobs; Type: TABLE DATA; Schema: public; Owner: ojs-ci
--

COPY public.failed_jobs (id, connection, queue, payload, exception, failed_at) FROM stdin;
\.


--
-- Name: failed_jobs_id_seq; Type: SEQUENCE SET; Schema: public; Owner: ojs-ci
--

SELECT pg_catalog.setval('public.failed_jobs_id_seq', 1, false);


--
-- Data for Name: files; Type: TABLE DATA; Schema: public; Owner: ojs-ci
--

COPY public.files (file_id, path, mimetype) FROM stdin;
1	journals/1/articles/1/62f0d8436c041.pdf	application/pdf
2	journals/1/articles/1/62f0d8a8754b0.pdf	application/pdf
3	journals/1/articles/2/62f0d92c24796.pdf	application/pdf
4	journals/1/articles/3/62f0d97342f52.pdf	application/pdf
5	journals/1/articles/4/62f0d9b405d1f.pdf	application/pdf
6	journals/1/articles/5/62f0d9cb13f40.pdf	application/pdf
7	journals/1/articles/6/62f0da206d08f.pdf	application/pdf
8	journals/1/articles/7/62f0da7077d53.pdf	application/pdf
9	journals/1/articles/8/62f0dab55ee4d.pdf	application/pdf
10	journals/1/articles/9/62f0dacc33639.pdf	application/pdf
11	journals/1/articles/10/62f0db21b41ef.pdf	application/pdf
12	journals/1/articles/11/62f0db6f1d053.pdf	application/pdf
13	journals/1/articles/12/62f0db847d598.pdf	application/pdf
14	journals/1/articles/13/62f0dbb96e280.pdf	application/pdf
15	journals/1/articles/14/62f0dc3c9e816.pdf	application/pdf
16	journals/1/articles/15/62f0dc4e98313.pdf	application/pdf
17	journals/1/articles/16/62f0dca2a0010.pdf	application/pdf
18	journals/1/articles/17/62f0dcb488f71.pdf	application/pdf
19	journals/1/articles/17/62f0dd0c96919.pdf	application/pdf
20	journals/1/articles/18/62f0dd7ecc4dd.pdf	application/pdf
21	journals/1/articles/19/62f0dda5524da.pdf	application/pdf
\.


--
-- Name: files_file_id_seq; Type: SEQUENCE SET; Schema: public; Owner: ojs-ci
--

SELECT pg_catalog.setval('public.files_file_id_seq', 21, true);


--
-- Data for Name: filter_groups; Type: TABLE DATA; Schema: public; Owner: ojs-ci
--

COPY public.filter_groups (filter_group_id, symbolic, display_name, description, input_type, output_type) FROM stdin;
1	issue=>datacite-xml	plugins.importexport.datacite.displayName	plugins.importexport.datacite.description	class::classes.issue.Issue	xml::schema(http://schema.datacite.org/meta/kernel-4/metadata.xsd)
2	article=>datacite-xml	plugins.importexport.datacite.displayName	plugins.importexport.datacite.description	class::classes.submission.Submission	xml::schema(http://schema.datacite.org/meta/kernel-4/metadata.xsd)
3	galley=>datacite-xml	plugins.importexport.datacite.displayName	plugins.importexport.datacite.description	class::lib.pkp.classes.galley.Galley	xml::schema(http://schema.datacite.org/meta/kernel-4/metadata.xsd)
4	issue=>crossref-xml	plugins.importexport.crossref.displayName	plugins.importexport.crossref.description	class::classes.issue.Issue[]	xml::schema(https://www.crossref.org/schemas/crossref4.3.6.xsd)
5	article=>crossref-xml	plugins.importexport.crossref.displayName	plugins.importexport.crossref.description	class::classes.submission.Submission[]	xml::schema(https://www.crossref.org/schemas/crossref4.3.6.xsd)
6	article=>native-xml	plugins.importexport.native.displayName	plugins.importexport.native.description	class::classes.submission.Submission[]	xml::schema(plugins/importexport/native/native.xsd)
7	native-xml=>article	plugins.importexport.native.displayName	plugins.importexport.native.description	xml::schema(plugins/importexport/native/native.xsd)	class::classes.submission.Submission[]
8	issue=>native-xml	plugins.importexport.native.displayName	plugins.importexport.native.description	class::classes.issue.Issue[]	xml::schema(plugins/importexport/native/native.xsd)
9	native-xml=>issue	plugins.importexport.native.displayName	plugins.importexport.native.description	xml::schema(plugins/importexport/native/native.xsd)	class::classes.issue.Issue[]
10	issuegalley=>native-xml	plugins.importexport.native.displayName	plugins.importexport.native.description	class::classes.issue.IssueGalley[]	xml::schema(plugins/importexport/native/native.xsd)
11	native-xml=>issuegalley	plugins.importexport.native.displayName	plugins.importexport.native.description	xml::schema(plugins/importexport/native/native.xsd)	class::classes.issue.IssueGalley[]
12	author=>native-xml	plugins.importexport.native.displayName	plugins.importexport.native.description	class::classes.author.Author[]	xml::schema(plugins/importexport/native/native.xsd)
13	native-xml=>author	plugins.importexport.native.displayName	plugins.importexport.native.description	xml::schema(plugins/importexport/native/native.xsd)	class::classes.author.Author[]
14	SubmissionFile=>native-xml	plugins.importexport.native.displayName	plugins.importexport.native.description	class::lib.pkp.classes.submissionFile.SubmissionFile	xml::schema(plugins/importexport/native/native.xsd)
15	native-xml=>SubmissionFile	plugins.importexport.native.displayName	plugins.importexport.native.description	xml::schema(plugins/importexport/native/native.xsd)	class::lib.pkp.classes.submissionFile.SubmissionFile[]
16	article-galley=>native-xml	plugins.importexport.native.displayName	plugins.importexport.native.description	class::lib.pkp.classes.galley.Galley	xml::schema(plugins/importexport/native/native.xsd)
17	native-xml=>ArticleGalley	plugins.importexport.native.displayName	plugins.importexport.native.description	xml::schema(plugins/importexport/native/native.xsd)	class::lib.pkp.classes.galley.Galley[]
18	publication=>native-xml	plugins.importexport.native.displayName	plugins.importexport.native.description	class::classes.publication.Publication	xml::schema(plugins/importexport/native/native.xsd)
19	native-xml=>Publication	plugins.importexport.native.displayName	plugins.importexport.native.description	xml::schema(plugins/importexport/native/native.xsd)	class::classes.publication.Publication[]
20	article=>pubmed-xml	plugins.importexport.pubmed.displayName	plugins.importexport.pubmed.description	class::classes.submission.Submission[]	xml::dtd
21	user=>user-xml	plugins.importexport.users.displayName	plugins.importexport.users.description	class::lib.pkp.classes.user.User[]	xml::schema(lib/pkp/plugins/importexport/users/pkp-users.xsd)
22	user-xml=>user	plugins.importexport.users.displayName	plugins.importexport.users.description	xml::schema(lib/pkp/plugins/importexport/users/pkp-users.xsd)	class::classes.users.User[]
23	usergroup=>user-xml	plugins.importexport.users.displayName	plugins.importexport.users.description	class::lib.pkp.classes.security.UserGroup[]	xml::schema(lib/pkp/plugins/importexport/users/pkp-users.xsd)
24	user-xml=>usergroup	plugins.importexport.native.displayName	plugins.importexport.native.description	xml::schema(lib/pkp/plugins/importexport/users/pkp-users.xsd)	class::lib.pkp.classes.security.UserGroup[]
25	article=>doaj-xml	plugins.importexport.doaj.displayName	plugins.importexport.doaj.description	class::classes.submission.Submission[]	xml::schema(plugins/importexport/doaj/doajArticles.xsd)
26	article=>doaj-json	plugins.importexport.doaj.displayName	plugins.importexport.doaj.description	class::classes.submission.Submission	primitive::string
\.


--
-- Name: filter_groups_filter_group_id_seq; Type: SEQUENCE SET; Schema: public; Owner: ojs-ci
--

SELECT pg_catalog.setval('public.filter_groups_filter_group_id_seq', 26, true);


--
-- Data for Name: filter_settings; Type: TABLE DATA; Schema: public; Owner: ojs-ci
--

COPY public.filter_settings (filter_id, locale, setting_name, setting_value, setting_type) FROM stdin;
\.


--
-- Data for Name: filters; Type: TABLE DATA; Schema: public; Owner: ojs-ci
--

COPY public.filters (filter_id, filter_group_id, context_id, display_name, class_name, is_template, parent_filter_id, seq) FROM stdin;
1	1	0	DataCite XML export	plugins.generic.datacite.filter.DataciteXmlFilter	0	0	0
2	2	0	DataCite XML export	plugins.generic.datacite.filter.DataciteXmlFilter	0	0	0
3	3	0	DataCite XML export	plugins.generic.datacite.filter.DataciteXmlFilter	0	0	0
4	4	0	Crossref XML issue export	plugins.generic.crossref.filter.IssueCrossrefXmlFilter	0	0	0
5	5	0	Crossref XML issue export	plugins.generic.crossref.filter.ArticleCrossrefXmlFilter	0	0	0
6	6	0	Native XML submission export	plugins.importexport.native.filter.ArticleNativeXmlFilter	0	0	0
7	7	0	Native XML submission import	plugins.importexport.native.filter.NativeXmlArticleFilter	0	0	0
8	8	0	Native XML issue export	plugins.importexport.native.filter.IssueNativeXmlFilter	0	0	0
9	9	0	Native XML issue import	plugins.importexport.native.filter.NativeXmlIssueFilter	0	0	0
10	10	0	Native XML issue galley export	plugins.importexport.native.filter.IssueGalleyNativeXmlFilter	0	0	0
11	11	0	Native XML issue galley import	plugins.importexport.native.filter.NativeXmlIssueGalleyFilter	0	0	0
12	12	0	Native XML author export	plugins.importexport.native.filter.AuthorNativeXmlFilter	0	0	0
13	13	0	Native XML author import	plugins.importexport.native.filter.NativeXmlAuthorFilter	0	0	0
14	15	0	Native XML submission file import	plugins.importexport.native.filter.NativeXmlArticleFileFilter	0	0	0
15	14	0	Native XML submission file export	lib.pkp.plugins.importexport.native.filter.SubmissionFileNativeXmlFilter	0	0	0
16	16	0	Native XML representation export	plugins.importexport.native.filter.ArticleGalleyNativeXmlFilter	0	0	0
17	17	0	Native XML representation import	plugins.importexport.native.filter.NativeXmlArticleGalleyFilter	0	0	0
18	18	0	Native XML Publication export	plugins.importexport.native.filter.PublicationNativeXmlFilter	0	0	0
19	19	0	Native XML publication import	plugins.importexport.native.filter.NativeXmlPublicationFilter	0	0	0
20	20	0	ArticlePubMedXmlFilter	plugins.importexport.pubmed.filter.ArticlePubMedXmlFilter	0	0	0
21	21	0	User XML user export	lib.pkp.plugins.importexport.users.filter.PKPUserUserXmlFilter	0	0	0
22	22	0	User XML user import	lib.pkp.plugins.importexport.users.filter.UserXmlPKPUserFilter	0	0	0
23	23	0	Native XML user group export	lib.pkp.plugins.importexport.users.filter.UserGroupNativeXmlFilter	0	0	0
24	24	0	Native XML user group import	lib.pkp.plugins.importexport.users.filter.NativeXmlUserGroupFilter	0	0	0
25	25	0	DOAJ XML export	plugins.importexport.doaj.filter.DOAJXmlFilter	0	0	0
26	26	0	DOAJ JSON export	plugins.importexport.doaj.filter.DOAJJsonFilter	0	0	0
\.


--
-- Name: filters_filter_id_seq; Type: SEQUENCE SET; Schema: public; Owner: ojs-ci
--

SELECT pg_catalog.setval('public.filters_filter_id_seq', 26, true);


--
-- Data for Name: genre_settings; Type: TABLE DATA; Schema: public; Owner: ojs-ci
--

COPY public.genre_settings (genre_id, locale, setting_name, setting_value, setting_type) FROM stdin;
1	en_US	name	Article Text	string
1	fr_CA	name	Texte de l'article	string
2	en_US	name	Research Instrument	string
2	fr_CA	name	Instruments de recherche	string
3	en_US	name	Research Materials	string
3	fr_CA	name	Documents de recherche	string
4	en_US	name	Research Results	string
4	fr_CA	name	Rsultats de recherche	string
5	en_US	name	Transcripts	string
5	fr_CA	name	Transcriptions	string
6	en_US	name	Data Analysis	string
6	fr_CA	name	Analyse de donnes	string
7	en_US	name	Data Set	string
7	fr_CA	name	Ensemble de donnes	string
8	en_US	name	Source Texts	string
8	fr_CA	name	Textes source	string
9	en_US	name	Multimedia	string
9	fr_CA	name	Multimdias	string
10	en_US	name	Image	string
10	fr_CA	name	Image	string
11	en_US	name	HTML Stylesheet	string
11	fr_CA	name	Feuille de style HTML	string
12	en_US	name	Other	string
12	fr_CA	name	Autre	string
\.


--
-- Data for Name: genres; Type: TABLE DATA; Schema: public; Owner: ojs-ci
--

COPY public.genres (genre_id, context_id, seq, enabled, category, dependent, supplementary, entry_key) FROM stdin;
1	1	0	1	1	0	0	SUBMISSION
2	1	1	1	3	0	1	RESEARCHINSTRUMENT
3	1	2	1	3	0	1	RESEARCHMATERIALS
4	1	3	1	3	0	1	RESEARCHRESULTS
5	1	4	1	3	0	1	TRANSCRIPTS
6	1	5	1	3	0	1	DATAANALYSIS
7	1	6	1	3	0	1	DATASET
8	1	7	1	3	0	1	SOURCETEXTS
9	1	8	1	1	1	1	MULTIMEDIA
10	1	9	1	2	1	0	IMAGE
11	1	10	1	1	1	0	STYLE
12	1	11	1	3	0	1	OTHER
\.


--
-- Name: genres_genre_id_seq; Type: SEQUENCE SET; Schema: public; Owner: ojs-ci
--

SELECT pg_catalog.setval('public.genres_genre_id_seq', 12, true);


--
-- Data for Name: institution_ip; Type: TABLE DATA; Schema: public; Owner: ojs-ci
--

COPY public.institution_ip (institution_ip_id, institution_id, ip_string, ip_start, ip_end) FROM stdin;
\.


--
-- Name: institution_ip_institution_ip_id_seq; Type: SEQUENCE SET; Schema: public; Owner: ojs-ci
--

SELECT pg_catalog.setval('public.institution_ip_institution_ip_id_seq', 1, false);


--
-- Data for Name: institution_settings; Type: TABLE DATA; Schema: public; Owner: ojs-ci
--

COPY public.institution_settings (institution_id, locale, setting_name, setting_value) FROM stdin;
\.


--
-- Data for Name: institutional_subscriptions; Type: TABLE DATA; Schema: public; Owner: ojs-ci
--

COPY public.institutional_subscriptions (institutional_subscription_id, subscription_id, institution_id, mailing_address, domain) FROM stdin;
\.


--
-- Name: institutional_subscriptions_institutional_subscription_id_seq; Type: SEQUENCE SET; Schema: public; Owner: ojs-ci
--

SELECT pg_catalog.setval('public.institutional_subscriptions_institutional_subscription_id_seq', 1, false);


--
-- Data for Name: institutions; Type: TABLE DATA; Schema: public; Owner: ojs-ci
--

COPY public.institutions (institution_id, context_id, ror, deleted_at) FROM stdin;
\.


--
-- Name: institutions_institution_id_seq; Type: SEQUENCE SET; Schema: public; Owner: ojs-ci
--

SELECT pg_catalog.setval('public.institutions_institution_id_seq', 1, false);


--
-- Data for Name: issue_files; Type: TABLE DATA; Schema: public; Owner: ojs-ci
--

COPY public.issue_files (file_id, issue_id, file_name, file_type, file_size, content_type, original_file_name, date_uploaded, date_modified) FROM stdin;
\.


--
-- Name: issue_files_file_id_seq; Type: SEQUENCE SET; Schema: public; Owner: ojs-ci
--

SELECT pg_catalog.setval('public.issue_files_file_id_seq', 1, false);


--
-- Data for Name: issue_galley_settings; Type: TABLE DATA; Schema: public; Owner: ojs-ci
--

COPY public.issue_galley_settings (galley_id, locale, setting_name, setting_value, setting_type) FROM stdin;
\.


--
-- Data for Name: issue_galleys; Type: TABLE DATA; Schema: public; Owner: ojs-ci
--

COPY public.issue_galleys (galley_id, locale, issue_id, file_id, label, seq, url_path) FROM stdin;
\.


--
-- Name: issue_galleys_galley_id_seq; Type: SEQUENCE SET; Schema: public; Owner: ojs-ci
--

SELECT pg_catalog.setval('public.issue_galleys_galley_id_seq', 1, false);


--
-- Data for Name: issue_settings; Type: TABLE DATA; Schema: public; Owner: ojs-ci
--

COPY public.issue_settings (issue_id, locale, setting_name, setting_value, setting_type) FROM stdin;
2	en_US	description		\N
2	fr_CA	description		\N
2	en_US	title		\N
2	fr_CA	title		\N
1	en_US	description		\N
1	fr_CA	description		\N
1	en_US	title		\N
1	fr_CA	title		\N
\.


--
-- Data for Name: issues; Type: TABLE DATA; Schema: public; Owner: ojs-ci
--

COPY public.issues (issue_id, journal_id, volume, number, year, published, date_published, date_notified, last_modified, access_status, open_access_date, show_volume, show_number, show_year, show_title, style_file_name, original_style_file_name, url_path, doi_id) FROM stdin;
2	1	2	1	2015	0	\N	\N	2022-08-08 09:54:56	1	\N	1	1	1	0	\N	\N		\N
1	1	1	2	2014	1	2022-08-08 09:32:23	\N	2022-08-08 09:54:57	1	\N	1	1	1	0	\N	\N		\N
\.


--
-- Name: issues_issue_id_seq; Type: SEQUENCE SET; Schema: public; Owner: ojs-ci
--

SELECT pg_catalog.setval('public.issues_issue_id_seq', 2, true);


--
-- Data for Name: item_views; Type: TABLE DATA; Schema: public; Owner: ojs-ci
--

COPY public.item_views (assoc_type, assoc_id, user_id, date_last_viewed) FROM stdin;
\.


--
-- Data for Name: jobs; Type: TABLE DATA; Schema: public; Owner: ojs-ci
--

COPY public.jobs (id, queue, payload, attempts, reserved_at, available_at, created_at) FROM stdin;
\.


--
-- Name: jobs_id_seq; Type: SEQUENCE SET; Schema: public; Owner: ojs-ci
--

SELECT pg_catalog.setval('public.jobs_id_seq', 14, true);


--
-- Data for Name: journal_settings; Type: TABLE DATA; Schema: public; Owner: ojs-ci
--

COPY public.journal_settings (journal_id, locale, setting_name, setting_value, setting_type) FROM stdin;
1	en_US	librarianInformation	We encourage research librarians to list this journal among their library's electronic journal holdings. As well, it may be worth noting that this journal's open source publishing system is suitable for libraries to host for their faculty members to use with journals they are involved in editing (see <a href="https://pkp.sfu.ca/ojs">Open Journal Systems</a>).	\N
1	fr_CA	openAccessPolicy	Cette revue fournit le libre accs immdiat  son contenu se basant sur le principe que rendre la recherche disponible au public gratuitement facilite un plus grand change du savoir,  l'chelle de la plante.	\N
1	en_US	submissionChecklist	[{"order":1,"content":"The submission has not been previously published, nor is it before another journal for consideration (or an explanation has been provided in Comments to the Editor)."},{"order":2,"content":"The submission file is in OpenOffice, Microsoft Word, or RTF document file format."},{"order":3,"content":"Where available, URLs for the references have been provided."},{"order":4,"content":"The text is single-spaced; uses a 12-point font; employs italics, rather than underlining (except with URL addresses); and all illustrations, figures, and tables are placed within the text at the appropriate points, rather than at the end."},{"order":5,"content":"The text adheres to the stylistic and bibliographic requirements outlined in the Author Guidelines."}]	\N
1	en_US	acronym	JPKJPK	\N
1	en_US	authorInformation	Interested in submitting to this journal? We recommend that you review the <a href="http://localhost/index.php/publicknowledge/about">About the Journal</a> page for the journal's section policies, as well as the <a href="http://localhost/index.php/publicknowledge/about/submissions#authorGuidelines">Author Guidelines</a>. Authors need to <a href="http://localhost/index.php/publicknowledge/user/register">register</a> with the journal prior to submitting or, if already registered, can simply <a href="http://localhost/index.php/index/login">log in</a> and begin the five-step process.	\N
1		country	IS	\N
1		defaultReviewMode	2	\N
1		copySubmissionAckPrimaryContact	0	\N
1	en_US	name	Journal of Public Knowledge	\N
1	fr_CA	name	Journal de la connaissance du public	\N
1		notifyAllAuthors	1	\N
1	en_US	privacyStatement	<p>The names and email addresses entered in this journal site will be used exclusively for the stated purposes of this journal and will not be made available for any other purpose or to any other party.</p>	\N
1	fr_CA	privacyStatement	<p>Les noms et courriels saisis dans le site de cette revue seront utiliss exclusivement aux fins indiques par cette revue et ne serviront  aucune autre fin, ni  toute autre partie.</p>	\N
1	en_US	readerInformation	We encourage readers to sign up for the publishing notification service for this journal. Use the <a href="http://localhost/index.php/publicknowledge/user/register">Register</a> link at the top of the home page for the journal. This registration will result in the reader receiving the Table of Contents by email for each new issue of the journal. This list also allows the journal to claim a certain level of support or readership. See the journal's <a href="http://localhost/index.php/publicknowledge/about/submissions#privacyStatement">Privacy Statement</a>, which assures readers that their name and email address will not be used for other purposes.	\N
1	fr_CA	authorInformation	Intress-e  soumettre  cette revue ? Nous vous recommandons de consulter les politiques de rubrique de la revue  la page <a href="http://localhost/index.php/publicknowledge/about"> propos de la revue</a> ainsi que les <a href="http://localhost/index.php/publicknowledge/about/submissions#authorGuidelines">Directives aux auteurs</a>. Les auteurs-es doivent <a href="http://localhost/index.php/publicknowledge/user/register">s'inscrire</a> auprs de la revue avant de prsenter une soumission, ou s'ils et elles sont dj inscrits-es, simplement <a href="http://localhost/index.php/publicknowledge/login">ouvrir une session</a> et accder au tableau de bord pour commencer les 5 tapes du processus.	\N
1		numPageLinks	10	\N
1		copySubmissionAckAddress		\N
1		emailSignature	<br/><hr /><br/><p><a href="http://localhost/index.php/publicknowledge">Journal of Public Knowledge</a></p><p>{$mailingAddress}</p><p>{$contactName}, <a href="mailto: {$contactEmail}">{$contactEmail}</a></p>	\N
1		enableDois	1	\N
1		numWeeksPerResponse	4	\N
1		numWeeksPerReview	4	\N
1	en_US	openAccessPolicy	This journal provides immediate open access to its content on the principle that making research freely available to the public supports a greater global exchange of knowledge.	\N
1		doiSuffixType	default	\N
1		registrationAgency		\N
1		disableSubmissions	0	\N
1		itemsPerPage	25	\N
1		keywords	request	\N
1	fr_CA	librarianInformation	Nous incitons les bibliothcaires  lister cette revue dans leur fonds de revues numriques. Aussi, il peut tre pertinent de mentionner que ce systme de publication en libre accs est conu pour tre hberg par les bibliothques de recherche pour que les membres de leurs facults l'utilisent avec les revues dans lesquelles ils sont impliqus (voir <a href="https://pkp.sfu.ca/ojs">Open Journal Systems</a>).	\N
1	fr_CA	readerInformation	Nous invitons les lecteurs-trices  s'inscrire pour recevoir les avis de publication de cette revue. Utiliser le lien <a href="http://localhost/index.php/publicknowledge/user/register">S'inscrire</a> en haut de la page d'accueil de la revue. Cette inscription permettra au, la lecteur-trice de recevoir par courriel le sommaire de chaque nouveau numro de la revue. Cette liste permet aussi  la revue de revendiquer un certain niveau de soutien ou de lectorat. Voir la <a href="http://localhost/index.php/publicknowledge/about/submissions#privacyStatement">Dclaration de confidentialit</a> de la revue qui certifie aux lecteurs-trices que leur nom et leur courriel ne seront pas utiliss  d'autres fins.	\N
1		supportedFormLocales	["en_US","fr_CA"]	\N
1		supportedLocales	["en_US","fr_CA"]	\N
1		supportedSubmissionLocales	["en_US","fr_CA"]	\N
1		themePluginPath	default	\N
1		enableGeoUsageStats		\N
1		enableInstitutionUsageStats	0	\N
1	en_US	clockssLicense	This journal utilizes the CLOCKSS system to create a distributed archiving system among participating libraries and permits those libraries to create permanent archives of the journal for purposes of preservation and restoration. <a href="https://clockss.org">More...</a>	\N
1	fr_CA	clockssLicense	Cette revue utilise le systme CLOCKSS pour crer un systme d'archivage distribu parmi les bibliothques participantes et permet  ces bibliothques de crer des archives permanentes de la revue  des fins de conservation et de reconstitution. <a href="https://clockss.org">En apprendre davantage... </a>	\N
1		copyrightYearBasis	issue	\N
1		doiCreationTime	copyEditCreationTime	\N
1		enableOai	1	\N
1	en_US	lockssLicense	This journal utilizes the LOCKSS system to create a distributed archiving system among participating libraries and permits those libraries to create permanent archives of the journal for purposes of preservation and restoration. <a href="https://www.lockss.org">More...</a>	\N
1	fr_CA	lockssLicense	Cette revue utilise le systme LOCKSS pour crer un systme de distribution des archives parmi les bibliothques participantes et afin de permettre  ces bibliothques de crer des archives permanentes pour fins de prservation et de restauration. <a href="https://lockss.org">En apprendre davantage...</a>	\N
1		membershipFee	0	\N
1		publicationFee	0	\N
1		purchaseArticleFee	0	\N
1		contactEmail	rvaca@mailinator.com	\N
1		contactName	Ramiro Vaca	\N
1	en_US	customHeaders	<meta name="pkp" content="Test metatag.">	\N
1		mailingAddress	123 456th Street\nBurnaby, British Columbia\nCanada	\N
1	en_US	searchDescription	The Journal of Public Knowledge is a peer-reviewed quarterly publication on the subject of public access to science.	\N
1		supportEmail	rvaca@mailinator.com	\N
1		supportName	Ramiro Vaca	\N
1	en_US	abbreviation	publicknowledgeJ Pub Know	\N
1		onlineIssn	0378-5955	\N
1		printIssn	0378-5955	\N
1		publisherInstitution	Public Knowledge Project	\N
1	fr_CA	submissionChecklist	[{"order":1,"content":"La soumission n'a pas dj t publie et n'est pas considre actuellement par une autre revue. Si ce n'est pas le cas, fournir une explication dans le champ  Commentaires au, la rdacteur-trice ."},{"order":2,"content":"Le fichier de la soumission est dans un des formats de fichier suivants : OpenOffice, Microsoft Word, RTF ou WordPerfect."},{"order":3,"content":"Lorsque possible, les URL des rfrences ont t fournies."},{"order":4,"content":"Le texte est  simple interligne, utilise une police de 12 points, emploie l'italique plutt que le soulign (sauf pour les adresses URL) et place toutes les illustrations, figures et tableaux aux endroits appropris dans le texte plutt qu' la fin."},{"order":5,"content":"Le texte se conforme aux exigences stylistiques et bibliographiques dcrites dans les  <a href=\\"http:\\/\\/localhost\\/index.php\\/publicknowledge\\/about\\/submissions#authorGuidelines\\">Directives aux auteurs<\\/a>, qui se trouvent dans la section   propos de la revue ."}]	\N
\.


--
-- Data for Name: journals; Type: TABLE DATA; Schema: public; Owner: ojs-ci
--

COPY public.journals (journal_id, path, seq, primary_locale, enabled, current_issue_id) FROM stdin;
1	publicknowledge	1	en_US	1	1
\.


--
-- Name: journals_journal_id_seq; Type: SEQUENCE SET; Schema: public; Owner: ojs-ci
--

SELECT pg_catalog.setval('public.journals_journal_id_seq', 1, true);


--
-- Data for Name: library_file_settings; Type: TABLE DATA; Schema: public; Owner: ojs-ci
--

COPY public.library_file_settings (file_id, locale, setting_name, setting_value, setting_type) FROM stdin;
\.


--
-- Data for Name: library_files; Type: TABLE DATA; Schema: public; Owner: ojs-ci
--

COPY public.library_files (file_id, context_id, file_name, original_file_name, file_type, file_size, type, date_uploaded, date_modified, submission_id, public_access) FROM stdin;
\.


--
-- Name: library_files_file_id_seq; Type: SEQUENCE SET; Schema: public; Owner: ojs-ci
--

SELECT pg_catalog.setval('public.library_files_file_id_seq', 1, false);


--
-- Data for Name: mailable_templates; Type: TABLE DATA; Schema: public; Owner: ojs-ci
--

COPY public.mailable_templates (email_id, mailable_id) FROM stdin;
\.


--
-- Data for Name: metadata_description_settings; Type: TABLE DATA; Schema: public; Owner: ojs-ci
--

COPY public.metadata_description_settings (metadata_description_id, locale, setting_name, setting_value, setting_type) FROM stdin;
\.


--
-- Data for Name: metadata_descriptions; Type: TABLE DATA; Schema: public; Owner: ojs-ci
--

COPY public.metadata_descriptions (metadata_description_id, assoc_type, assoc_id, schema_namespace, schema_name, display_name, seq) FROM stdin;
\.


--
-- Name: metadata_descriptions_metadata_description_id_seq; Type: SEQUENCE SET; Schema: public; Owner: ojs-ci
--

SELECT pg_catalog.setval('public.metadata_descriptions_metadata_description_id_seq', 1, false);


--
-- Data for Name: metrics_context; Type: TABLE DATA; Schema: public; Owner: ojs-ci
--

COPY public.metrics_context (load_id, context_id, date, metric) FROM stdin;
\.


--
-- Data for Name: metrics_counter_submission_daily; Type: TABLE DATA; Schema: public; Owner: ojs-ci
--

COPY public.metrics_counter_submission_daily (load_id, context_id, submission_id, date, metric_investigations, metric_investigations_unique, metric_requests, metric_requests_unique) FROM stdin;
\.


--
-- Data for Name: metrics_counter_submission_institution_daily; Type: TABLE DATA; Schema: public; Owner: ojs-ci
--

COPY public.metrics_counter_submission_institution_daily (load_id, context_id, submission_id, institution_id, date, metric_investigations, metric_investigations_unique, metric_requests, metric_requests_unique) FROM stdin;
\.


--
-- Data for Name: metrics_counter_submission_institution_monthly; Type: TABLE DATA; Schema: public; Owner: ojs-ci
--

COPY public.metrics_counter_submission_institution_monthly (context_id, submission_id, institution_id, month, metric_investigations, metric_investigations_unique, metric_requests, metric_requests_unique) FROM stdin;
\.


--
-- Data for Name: metrics_counter_submission_monthly; Type: TABLE DATA; Schema: public; Owner: ojs-ci
--

COPY public.metrics_counter_submission_monthly (context_id, submission_id, month, metric_investigations, metric_investigations_unique, metric_requests, metric_requests_unique) FROM stdin;
\.


--
-- Data for Name: metrics_issue; Type: TABLE DATA; Schema: public; Owner: ojs-ci
--

COPY public.metrics_issue (load_id, context_id, issue_id, issue_galley_id, date, metric) FROM stdin;
\.


--
-- Data for Name: metrics_submission; Type: TABLE DATA; Schema: public; Owner: ojs-ci
--

COPY public.metrics_submission (load_id, context_id, submission_id, representation_id, submission_file_id, file_type, assoc_type, date, metric) FROM stdin;
\.


--
-- Data for Name: metrics_submission_geo_daily; Type: TABLE DATA; Schema: public; Owner: ojs-ci
--

COPY public.metrics_submission_geo_daily (load_id, context_id, submission_id, country, region, city, date, metric, metric_unique) FROM stdin;
\.


--
-- Data for Name: metrics_submission_geo_monthly; Type: TABLE DATA; Schema: public; Owner: ojs-ci
--

COPY public.metrics_submission_geo_monthly (context_id, submission_id, country, region, city, month, metric, metric_unique) FROM stdin;
\.


--
-- Name: navigation_menu_item_assignme_navigation_menu_item_assignme_seq; Type: SEQUENCE SET; Schema: public; Owner: ojs-ci
--

SELECT pg_catalog.setval('public.navigation_menu_item_assignme_navigation_menu_item_assignme_seq', 23, true);


--
-- Data for Name: navigation_menu_item_assignment_settings; Type: TABLE DATA; Schema: public; Owner: ojs-ci
--

COPY public.navigation_menu_item_assignment_settings (navigation_menu_item_assignment_id, locale, setting_name, setting_value, setting_type) FROM stdin;
\.


--
-- Data for Name: navigation_menu_item_assignments; Type: TABLE DATA; Schema: public; Owner: ojs-ci
--

COPY public.navigation_menu_item_assignments (navigation_menu_item_assignment_id, navigation_menu_id, navigation_menu_item_id, parent_id, seq) FROM stdin;
1	1	1	0	0
2	1	2	0	1
3	1	3	0	2
4	1	4	3	0
5	1	5	3	1
6	1	6	3	2
7	1	7	3	3
8	2	8	0	0
9	2	9	0	1
10	2	10	0	2
11	2	11	10	0
12	2	12	10	1
13	2	13	10	2
14	2	14	10	3
15	3	15	0	0
16	3	16	0	1
17	3	17	0	2
18	3	18	0	3
19	3	19	18	0
20	3	20	18	1
21	3	21	18	2
22	3	22	18	3
23	3	23	18	4
\.


--
-- Data for Name: navigation_menu_item_settings; Type: TABLE DATA; Schema: public; Owner: ojs-ci
--

COPY public.navigation_menu_item_settings (navigation_menu_item_id, locale, setting_name, setting_value, setting_type) FROM stdin;
1		titleLocaleKey	navigation.register	string
2		titleLocaleKey	navigation.login	string
3		titleLocaleKey	{$loggedInUsername}	string
4		titleLocaleKey	navigation.dashboard	string
5		titleLocaleKey	common.viewProfile	string
6		titleLocaleKey	navigation.admin	string
7		titleLocaleKey	user.logOut	string
8		titleLocaleKey	navigation.register	string
9		titleLocaleKey	navigation.login	string
10		titleLocaleKey	{$loggedInUsername}	string
11		titleLocaleKey	navigation.dashboard	string
12		titleLocaleKey	common.viewProfile	string
13		titleLocaleKey	navigation.admin	string
14		titleLocaleKey	user.logOut	string
15		titleLocaleKey	navigation.current	string
16		titleLocaleKey	navigation.archives	string
17		titleLocaleKey	manager.announcements	string
18		titleLocaleKey	navigation.about	string
19		titleLocaleKey	about.aboutContext	string
20		titleLocaleKey	about.submissions	string
21		titleLocaleKey	about.editorialTeam	string
22		titleLocaleKey	manager.setup.privacyStatement	string
23		titleLocaleKey	about.contact	string
24		titleLocaleKey	common.search	string
\.


--
-- Data for Name: navigation_menu_items; Type: TABLE DATA; Schema: public; Owner: ojs-ci
--

COPY public.navigation_menu_items (navigation_menu_item_id, context_id, path, type) FROM stdin;
1	0	\N	NMI_TYPE_USER_REGISTER
2	0	\N	NMI_TYPE_USER_LOGIN
3	0	\N	NMI_TYPE_USER_DASHBOARD
4	0	\N	NMI_TYPE_USER_DASHBOARD
5	0	\N	NMI_TYPE_USER_PROFILE
6	0	\N	NMI_TYPE_ADMINISTRATION
7	0	\N	NMI_TYPE_USER_LOGOUT
8	1	\N	NMI_TYPE_USER_REGISTER
9	1	\N	NMI_TYPE_USER_LOGIN
10	1	\N	NMI_TYPE_USER_DASHBOARD
11	1	\N	NMI_TYPE_USER_DASHBOARD
12	1	\N	NMI_TYPE_USER_PROFILE
13	1	\N	NMI_TYPE_ADMINISTRATION
14	1	\N	NMI_TYPE_USER_LOGOUT
15	1	\N	NMI_TYPE_CURRENT
16	1	\N	NMI_TYPE_ARCHIVES
17	1	\N	NMI_TYPE_ANNOUNCEMENTS
18	1	\N	NMI_TYPE_ABOUT
19	1	\N	NMI_TYPE_ABOUT
20	1	\N	NMI_TYPE_SUBMISSIONS
21	1	\N	NMI_TYPE_EDITORIAL_TEAM
22	1	\N	NMI_TYPE_PRIVACY
23	1	\N	NMI_TYPE_CONTACT
24	1	\N	NMI_TYPE_SEARCH
\.


--
-- Name: navigation_menu_items_navigation_menu_item_id_seq; Type: SEQUENCE SET; Schema: public; Owner: ojs-ci
--

SELECT pg_catalog.setval('public.navigation_menu_items_navigation_menu_item_id_seq', 24, true);


--
-- Data for Name: navigation_menus; Type: TABLE DATA; Schema: public; Owner: ojs-ci
--

COPY public.navigation_menus (navigation_menu_id, context_id, area_name, title) FROM stdin;
1	0	user	User Navigation Menu
2	1	user	User Navigation Menu
3	1	primary	Primary Navigation Menu
\.


--
-- Name: navigation_menus_navigation_menu_id_seq; Type: SEQUENCE SET; Schema: public; Owner: ojs-ci
--

SELECT pg_catalog.setval('public.navigation_menus_navigation_menu_id_seq', 3, true);


--
-- Data for Name: notes; Type: TABLE DATA; Schema: public; Owner: ojs-ci
--

COPY public.notes (note_id, assoc_type, assoc_id, user_id, date_created, date_modified, title, contents) FROM stdin;
1	1048586	1	6	2022-08-08 09:37:29	2022-08-08 09:37:29	Editor Recommendation	<p>Dear Daniel Barnes, Stephanie Berardo, David Buskins,</p><p>After considering the reviewers' feedback, I would like to make the following recommendation regarding the submission The influence of lactation on the quantity and quality of cashmere production.</p><p>My recommendation is:<br />Accept Submission.</p><p>Please visit the submission's <a href="http://localhost/index.php/publicknowledge/workflow/index/2/3">editorial workflow</a> to act on this recommendation.</p><p>Please feel free to contact me with any questions.</p><p>Kind regards,</p><p>Minoti Inoue</p>
\.


--
-- Name: notes_note_id_seq; Type: SEQUENCE SET; Schema: public; Owner: ojs-ci
--

SELECT pg_catalog.setval('public.notes_note_id_seq', 1, true);


--
-- Data for Name: notification_mail_list; Type: TABLE DATA; Schema: public; Owner: ojs-ci
--

COPY public.notification_mail_list (notification_mail_list_id, email, confirmed, token, context) FROM stdin;
\.


--
-- Name: notification_mail_list_notification_mail_list_id_seq; Type: SEQUENCE SET; Schema: public; Owner: ojs-ci
--

SELECT pg_catalog.setval('public.notification_mail_list_notification_mail_list_id_seq', 1, false);


--
-- Data for Name: notification_settings; Type: TABLE DATA; Schema: public; Owner: ojs-ci
--

COPY public.notification_settings (notification_id, locale, setting_name, setting_value, setting_type) FROM stdin;
\.


--
-- Data for Name: notification_subscription_settings; Type: TABLE DATA; Schema: public; Owner: ojs-ci
--

COPY public.notification_subscription_settings (setting_id, setting_name, setting_value, user_id, context, setting_type) FROM stdin;
1	blocked_emailed_notification	8	17	1	int
2	blocked_emailed_notification	268435477	17	1	int
3	blocked_emailed_notification	8	18	1	int
4	blocked_emailed_notification	268435477	18	1	int
5	blocked_emailed_notification	8	19	1	int
6	blocked_emailed_notification	268435477	19	1	int
7	blocked_emailed_notification	8	20	1	int
8	blocked_emailed_notification	268435477	20	1	int
9	blocked_emailed_notification	8	21	1	int
10	blocked_emailed_notification	268435477	21	1	int
11	blocked_emailed_notification	8	22	1	int
12	blocked_emailed_notification	268435477	22	1	int
13	blocked_emailed_notification	8	23	1	int
14	blocked_emailed_notification	268435477	23	1	int
15	blocked_emailed_notification	8	24	1	int
16	blocked_emailed_notification	268435477	24	1	int
17	blocked_emailed_notification	8	25	1	int
18	blocked_emailed_notification	268435477	25	1	int
19	blocked_emailed_notification	8	26	1	int
20	blocked_emailed_notification	268435477	26	1	int
21	blocked_emailed_notification	8	27	1	int
22	blocked_emailed_notification	268435477	27	1	int
23	blocked_emailed_notification	8	28	1	int
24	blocked_emailed_notification	268435477	28	1	int
25	blocked_emailed_notification	8	29	1	int
26	blocked_emailed_notification	268435477	29	1	int
27	blocked_emailed_notification	8	30	1	int
28	blocked_emailed_notification	268435477	30	1	int
29	blocked_emailed_notification	8	31	1	int
30	blocked_emailed_notification	268435477	31	1	int
31	blocked_emailed_notification	8	32	1	int
32	blocked_emailed_notification	268435477	32	1	int
33	blocked_emailed_notification	8	33	1	int
34	blocked_emailed_notification	268435477	33	1	int
35	blocked_emailed_notification	8	34	1	int
36	blocked_emailed_notification	268435477	34	1	int
37	blocked_emailed_notification	8	35	1	int
38	blocked_emailed_notification	268435477	35	1	int
\.


--
-- Name: notification_subscription_settings_setting_id_seq; Type: SEQUENCE SET; Schema: public; Owner: ojs-ci
--

SELECT pg_catalog.setval('public.notification_subscription_settings_setting_id_seq', 38, true);


--
-- Data for Name: notifications; Type: TABLE DATA; Schema: public; Owner: ojs-ci
--

COPY public.notifications (notification_id, context_id, user_id, level, type, date_created, date_read, assoc_type, assoc_id) FROM stdin;
194	1	7	3	16777227	2022-08-08 09:44:08	\N	517	13
78	1	0	2	16777236	2022-08-08 09:38:13	2022-08-08 09:38:18	523	3
80	1	9	3	16777227	2022-08-08 09:38:23	\N	517	4
196	1	10	3	16777227	2022-08-08 09:44:15	\N	517	14
82	1	10	3	16777227	2022-08-08 09:38:31	\N	517	5
120	1	21	2	16777235	2022-08-08 09:40:19	\N	1048585	5
51	1	3	2	16777217	2022-08-08 09:36:49	\N	1048585	2
6	1	3	2	16777217	2022-08-08 09:32:56	\N	1048585	1
84	1	19	2	16777230	2022-08-08 09:38:37	\N	1048585	3
8	1	4	2	16777217	2022-08-08 09:32:56	\N	1048585	1
10	1	5	2	16777217	2022-08-08 09:32:57	\N	1048585	1
86	1	5	2	16777251	2022-08-08 09:38:37	\N	1048585	3
12	1	0	2	16777243	2022-08-08 09:32:57	\N	1048585	1
13	1	0	2	16777245	2022-08-08 09:32:57	\N	1048585	1
87	1	4	2	16777251	2022-08-08 09:38:37	\N	1048585	3
85	1	3	2	16777251	2022-08-08 09:38:37	2022-08-08 09:38:41	1048585	3
53	1	4	2	16777217	2022-08-08 09:36:49	\N	1048585	2
55	1	5	2	16777217	2022-08-08 09:36:49	\N	1048585	2
15	1	0	2	16777236	2022-08-08 09:33:07	2022-08-08 09:33:11	523	1
17	1	7	3	16777227	2022-08-08 09:33:16	\N	517	1
122	1	5	2	16777254	2022-08-08 09:40:19	\N	1048585	5
19	1	9	3	16777227	2022-08-08 09:33:23	\N	517	2
90	1	3	2	16777217	2022-08-08 09:39:10	\N	1048585	4
57	1	0	2	16777243	2022-08-08 09:36:49	\N	1048585	2
21	1	10	3	16777227	2022-08-08 09:33:30	\N	517	3
58	1	0	2	16777245	2022-08-08 09:36:49	\N	1048585	2
92	1	4	2	16777217	2022-08-08 09:39:10	\N	1048585	4
94	1	5	2	16777217	2022-08-08 09:39:10	\N	1048585	4
96	1	0	2	16777243	2022-08-08 09:39:10	\N	1048585	4
97	1	0	2	16777245	2022-08-08 09:39:10	\N	1048585	4
28	1	17	2	16777235	2022-08-08 09:33:49	\N	1048585	1
123	1	4	2	16777254	2022-08-08 09:40:19	\N	1048585	5
109	1	0	2	16777236	2022-08-08 09:39:40	2022-08-08 09:39:45	523	4
111	1	8	3	16777227	2022-08-08 09:39:51	\N	517	6
100	1	3	2	16777217	2022-08-08 09:39:27	\N	1048585	5
102	1	4	2	16777217	2022-08-08 09:39:27	\N	1048585	5
35	1	3	3	16777259	2022-08-08 09:35:24	\N	1048585	1
37	1	4	3	16777259	2022-08-08 09:35:25	\N	1048585	1
104	1	5	2	16777217	2022-08-08 09:39:27	\N	1048585	5
39	1	5	3	16777259	2022-08-08 09:35:25	\N	1048585	1
41	1	12	3	16777259	2022-08-08 09:35:25	\N	1048585	1
106	1	0	2	16777243	2022-08-08 09:39:27	\N	1048585	5
43	1	14	3	16777259	2022-08-08 09:35:25	\N	1048585	1
107	1	0	2	16777245	2022-08-08 09:39:27	\N	1048585	5
45	1	16	3	16777259	2022-08-08 09:35:25	\N	1048585	1
47	1	17	3	16777259	2022-08-08 09:35:25	\N	1048585	1
121	1	3	2	16777254	2022-08-08 09:40:19	2022-08-08 09:40:23	1048585	5
113	1	10	3	16777227	2022-08-08 09:39:59	\N	517	7
61	1	18	2	16777231	2022-08-08 09:37:02	\N	1048585	2
60	1	0	2	16777236	2022-08-08 09:37:02	2022-08-08 09:37:06	523	2
133	1	0	2	16777245	2022-08-08 09:40:54	\N	1048585	6
63	1	3	3	16777249	2022-08-08 09:37:29	\N	1048586	1
65	1	5	3	16777249	2022-08-08 09:37:29	\N	1048586	1
67	1	4	3	16777249	2022-08-08 09:37:29	\N	1048586	1
139	1	10	3	16777227	2022-08-08 09:41:24	\N	517	9
126	1	3	2	16777217	2022-08-08 09:40:54	\N	1048585	6
69	1	3	2	16777217	2022-08-08 09:38:00	\N	1048585	3
128	1	4	2	16777217	2022-08-08 09:40:54	\N	1048585	6
71	1	4	2	16777217	2022-08-08 09:38:00	\N	1048585	3
73	1	5	2	16777217	2022-08-08 09:38:00	\N	1048585	3
130	1	5	2	16777217	2022-08-08 09:40:54	\N	1048585	6
75	1	0	2	16777243	2022-08-08 09:38:00	\N	1048585	3
76	1	0	2	16777245	2022-08-08 09:38:00	\N	1048585	3
132	1	0	2	16777243	2022-08-08 09:40:54	\N	1048585	6
135	1	0	2	16777236	2022-08-08 09:41:07	2022-08-08 09:41:11	523	5
137	1	7	3	16777227	2022-08-08 09:41:17	\N	517	8
146	1	22	2	16777235	2022-08-08 09:41:45	\N	1048585	6
148	1	5	2	16777254	2022-08-08 09:41:45	\N	1048585	6
149	1	4	2	16777254	2022-08-08 09:41:45	\N	1048585	6
147	1	3	2	16777254	2022-08-08 09:41:45	2022-08-08 09:41:50	1048585	6
157	1	0	2	16777243	2022-08-08 09:42:13	\N	1048585	7
151	1	3	2	16777217	2022-08-08 09:42:12	\N	1048585	7
153	1	4	2	16777217	2022-08-08 09:42:12	\N	1048585	7
155	1	5	2	16777217	2022-08-08 09:42:12	\N	1048585	7
158	1	0	2	16777245	2022-08-08 09:42:13	\N	1048585	7
161	1	23	2	16777231	2022-08-08 09:42:26	\N	1048585	7
160	1	0	2	16777236	2022-08-08 09:42:26	2022-08-08 09:42:31	523	6
164	1	9	3	16777227	2022-08-08 09:42:44	\N	517	11
166	1	10	3	16777227	2022-08-08 09:42:51	\N	517	12
168	1	3	2	16777219	2022-08-08 09:43:04	\N	517	10
170	1	5	2	16777219	2022-08-08 09:43:04	\N	517	10
241	1	0	2	16777243	2022-08-08 09:46:31	\N	1048585	11
172	1	4	2	16777219	2022-08-08 09:43:04	\N	517	10
242	1	0	2	16777245	2022-08-08 09:46:31	\N	1048585	11
175	1	3	2	16777217	2022-08-08 09:43:27	\N	1048585	8
202	1	25	2	16777235	2022-08-08 09:44:35	\N	1048585	9
177	1	4	2	16777217	2022-08-08 09:43:27	\N	1048585	8
179	1	5	2	16777217	2022-08-08 09:43:27	\N	1048585	8
204	1	6	2	16777254	2022-08-08 09:44:35	\N	1048585	9
181	1	0	2	16777243	2022-08-08 09:43:27	\N	1048585	8
182	1	0	2	16777245	2022-08-08 09:43:27	\N	1048585	8
203	1	3	2	16777254	2022-08-08 09:44:35	2022-08-08 09:44:40	1048585	9
267	1	0	2	16777245	2022-08-08 09:47:43	\N	1048585	13
207	1	3	2	16777217	2022-08-08 09:45:11	\N	1048585	10
185	1	3	2	16777217	2022-08-08 09:43:44	\N	1048585	9
209	1	4	2	16777217	2022-08-08 09:45:11	\N	1048585	10
187	1	6	2	16777217	2022-08-08 09:43:44	\N	1048585	9
189	1	0	2	16777243	2022-08-08 09:43:44	\N	1048585	9
190	1	0	2	16777245	2022-08-08 09:43:44	\N	1048585	9
211	1	5	2	16777217	2022-08-08 09:45:11	\N	1048585	10
213	1	0	2	16777243	2022-08-08 09:45:11	\N	1048585	10
214	1	0	2	16777245	2022-08-08 09:45:11	\N	1048585	10
192	1	0	2	16777236	2022-08-08 09:43:58	2022-08-08 09:44:02	523	7
302	1	0	2	16777243	2022-08-08 09:49:54	\N	1048585	14
303	1	0	2	16777245	2022-08-08 09:49:54	\N	1048585	14
217	1	26	2	16777231	2022-08-08 09:45:26	\N	1048585	10
216	1	0	2	16777236	2022-08-08 09:45:26	2022-08-08 09:45:30	523	8
245	1	3	2	16777217	2022-08-08 09:46:49	\N	1048585	12
222	1	3	2	16777219	2022-08-08 09:45:56	\N	517	15
224	1	4	2	16777219	2022-08-08 09:45:56	\N	517	15
226	1	5	2	16777219	2022-08-08 09:45:56	\N	517	15
247	1	4	2	16777217	2022-08-08 09:46:50	\N	1048585	12
249	1	5	2	16777217	2022-08-08 09:46:50	\N	1048585	12
228	1	3	2	16777219	2022-08-08 09:46:09	\N	517	16
230	1	4	2	16777219	2022-08-08 09:46:09	\N	517	16
232	1	5	2	16777219	2022-08-08 09:46:09	\N	517	16
251	1	0	2	16777243	2022-08-08 09:46:50	\N	1048585	12
252	1	0	2	16777245	2022-08-08 09:46:50	\N	1048585	12
235	1	3	2	16777217	2022-08-08 09:46:31	\N	1048585	11
237	1	4	2	16777217	2022-08-08 09:46:31	\N	1048585	11
239	1	5	2	16777217	2022-08-08 09:46:31	\N	1048585	11
283	1	3	2	16777219	2022-08-08 09:48:52	\N	517	20
269	1	0	2	16777236	2022-08-08 09:48:01	2022-08-08 09:48:05	523	10
255	1	28	2	16777231	2022-08-08 09:47:06	\N	1048585	12
254	1	0	2	16777236	2022-08-08 09:47:06	2022-08-08 09:47:10	523	9
256	1	7	3	16777227	2022-08-08 09:47:16	\N	517	17
258	1	8	3	16777227	2022-08-08 09:47:23	\N	517	18
260	1	3	2	16777217	2022-08-08 09:47:43	\N	1048585	13
262	1	4	2	16777217	2022-08-08 09:47:43	\N	1048585	13
264	1	5	2	16777217	2022-08-08 09:47:43	\N	1048585	13
266	1	0	2	16777243	2022-08-08 09:47:43	\N	1048585	13
285	1	4	2	16777219	2022-08-08 09:48:52	\N	517	20
277	1	3	2	16777219	2022-08-08 09:48:39	\N	517	19
279	1	4	2	16777219	2022-08-08 09:48:39	\N	517	19
281	1	5	2	16777219	2022-08-08 09:48:39	\N	517	19
287	1	5	2	16777219	2022-08-08 09:48:53	\N	517	20
295	1	29	3	16777232	2022-08-08 09:49:31	\N	1048585	13
296	1	3	2	16777217	2022-08-08 09:49:54	\N	1048585	14
289	1	3	2	16777219	2022-08-08 09:49:07	\N	517	21
291	1	4	2	16777219	2022-08-08 09:49:08	\N	517	21
293	1	5	2	16777219	2022-08-08 09:49:08	\N	517	21
298	1	4	2	16777217	2022-08-08 09:49:54	\N	1048585	14
300	1	5	2	16777217	2022-08-08 09:49:54	\N	1048585	14
311	1	0	2	16777243	2022-08-08 09:50:11	\N	1048585	15
312	1	0	2	16777245	2022-08-08 09:50:11	\N	1048585	15
305	1	3	2	16777217	2022-08-08 09:50:11	\N	1048585	15
307	1	4	2	16777217	2022-08-08 09:50:11	\N	1048585	15
309	1	5	2	16777217	2022-08-08 09:50:11	\N	1048585	15
314	1	0	2	16777236	2022-08-08 09:50:28	2022-08-08 09:50:32	523	11
316	1	8	3	16777227	2022-08-08 09:50:38	\N	517	22
318	1	9	3	16777227	2022-08-08 09:50:46	\N	517	23
325	1	31	2	16777235	2022-08-08 09:51:07	\N	1048585	15
327	1	4	2	16777254	2022-08-08 09:51:07	\N	1048585	15
328	1	5	2	16777254	2022-08-08 09:51:07	\N	1048585	15
326	1	3	2	16777254	2022-08-08 09:51:07	2022-08-08 09:51:12	1048585	15
330	1	3	2	16777217	2022-08-08 09:51:36	\N	1048585	16
332	1	4	2	16777217	2022-08-08 09:51:36	\N	1048585	16
334	1	5	2	16777217	2022-08-08 09:51:36	\N	1048585	16
348	1	0	2	16777236	2022-08-08 09:52:13	2022-08-08 09:52:17	523	12
336	1	0	2	16777243	2022-08-08 09:51:36	\N	1048585	16
337	1	0	2	16777245	2022-08-08 09:51:36	\N	1048585	16
350	1	7	3	16777227	2022-08-08 09:52:24	\N	517	24
352	1	8	3	16777227	2022-08-08 09:52:31	\N	517	25
339	1	3	2	16777217	2022-08-08 09:51:55	\N	1048585	17
341	1	4	2	16777217	2022-08-08 09:51:55	\N	1048585	17
343	1	5	2	16777217	2022-08-08 09:51:55	\N	1048585	17
345	1	0	2	16777243	2022-08-08 09:51:55	\N	1048585	17
346	1	0	2	16777245	2022-08-08 09:51:55	\N	1048585	17
359	1	33	2	16777235	2022-08-08 09:52:53	\N	1048585	17
365	1	3	2	16777217	2022-08-08 09:55:15	\N	1048585	18
367	1	4	2	16777217	2022-08-08 09:55:15	\N	1048585	18
369	1	5	2	16777217	2022-08-08 09:55:15	\N	1048585	18
371	1	0	2	16777243	2022-08-08 09:55:15	\N	1048585	18
372	1	0	2	16777245	2022-08-08 09:55:15	\N	1048585	18
374	1	34	2	16777234	2022-08-08 09:55:34	\N	1048585	18
375	1	3	2	16777217	2022-08-08 09:55:53	\N	1048585	19
377	1	6	2	16777217	2022-08-08 09:55:53	\N	1048585	19
379	1	0	2	16777243	2022-08-08 09:55:53	\N	1048585	19
380	1	0	2	16777245	2022-08-08 09:55:53	\N	1048585	19
382	1	0	2	16777236	2022-08-08 09:56:11	2022-08-08 09:56:15	523	13
384	1	8	3	16777227	2022-08-08 09:56:20	\N	517	26
386	1	9	3	16777227	2022-08-08 09:56:28	\N	517	27
388	1	35	2	16777230	2022-08-08 09:56:34	\N	1048585	19
390	1	6	2	16777251	2022-08-08 09:56:34	\N	1048585	19
389	1	3	2	16777251	2022-08-08 09:56:34	2022-08-08 09:56:38	1048585	19
\.


--
-- Name: notifications_notification_id_seq; Type: SEQUENCE SET; Schema: public; Owner: ojs-ci
--

SELECT pg_catalog.setval('public.notifications_notification_id_seq', 391, true);


--
-- Data for Name: oai_resumption_tokens; Type: TABLE DATA; Schema: public; Owner: ojs-ci
--

COPY public.oai_resumption_tokens (token, expire, record_offset, params) FROM stdin;
\.


--
-- Data for Name: plugin_settings; Type: TABLE DATA; Schema: public; Owner: ojs-ci
--

COPY public.plugin_settings (plugin_name, context_id, setting_name, setting_value, setting_type) FROM stdin;
defaultthemeplugin	0	enabled	1	bool
usageeventplugin	0	enabled	1	bool
usageeventplugin	0	uniqueSiteId		string
acronplugin	0	enabled	1	bool
acronplugin	0	crontab	[{"className":"lib.pkp.classes.task.ReviewReminder","frequency":{"hour":24},"args":[]},{"className":"lib.pkp.classes.task.StatisticsReport","frequency":{"day":"1"},"args":[]},{"className":"classes.tasks.SubscriptionExpiryReminder","frequency":{"day":"1"},"args":[]},{"className":"lib.pkp.classes.task.DepositDois","frequency":{"hour":24},"args":[]},{"className":"lib.pkp.classes.task.RemoveUnvalidatedExpiredUsers","frequency":{"day":"1"},"args":[]},{"className":"lib.pkp.classes.task.EditorialReminders","frequency":{"day":"1"},"args":[]},{"className":"lib.pkp.classes.task.UpdateIPGeoDB","frequency":{"day":"10"},"args":[]},{"className":"classes.tasks.UsageStatsLoader","frequency":{"hour":24},"args":[]}]	object
tinymceplugin	0	enabled	1	bool
developedbyblockplugin	0	enabled	0	bool
developedbyblockplugin	0	seq	0	int
languagetoggleblockplugin	0	enabled	1	bool
languagetoggleblockplugin	0	seq	4	int
tinymceplugin	1	enabled	1	bool
defaultthemeplugin	1	enabled	1	bool
developedbyblockplugin	1	enabled	0	bool
developedbyblockplugin	1	seq	0	int
subscriptionblockplugin	1	enabled	1	bool
subscriptionblockplugin	1	seq	2	int
languagetoggleblockplugin	1	enabled	1	bool
languagetoggleblockplugin	1	seq	4	int
informationblockplugin	1	enabled	1	bool
informationblockplugin	1	seq	7	int
resolverplugin	1	enabled	1	bool
pdfjsviewerplugin	1	enabled	1	bool
webfeedplugin	1	enabled	1	bool
webfeedplugin	1	displayPage	homepage	string
webfeedplugin	1	displayItems	1	bool
dublincoremetaplugin	1	enabled	1	bool
googlescholarplugin	1	enabled	1	bool
htmlarticlegalleyplugin	1	enabled	1	bool
lensgalleyplugin	1	enabled	1	bool
defaultthemeplugin	1	showDescriptionInJournalIndex	false	string
defaultthemeplugin	1	useHomepageImageAsHeader	false	string
\.


--
-- Data for Name: publication_categories; Type: TABLE DATA; Schema: public; Owner: ojs-ci
--

COPY public.publication_categories (publication_id, category_id) FROM stdin;
\.


--
-- Data for Name: publication_galley_settings; Type: TABLE DATA; Schema: public; Owner: ojs-ci
--

COPY public.publication_galley_settings (galley_id, locale, setting_name, setting_value) FROM stdin;
\.


--
-- Data for Name: publication_galleys; Type: TABLE DATA; Schema: public; Owner: ojs-ci
--

COPY public.publication_galleys (galley_id, locale, publication_id, label, submission_file_id, seq, remote_url, is_approved, url_path, doi_id) FROM stdin;
1	en_US	1	PDF	3	0		0		\N
2	en_US	2	PDF Version 2	3	0		0	pdf	\N
3	en_US	18	PDF	31	0		0		\N
\.


--
-- Name: publication_galleys_galley_id_seq; Type: SEQUENCE SET; Schema: public; Owner: ojs-ci
--

SELECT pg_catalog.setval('public.publication_galleys_galley_id_seq', 3, true);


--
-- Data for Name: publication_settings; Type: TABLE DATA; Schema: public; Owner: ojs-ci
--

COPY public.publication_settings (publication_id, locale, setting_name, setting_value) FROM stdin;
3	fr_CA	abstract	
3		categoryIds	[]
3	en_US	prefix	
3	fr_CA	prefix	
3	en_US	subtitle	
3	fr_CA	subtitle	
3	en_US	title	The influence of lactation on the quantity and quality of cashmere production
3	fr_CA	title	
8	en_US	title	Developing efficacy beliefs in the classroom
8	fr_CA	title	
9	en_US	abstract	<p>The study of the commons has expe- rienced substantial growth and development over the past decades.1 Distinguished scholars in many disciplines had long studied how specific resources were managed or mismanaged at particular times and places (Coward 1980; De los Reyes 1980; MacKenzie 1979; Wittfogel 1957), but researchers who studied specific commons before the mid-1980s were, however, less likely than their contemporary colleagues to be well informed about the work of scholars in other disciplines, about other sec- tors in their own region of interest, or in other regions of the world.</p>
2	en_US	abstract	<p>The signaling theory suggests that dividends signal future prospects of a firm. However, recent empirical evidence from the US and the Uk does not offer a conclusive evidence on this issue. There are conflicting policy implications among financial economists so much that there is no practical dividend policy guidance to management, existing and potential investors in shareholding. Since corporate investment, financing and distribution decisions are a continuous function of management, the dividend decisions seem to rely on intuitive evaluation.</p>
2		categoryIds	[]
2	en_US	copyrightHolder	Journal of Public Knowledge
2	fr_CA	copyrightHolder	Journal de la connaissance du public
2		copyrightYear	2022
2	en_US	coverImage	[]
2	fr_CA	coverImage	[]
2	en_US	prefix	The
2	en_US	subtitle	A Review Of The Literature And Empirical Evidence
1	en_US	abstract	<p>The signaling theory suggests that dividends signal future prospects of a firm. However, recent empirical evidence from the US and the Uk does not offer a conclusive evidence on this issue. There are conflicting policy implications among financial economists so much that there is no practical dividend policy guidance to management, existing and potential investors in shareholding. Since corporate investment, financing and distribution decisions are a continuous function of management, the dividend decisions seem to rely on intuitive evaluation.</p>
1		categoryIds	[]
1	en_US	copyrightHolder	Journal of Public Knowledge
2	en_US	title	Signalling Theory Dividends Version 2
2		issueId	1
2		pages	71-98
1	fr_CA	copyrightHolder	Journal de la connaissance du public
1		copyrightYear	2022
1	en_US	coverImage	[]
1	fr_CA	coverImage	[]
1	en_US	prefix	The
1	en_US	subtitle	A Review Of The Literature And Empirical Evidence
1	en_US	title	Signalling Theory Dividends
1		issueId	1
1		pages	71-98
9	fr_CA	abstract	
9		categoryIds	[]
9	en_US	prefix	
9	fr_CA	prefix	
9	en_US	subtitle	
9	fr_CA	subtitle	
9	en_US	title	Traditions and Trends in the Study of the Commons
9	fr_CA	title	
10	en_US	abstract	<p>None.</p>
10	fr_CA	abstract	
10		categoryIds	[]
10	en_US	prefix	
10	fr_CA	prefix	
10	en_US	subtitle	
10	fr_CA	subtitle	
10	en_US	title	Hansen & Pinto: Reason Reclaimed
10	fr_CA	title	
3	en_US	abstract	<p>The effects of pressed beet pulp silage (PBPS) replacing barley for 10% and 20% (DM basis) were studied on heavy pigs fed dairy whey-diluted diets. 60 Hypor pigs (average initial weight of 28 kg), 30 barrows and 30 gilts, were homogeneously allocated to three exper- imental groups: T1 (control) in which pigs were fed a traditional sweet whey- diluted diet (the ratio between whey and dry matter was 4.5/1); T2 in which PBPS replaced barley for 10% (DM basis) during a first period (from the beginning to the 133rd day of trial) and thereafter for 20% (DM basis); T3 in which PBPS replaced barley for 20% (DM basis) throughout the experimental period. In diets T2 and T3 feed was dairy whey-diluted as in group T1. No significant (P&gt;0.05) differences were observed concerning growth parameters (ADG and FCR). Pigs on diets contain- ing PBPS showed significantly higher (P&lt;0.05) percentages of lean cuts and lower percentages of fat cuts. On the whole, ham weight losses during seasoning were moderate but significantly (P&lt;0.05) more marked for PBPS-fed pigs as a prob- able consequence of their lower adiposity degree. Fatty acid composition of ham fat was unaffected by diets. With regard to m. Semimembranosus colour, pigs receiving PBPS showed lower (P&lt;0.05) "L", "a" and "Chroma" values. From an economical point of view it can be concluded that the use of PBPS (partially replacing barley) and dairy whey in heavy pig production could be of particular interest in areas where both these by products are readily available.</p>
4	en_US	abstract	<p>Archival data from an attitude survey of employees in a single multinational organization were used to examine the degree to which national culture affects the nature of job satisfaction. Responses from nine countries were compiled to create a benchmark against which nations could be individually compared. Factor analysis revealed four factors: Organizational Communication, Organizational Efficiency/Effectiveness, Organizational Support, and Personal Benefit. Comparisons of factor structures indicated that Organizational Communication exhibited the most construct equivalence, and Personal Benefit the least. The most satisfied employees were those from China, and the least satisfied from Brazil, consistent with previous findings that individuals in collectivistic nations report higher satisfaction. The research findings suggest that national cultural context exerts an effect on the nature of job satisfaction.</p>
4	fr_CA	abstract	
4		categoryIds	[]
4	en_US	prefix	
4	fr_CA	prefix	
4	en_US	subtitle	
4	fr_CA	subtitle	
4	en_US	title	The Facets Of Job Satisfaction: A Nine-Nation Comparative Study Of Construct Equivalence
4	fr_CA	title	
5	en_US	abstract	<p>The integration of technology into the classroom is a major issue in education today. Many national and provincial initiatives specify the technology skills that students must demonstrate at each grade level. The Government of the Province of Alberta in Canada, has mandated the implementation of a new curriculum which began in September of 2000, called Information and Communication Technology. This curriculum is infused within core courses and specifies what students are expected to know, be able to do, and be like with respect to technology (Alberta Learning, 2000). Since teachers are required to implement this new curriculum, school jurisdictions are turning to professional development strategies and hiring standards to upgrade teachers computer skills to meet this goal. This paper summarizes the results of a telephone survey administered to all public school jurisdictions in the Province of Alberta with a 100% response rate. We examined the computer skills that school jurisdictions require of newly hired teachers, and the support strategies employed for currently employed teachers.</p>
5	fr_CA	abstract	
5		categoryIds	[]
5	en_US	prefix	
5	fr_CA	prefix	
5	en_US	subtitle	
5	fr_CA	subtitle	
5	en_US	title	Computer Skill Requirements for New and Existing Teachers: Implications for Policy and Practice
5	fr_CA	title	
6	en_US	abstract	<p>In this review, the recent progress on genetic transformation of forest trees were discussed. Its described also, different applications of genetic engineering for improving forest trees or understanding the mechanisms governing genes expression in woody plants.</p>
6	fr_CA	abstract	
6		categoryIds	[]
6	en_US	prefix	
6	fr_CA	prefix	
6	en_US	subtitle	
6	fr_CA	subtitle	
6	en_US	title	Genetic transformation of forest trees
6	fr_CA	title	
7	en_US	abstract	<p>Robert Fogelin claims that interlocutors must share a framework of background beliefs and commitments in order to fruitfully pursue argument. I refute Fogelins claim by investigating more thoroughly the shared background required for productive argument. I find that this background consists not in any common beliefs regarding the topic at hand, but rather in certain shared pro-cedural commitments and competencies. I suggest that Fogelin and his supporters mistakenly view shared beliefs as part of the required background for productive argument because these procedural com-mitments become more difficult to uphold when peoples beliefs diverge widely regarding the topic at hand.</p>
7	fr_CA	abstract	
7		categoryIds	[]
7	en_US	prefix	
7	fr_CA	prefix	
7	en_US	subtitle	
7	fr_CA	subtitle	
7	en_US	title	Investigating the Shared Background Required for Argument: A Critique of Fogelin's Thesis on Deep Disagreement
7	fr_CA	title	
8	en_US	abstract	<p>A major goal of education is to equip children with the knowledge, skills and self-belief to be confident and informed citizens - citizens who continue to see themselves as learners beyond graduation. This paper looks at the key role of nurturing efficacy beliefs in order to learn and participate in school and society. Research findings conducted within a social studies context are presented, showing how strategy instruction can enhance self-efficacy for learning. As part of this research, Creative Problem Solving (CPS) was taught to children as a means to motivate and support learning. It is shown that the use of CPS can have positive effects on self-efficacy for learning, and be a valuable framework to involve children in decision-making that leads to social action. Implications for enhancing self-efficacy and motivation to learn in the classroom are discussed.</p>
8	fr_CA	abstract	
8		categoryIds	[]
8	en_US	prefix	
8	fr_CA	prefix	
8	en_US	subtitle	
8	fr_CA	subtitle	
11	en_US	abstract	<p>The Texas Water Availability Modeling System is routinely applied in administration of the water rights permit system, regional and statewide planning, and an expanding variety of other endeavors. Modeling water management in the 23 river basins of the state reflects about 8,000 water right permits and 3,400 reservoirs. Datasets are necessarily large and complex to provide the decision-support capabilities for which the modeling system was developed. New modeling features are being added, and the different types of applications are growing. Certain applications are enhanced by simplifying the simulation input datasets to focus on particular water management systems. A methodology is presented for developing a condensed dataset for a selected reservoir system that reflects the impacts of all the water rights and accompanying reservoirs removed from the original complete dataset. A set of streamflows is developed that represents flows available to the selected system considering the effects of all the other water rights in the river basin contained in the original complete model input dataset that are not included in the condensed dataset. The methodology is applied to develop a condensed model of the Brazos River Authority reservoir system based on modifying the Texas Water Availability Modeling System dataset for the Brazos River Basin.</p>
11	fr_CA	abstract	
11		categoryIds	[]
11	en_US	prefix	
11	fr_CA	prefix	
11	en_US	subtitle	
11	fr_CA	subtitle	
11	en_US	title	Condensing Water Availability Models to Focus on Specific Water Management Systems
11	fr_CA	title	
12	en_US	abstract	<p>Environmental sustainability and sustainable development principles are vital topics that engineering education has largely failed to address. Service-learning, which integrates social service into an academic setting, is an emerging tool that can be leveraged to teach sustainable design to future engineers. We present a model of using service-learning to teach sustainable design based on the experiences of the Stanford chapter of Engineers for a Sustainable World. The model involves the identification of projects and partner organizations, a student led, project-based design course, and internships coordinated with partner organizations. The model has been very successful, although limitations and challenges exist. These are discussed along with future directions for expanding the model.</p>
12	fr_CA	abstract	
12		categoryIds	[]
12	en_US	prefix	
12	fr_CA	prefix	
12	en_US	subtitle	
12	fr_CA	subtitle	
12	en_US	title	Learning Sustainable Design through Service
12	fr_CA	title	
13	en_US	abstract	<p>The aim of this study was to assess the influence of long-term fat supplementation on the fatty acid profile of heavy pig adipose tissue. Fifty-four Large White barrows, averaging 25 kg LW, were randomized (matched weights) to one of three isoenergetic diets supplemented with either tallow (TA), maize oil (MO), or rapeseed oil (RO). The fats were supplement- ed at 3% as fed from 25 to 110 kg LW, and at 2.5 % from 110 kg to slaughtering. Following slaughter at about 160 kg LW, backfat samples were collected from ten animals per treatment and analyzed. Fatty acid composition of backfat close- ly reflected the fatty acid composition of the supplemented fats. The backfat of pigs fed TA had the highest saturated fatty acid content (SFA) (P&lt;0.01); those fed MO had the highest content in polyunsaturated fatty acid (PUFA) and the lowest in monounsaturated fatty acid (MUFA) content; those fed RO had the highest content of linolenic acid (C18:3) and cis 11- ecosenoic acid (C20:1). Only MO treatment had an effect on linoleic acid levels and the iodine value (IV) of backfat, result- ing in levels higher than those (IV = 70; C18:2 = 15%) accepted by the Parma Consortium for dry-cured ham. The IV and unsaturation index in both layers of subcutaneous backfat tissue differed significantly between treatments. These results show that long-term dietary supplementation with different fats changes the fatty acid profile of heavy pig adipose tissue. Supplementation with rapeseed oil increases the proportion of healthy fatty acids in pig fat, thereby improving the nutritional quality, however the effects on the technological quality of the fat must be carefully assessed.</p>
13	fr_CA	abstract	
13		categoryIds	[]
13	en_US	prefix	
13	fr_CA	prefix	
13	en_US	subtitle	
13	fr_CA	subtitle	
13	en_US	title	Sodium butyrate improves growth performance of weaned piglets during the first period after weaning
13	fr_CA	title	
14	en_US	abstract	<p>The Edwards Aquifer serves as the primary water supply in South-Central Texas and is the source for several major springs. In developing a plan to protect endangered species immediately downstream of San Marcos Springs, questions have been raised regarding the established concept of a hydrologic divide between the San Antonio and Barton Springs segments of the Edwards Aquifer during drought conditions. To address these questions, a water-level data collection program and a hydrogeologic study was conducted. An analysis of groundwater-level data indicate that a groundwater divide exists in the vicinity of the surface drainage divide between Onion Creek and Blanco River during wet and normal hydrologic conditions. However, analysis of data collected during the 2009 drought suggests that the groundwater divide dissipated and no longer hydrologically separated the two segments. As a result, there is potential for groundwater to flow past San Marcos Springs toward Barton Springs during major droughts. The implications for this have bearings on the management and availability of groundwater in the Edwards Aquifer. Assessments of simulations from a numerical model suggest 5 cfs could be flowing past San Marcos toward Barton springs under drought conditions. The groundwater divide appears to be influenced by recharge along Onion Creek and Blanco River and appears to be vulnerable to extended periods of little or no recharge and extensive pumping in the vicinity of Kyle and Buda. The 2009 data set shows a very low gradient in the potentiometric surface between San Marcos Springs and Kyle with very little variation in levels between drought and non-drought periods. From Kyle toward Barton Springs, the potentiometric surface slopes significantly to the north and has dramatic changes in levels between drought and non-drought periods. The source and nature of the discontinuity of the change in potentiometric gradients and dynamic water level response at Kyle is unknown. Structural influences or hydraulic properties inherent in the aquifer could be the cause of this discontinuity and may also influence the degree of hydrologic connection between San Marcos and Barton Springs. Rapid population growth and increased water demands in the Kyle and Buda areas necessitates a continual groundwater level monitoring program between San Marcos Springs and Buda to provide data for future hydrogeologic and trend analyses.</p>
14	fr_CA	abstract	
14		categoryIds	[]
14	en_US	prefix	
14	fr_CA	prefix	
14	en_US	subtitle	
14	fr_CA	subtitle	
14	en_US	title	Hydrologic Connectivity in the Edwards Aquifer between San Marcos Springs and Barton Springs during 2009 Drought Conditions
14	fr_CA	title	
15	en_US	abstract	<p>One of the challenges still to be met in the 21st century is that of genuinely embracing diversity. How can education help to overcome the barriers that continue to exist between people on the basis of language, culture and gender? This case study takes the Atlantic Coast of Nicaragua as an example of a multilingual/multiethnic region and examines how the community university URACCAN is contributing to the development of interculturality. It describes participatory research that was carried out with university staff and students with the intention of defining an intercultural curriculum and appropriate strategies for delivering such. One model used as a basis for discussions was the Model for Community Understanding from the Wales Curriculum Council, which emphasises the belonging of the individual to different communities or cultures at the same time. Factors supporting the development of an intercultural curriculum include the universitys close involvement with the ethnic communities it serves. However, ethno-linguistic power relations within the region and the country as a whole, still militate against egalitarianism within the university. The research highlights the importance of participatory pedagogy as the basis for promoting interculturality and achieving lasting social transformation.</p>
15	fr_CA	abstract	
15		categoryIds	[]
15	en_US	prefix	
15	fr_CA	prefix	
15	en_US	subtitle	
15	fr_CA	subtitle	
15	en_US	title	Towards Designing an Intercultural Curriculum: A Case Study from the Atlantic Coast of Nicaragua
15	fr_CA	title	
16	en_US	abstract	<p>This review presents different diseases associated with yam and the management strategies employed in combating its menace in Nigeria. The field and storage diseases are presented, anthracnose is regarded as the most widely spread of all the field diseases, while yam mosaic virus disease is considered to cause the most severe losses in yams. Dry rot is considered as the most devastating of all the storage diseases of yam. Dry rot of yams alone causes a marked reduction in the quantity, marketable value and edible portions of tubers and those reductions are more severe in stored yams. The management strategies adopted and advocated for combating the field diseases includes the use of crop rotation, fallowing, planting of healthy material, the destruction of infected crop cultivars and the use of resistant cultivars. With regards to the storage diseases, the use of Tecto (Thiabendazole), locally made dry gins or wood ash before storage has been found to protect yam tubers against fungal infection in storage. Finally, processing of yam tubers into chips or cubes increases its shelf live for a period of between 6 months and one year.</p>
16	fr_CA	abstract	
16		categoryIds	[]
16	en_US	prefix	
16	fr_CA	prefix	
16	en_US	subtitle	
16	fr_CA	subtitle	
16	en_US	title	Yam diseases and its management in Nigeria
16	fr_CA	title	
17	en_US	abstract	<p>Aim of this research is to provide a general situation of cattle slaughtered in Cameroon, as a representative example for the Central African Sub-region. The quality and safety of beef from the abattoir of Yaound, the largest in Cameroon, were considered. From January 2009 to March 2012, the pre-slaughter conditions and characteristics of 1953 cattle carcasses were recorded, as well as the pH of m. longissimus thoracis 24 h after slaughter. From these carcasses, 60 were selected to represent the bulls slaughtered. The quality parameters and composition of m. longissimus thoracis were carried out. The origin of most of the cattle was the Guinea High Savannah (74.6%), and transhumance was the common production system (75.5%). Gudali (45.6%), White Fulani (33.3%) and Red Mbororo (20.3%) breeds were predominant. Carcass weight was affected by rearing system and cattle category, and it markedly varied during year. Considering meat quality, the fat content was low (1.2%) and similar between breeds, moreover Gudali showed the toughest meat. Of the cows slaughtered, 27% were pregnant and the most common abnormal conditions encountered were ectoparasites, fatigue, lameness, fungal-like skin lesions, enlarged lymph nodes, respiratory distress, nodular lesions. More than 20% of the carcasses had some organs condemned, mainly for liver flukes (5.17%), and 1.0% of them were completely condemned due to tuberculosis, that also affected 3.28% of lungs. These data could aid authorities draw up programmes with the aim to strengthen cattle production, improve beef supply, control and prevent the observed diseases, and promote the regional trade.</p>
17	fr_CA	abstract	
17		categoryIds	[]
17	en_US	prefix	
17	fr_CA	prefix	
17	en_US	subtitle	
17	fr_CA	subtitle	
17	en_US	title	Influence of long-term nutrition with different dietary fats on fatty acid composition of heavy pigs backfat
17	fr_CA	title	
18	fr_CA	abstract	
18		categoryIds	[]
18	en_US	prefix	
18	fr_CA	prefix	
18	en_US	subtitle	
18	fr_CA	subtitle	
18	fr_CA	title	
18	en_US	title	Antimicrobial, heavy metal resistance and plasmid profile of coliforms isolated from nosocomial infections in a hospital in Isfahan, Iran
18	en_US	copyrightHolder	Journal of Public Knowledge
18	fr_CA	copyrightHolder	Journal de la connaissance du public
18		copyrightYear	2022
18		issueId	1
18	en_US	abstract	<p>The antimicrobial, heavy metal resistance patterns and plasmid profiles of Coliforms (Enterobacteriacea) isolated from nosocomial infections and healthy human faeces were compared. Fifteen of the 25 isolates from nosocomial infections were identified as Escherichia coli, and remaining as Kelebsiella pneumoniae. Seventy two percent of the strains isolated from nosocomial infections possess multiple resistance to antibiotics compared to 45% of strains from healthy human faeces. The difference between minimal inhibitory concentration (MIC) values of strains from clinical cases and from faeces for four heavy metals (Hg, Cu, Pb, Cd) was not significant. However most strains isolated from hospital were more tolerant to heavy metal than those from healthy persons. There was no consistent relationship between plasmid profile group and antimicrobial resistance pattern, although a conjugative plasmid (&gt;56.4 kb) encoding resistance to heavy metals and antibiotics was recovered from eight of the strains isolated from nosocomial infections. The results indicate multidrug-resistance coliforms as a potential cause of nosocomial infection in this region.</p>
19	en_US	abstract	<p>We compare a setting where actors individually decide whom to sanction with a setting where sanctions are only implemented when actors collectively agree that a certain actor should be sanctioned. Collective sanctioning decisions are problematic due to the difficulty of reaching consensus. However, when a decision is made collectively, perverse sanctioning (e.g. punishing high contributors) by individual actors is ruled out. Therefore, collective sanctioning decisions are likely to be in the interest of the whole group.</p>
19	fr_CA	abstract	
19		categoryIds	[]
19	en_US	prefix	
19	fr_CA	prefix	
19	en_US	subtitle	
19	fr_CA	subtitle	
19	en_US	title	Self-Organization in Multi-Level Institutions in Networked Environments
19	fr_CA	title	
20	en_US	abstract	<p>None.</p>
20	fr_CA	abstract	
20		categoryIds	[]
20	en_US	prefix	
20	fr_CA	prefix	
20	en_US	subtitle	
20	fr_CA	subtitle	
20	en_US	title	Finocchiaro: Arguments About Arguments
20	fr_CA	title	
\.


--
-- Data for Name: publications; Type: TABLE DATA; Schema: public; Owner: ojs-ci
--

COPY public.publications (publication_id, access_status, date_published, last_modified, primary_contact_id, section_id, seq, submission_id, status, url_path, version, doi_id) FROM stdin;
1	0	2022-08-08	2022-08-08 09:35:20	1	1	0	1	3	mwandenga-signalling-theory	1	\N
18	0	2022-08-08	2022-08-08 09:54:49	23	1	0	17	3	\N	1	\N
2	0	2022-08-08	2022-08-08 09:36:06	3	1	0	1	1	mwandenga	2	\N
19	0	\N	2022-08-08 09:55:14	24	1	0	18	1	\N	1	\N
3	0	\N	2022-08-08 09:37:14	5	1	0	2	1	\N	1	\N
4	0	\N	2022-08-08 09:37:59	6	1	0	3	1	\N	1	\N
20	0	\N	2022-08-08 09:55:52	25	2	0	19	1	\N	1	\N
5	0	\N	2022-08-08 09:39:09	7	1	0	4	1	\N	1	\N
6	0	\N	2022-08-08 09:39:26	9	1	0	5	1	\N	1	\N
7	0	\N	2022-08-08 09:40:53	10	1	0	6	1	\N	1	\N
8	0	\N	2022-08-08 09:42:11	11	1	0	7	1	\N	1	\N
9	0	\N	2022-08-08 09:43:25	12	1	0	8	1	\N	1	\N
10	0	\N	2022-08-08 09:43:43	14	2	0	9	1	\N	1	\N
11	0	\N	2022-08-08 09:45:09	15	1	0	10	1	\N	1	\N
12	0	\N	2022-08-08 09:46:30	16	1	0	11	1	\N	1	\N
13	0	\N	2022-08-08 09:46:48	18	1	0	12	1	\N	1	\N
14	0	\N	2022-08-08 09:47:42	19	1	0	13	1	\N	1	\N
15	0	\N	2022-08-08 09:49:53	20	1	0	14	1	\N	1	\N
16	0	\N	2022-08-08 09:50:09	21	1	0	15	1	\N	1	\N
17	0	\N	2022-08-08 09:51:35	22	1	0	16	1	\N	1	\N
\.


--
-- Name: publications_publication_id_seq; Type: SEQUENCE SET; Schema: public; Owner: ojs-ci
--

SELECT pg_catalog.setval('public.publications_publication_id_seq', 20, true);


--
-- Data for Name: queries; Type: TABLE DATA; Schema: public; Owner: ojs-ci
--

COPY public.queries (query_id, assoc_type, assoc_id, stage_id, seq, date_posted, date_modified, closed) FROM stdin;
1	1048585	2	3	1	\N	\N	0
\.


--
-- Name: queries_query_id_seq; Type: SEQUENCE SET; Schema: public; Owner: ojs-ci
--

SELECT pg_catalog.setval('public.queries_query_id_seq', 1, true);


--
-- Data for Name: query_participants; Type: TABLE DATA; Schema: public; Owner: ojs-ci
--

COPY public.query_participants (query_id, user_id) FROM stdin;
1	3
1	5
1	4
\.


--
-- Data for Name: queued_payments; Type: TABLE DATA; Schema: public; Owner: ojs-ci
--

COPY public.queued_payments (queued_payment_id, date_created, date_modified, expiry_date, payment_data) FROM stdin;
\.


--
-- Name: queued_payments_queued_payment_id_seq; Type: SEQUENCE SET; Schema: public; Owner: ojs-ci
--

SELECT pg_catalog.setval('public.queued_payments_queued_payment_id_seq', 1, false);


--
-- Data for Name: review_assignments; Type: TABLE DATA; Schema: public; Owner: ojs-ci
--

COPY public.review_assignments (review_id, submission_id, reviewer_id, competing_interests, recommendation, date_assigned, date_notified, date_confirmed, date_completed, date_acknowledged, date_due, date_response_due, last_modified, reminder_was_automatic, declined, cancelled, reviewer_file_id, date_rated, date_reminded, quality, review_round_id, stage_id, review_method, round, step, review_form_id, unconsidered) FROM stdin;
22	15	8	\N	\N	2022-08-08 09:50:38	2022-08-08 09:50:39	\N	\N	\N	2022-09-05 00:00:00	2022-09-05 00:00:00	2022-08-08 09:50:39	0	0	0	\N	\N	\N	\N	11	3	2	1	1	\N	0
1	1	7	\N	\N	2022-08-08 09:33:16	2022-08-08 09:33:16	\N	\N	\N	2022-09-05 00:00:00	2022-09-05 00:00:00	2022-08-08 09:33:16	0	0	0	\N	\N	\N	\N	1	3	2	1	1	\N	0
2	1	9	\N	\N	2022-08-08 09:33:23	2022-08-08 09:33:23	\N	\N	\N	2022-09-05 00:00:00	2022-09-05 00:00:00	2022-08-08 09:33:23	0	0	0	\N	\N	\N	\N	1	3	2	1	1	\N	0
16	10	10	\N	3	2022-08-08 09:45:44	2022-08-08 09:45:44	2022-08-08 09:46:05	2022-08-08 09:46:09	\N	2022-09-05 00:00:00	2022-09-05 00:00:00	2022-08-08 09:46:09	0	0	0	\N	\N	\N	\N	8	3	2	1	4	\N	0
3	1	10	\N	\N	2022-08-08 09:33:30	2022-08-08 09:33:30	\N	\N	\N	2022-09-05 00:00:00	2022-09-05 00:00:00	2022-08-08 09:33:30	0	0	0	\N	\N	\N	\N	1	3	2	1	1	\N	0
4	3	9	\N	\N	2022-08-08 09:38:23	2022-08-08 09:38:23	\N	\N	\N	2022-09-05 00:00:00	2022-09-05 00:00:00	2022-08-08 09:38:23	0	0	0	\N	\N	\N	\N	3	3	2	1	1	\N	0
5	3	10	\N	\N	2022-08-08 09:38:31	2022-08-08 09:38:31	\N	\N	\N	2022-09-05 00:00:00	2022-09-05 00:00:00	2022-08-08 09:38:31	0	0	0	\N	\N	\N	\N	3	3	2	1	1	\N	0
17	12	7	\N	\N	2022-08-08 09:47:16	2022-08-08 09:47:16	\N	\N	\N	2022-09-05 00:00:00	2022-09-05 00:00:00	2022-08-08 09:47:16	0	0	0	\N	\N	\N	\N	9	3	2	1	1	\N	0
6	5	8	\N	\N	2022-08-08 09:39:51	2022-08-08 09:39:51	\N	\N	\N	2022-09-05 00:00:00	2022-09-05 00:00:00	2022-08-08 09:39:51	0	0	0	\N	\N	\N	\N	4	3	2	1	1	\N	0
7	5	10	\N	\N	2022-08-08 09:39:59	2022-08-08 09:39:59	\N	\N	\N	2022-09-05 00:00:00	2022-09-05 00:00:00	2022-08-08 09:39:59	0	0	0	\N	\N	\N	\N	4	3	2	1	1	\N	0
23	15	9	\N	\N	2022-08-08 09:50:46	2022-08-08 09:50:46	\N	\N	\N	2022-09-05 00:00:00	2022-09-05 00:00:00	2022-08-08 09:50:46	0	0	0	\N	\N	\N	\N	11	3	2	1	1	\N	0
8	6	7	\N	\N	2022-08-08 09:41:17	2022-08-08 09:41:17	\N	\N	\N	2022-09-05 00:00:00	2022-09-05 00:00:00	2022-08-08 09:41:17	0	0	0	\N	\N	\N	\N	5	3	2	1	1	\N	0
18	12	8	\N	\N	2022-08-08 09:47:23	2022-08-08 09:47:23	\N	\N	\N	2022-09-05 00:00:00	2022-09-05 00:00:00	2022-08-08 09:47:23	0	0	0	\N	\N	\N	\N	9	3	2	1	1	\N	0
9	6	10	\N	\N	2022-08-08 09:41:24	2022-08-08 09:41:24	\N	\N	\N	2022-09-05 00:00:00	2022-09-05 00:00:00	2022-08-08 09:41:24	0	0	0	\N	\N	\N	\N	5	3	2	1	1	\N	0
11	7	9	\N	\N	2022-08-08 09:42:44	2022-08-08 09:42:44	\N	\N	\N	2022-09-05 00:00:00	2022-09-05 00:00:00	2022-08-08 09:42:44	0	0	0	\N	\N	\N	\N	6	3	2	1	1	\N	0
12	7	10	\N	\N	2022-08-08 09:42:51	2022-08-08 09:42:51	\N	\N	\N	2022-09-05 00:00:00	2022-09-05 00:00:00	2022-08-08 09:42:51	0	0	0	\N	\N	\N	\N	6	3	2	1	1	\N	0
24	17	7	\N	\N	2022-08-08 09:52:24	2022-08-08 09:52:24	\N	\N	\N	2022-09-05 00:00:00	2022-09-05 00:00:00	2022-08-08 09:52:24	0	0	0	\N	\N	\N	\N	12	3	2	1	1	\N	0
10	7	8	\N	5	2022-08-08 09:42:36	2022-08-08 09:42:36	2022-08-08 09:43:00	2022-08-08 09:43:04	\N	2022-09-05 00:00:00	2022-09-05 00:00:00	2022-08-08 09:43:04	0	0	0	\N	\N	\N	\N	6	3	2	1	4	\N	0
25	17	8	\N	\N	2022-08-08 09:52:31	2022-08-08 09:52:31	\N	\N	\N	2022-09-05 00:00:00	2022-09-05 00:00:00	2022-08-08 09:52:31	0	0	0	\N	\N	\N	\N	12	3	2	1	1	\N	0
13	9	7	\N	\N	2022-08-08 09:44:08	2022-08-08 09:44:08	\N	\N	\N	2022-09-05 00:00:00	2022-09-05 00:00:00	2022-08-08 09:44:08	0	0	0	\N	\N	\N	\N	7	3	2	1	1	\N	0
14	9	10	\N	\N	2022-08-08 09:44:15	2022-08-08 09:44:15	\N	\N	\N	2022-09-05 00:00:00	2022-09-05 00:00:00	2022-08-08 09:44:15	0	0	0	\N	\N	\N	\N	7	3	2	1	1	\N	0
26	19	8	\N	\N	2022-08-08 09:56:20	2022-08-08 09:56:20	\N	\N	\N	2022-09-05 00:00:00	2022-09-05 00:00:00	2022-08-08 09:56:20	0	0	0	\N	\N	\N	\N	13	3	2	1	1	\N	0
27	19	9	\N	\N	2022-08-08 09:56:28	2022-08-08 09:56:28	\N	\N	\N	2022-09-05 00:00:00	2022-09-05 00:00:00	2022-08-08 09:56:28	0	0	0	\N	\N	\N	\N	13	3	2	1	1	\N	0
15	10	9	\N	2	2022-08-08 09:45:36	2022-08-08 09:45:36	2022-08-08 09:45:52	2022-08-08 09:45:56	\N	2022-09-05 00:00:00	2022-09-05 00:00:00	2022-08-08 09:45:56	0	0	0	\N	\N	\N	\N	8	3	2	1	4	\N	0
19	13	7	\N	2	2022-08-08 09:48:11	2022-08-08 09:48:11	2022-08-08 09:48:35	2022-08-08 09:48:39	2022-08-08 09:49:31	2022-09-05 00:00:00	2022-09-05 00:00:00	2022-08-08 09:49:31	0	0	0	\N	\N	\N	\N	10	3	2	1	4	\N	0
20	13	9	\N	2	2022-08-08 09:48:18	2022-08-08 09:48:19	2022-08-08 09:48:48	2022-08-08 09:48:53	2022-08-08 09:49:31	2022-09-05 00:00:00	2022-09-05 00:00:00	2022-08-08 09:49:31	0	0	0	\N	\N	\N	\N	10	3	2	1	4	\N	0
21	13	10	\N	3	2022-08-08 09:48:26	2022-08-08 09:48:26	2022-08-08 09:49:02	2022-08-08 09:49:08	2022-08-08 09:49:31	2022-09-05 00:00:00	2022-09-05 00:00:00	2022-08-08 09:49:31	0	0	0	\N	\N	\N	\N	10	3	2	1	4	\N	0
\.


--
-- Name: review_assignments_review_id_seq; Type: SEQUENCE SET; Schema: public; Owner: ojs-ci
--

SELECT pg_catalog.setval('public.review_assignments_review_id_seq', 27, true);


--
-- Data for Name: review_files; Type: TABLE DATA; Schema: public; Owner: ojs-ci
--

COPY public.review_files (review_id, submission_file_id) FROM stdin;
1	2
2	2
3	2
4	7
5	7
6	10
7	10
8	12
9	12
10	14
11	14
12	14
13	17
14	17
15	19
16	19
17	22
18	22
19	24
20	24
21	24
22	27
23	27
24	30
25	30
26	34
27	34
\.


--
-- Data for Name: review_form_element_settings; Type: TABLE DATA; Schema: public; Owner: ojs-ci
--

COPY public.review_form_element_settings (review_form_element_id, locale, setting_name, setting_value, setting_type) FROM stdin;
\.


--
-- Data for Name: review_form_elements; Type: TABLE DATA; Schema: public; Owner: ojs-ci
--

COPY public.review_form_elements (review_form_element_id, review_form_id, seq, element_type, required, included) FROM stdin;
\.


--
-- Name: review_form_elements_review_form_element_id_seq; Type: SEQUENCE SET; Schema: public; Owner: ojs-ci
--

SELECT pg_catalog.setval('public.review_form_elements_review_form_element_id_seq', 1, false);


--
-- Data for Name: review_form_responses; Type: TABLE DATA; Schema: public; Owner: ojs-ci
--

COPY public.review_form_responses (review_form_element_id, review_id, response_type, response_value) FROM stdin;
\.


--
-- Data for Name: review_form_settings; Type: TABLE DATA; Schema: public; Owner: ojs-ci
--

COPY public.review_form_settings (review_form_id, locale, setting_name, setting_value, setting_type) FROM stdin;
\.


--
-- Data for Name: review_forms; Type: TABLE DATA; Schema: public; Owner: ojs-ci
--

COPY public.review_forms (review_form_id, assoc_type, assoc_id, seq, is_active) FROM stdin;
\.


--
-- Name: review_forms_review_form_id_seq; Type: SEQUENCE SET; Schema: public; Owner: ojs-ci
--

SELECT pg_catalog.setval('public.review_forms_review_form_id_seq', 1, false);


--
-- Data for Name: review_round_files; Type: TABLE DATA; Schema: public; Owner: ojs-ci
--

COPY public.review_round_files (submission_id, review_round_id, stage_id, submission_file_id) FROM stdin;
1	1	3	2
2	2	3	5
3	3	3	7
5	4	3	10
6	5	3	12
7	6	3	14
9	7	3	17
10	8	3	19
12	9	3	22
13	10	3	24
15	11	3	27
17	12	3	30
19	13	3	34
\.


--
-- Data for Name: review_rounds; Type: TABLE DATA; Schema: public; Owner: ojs-ci
--

COPY public.review_rounds (review_round_id, submission_id, stage_id, round, review_revision, status) FROM stdin;
12	17	3	1	\N	4
1	1	3	1	\N	4
2	2	3	1	\N	14
3	3	3	1	\N	4
13	19	3	1	\N	4
4	5	3	1	\N	4
5	6	3	1	\N	4
6	7	3	1	\N	8
7	9	3	1	\N	4
8	10	3	1	\N	8
9	12	3	1	\N	7
10	13	3	1	\N	1
11	15	3	1	\N	4
\.


--
-- Name: review_rounds_review_round_id_seq; Type: SEQUENCE SET; Schema: public; Owner: ojs-ci
--

SELECT pg_catalog.setval('public.review_rounds_review_round_id_seq', 13, true);


--
-- Data for Name: scheduled_tasks; Type: TABLE DATA; Schema: public; Owner: ojs-ci
--

COPY public.scheduled_tasks (class_name, last_run) FROM stdin;
lib.pkp.classes.task.ReviewReminder	2022-08-08 09:26:08
lib.pkp.classes.task.StatisticsReport	2022-08-08 09:26:08
classes.tasks.SubscriptionExpiryReminder	2022-08-08 09:26:08
lib.pkp.classes.task.DepositDois	2022-08-08 09:26:08
lib.pkp.classes.task.RemoveUnvalidatedExpiredUsers	2022-08-08 09:26:08
lib.pkp.classes.task.EditorialReminders	2022-08-08 09:26:08
lib.pkp.classes.task.UpdateIPGeoDB	2022-08-08 09:26:08
classes.tasks.UsageStatsLoader	2022-08-08 09:26:09
\.


--
-- Data for Name: section_settings; Type: TABLE DATA; Schema: public; Owner: ojs-ci
--

COPY public.section_settings (section_id, locale, setting_name, setting_value, setting_type) FROM stdin;
1	en_US	title	Articles	string
1	fr_CA	title		string
1	en_US	policy	<p>Section default policy</p>	string
1	fr_CA	policy		string
1	en_US	abbrev	ART	string
1	fr_CA	abbrev		string
1	en_US	identifyType		string
1	fr_CA	identifyType		string
2	en_US	title	Reviews	string
2	fr_CA	title		string
2	en_US	policy		string
2	fr_CA	policy		string
2	en_US	abbrev	REV	string
2	fr_CA	abbrev		string
2	en_US	identifyType	Review Article	string
2	fr_CA	identifyType		string
\.


--
-- Data for Name: sections; Type: TABLE DATA; Schema: public; Owner: ojs-ci
--

COPY public.sections (section_id, journal_id, review_form_id, seq, editor_restricted, meta_indexed, meta_reviewed, abstracts_not_required, hide_title, hide_author, is_inactive, abstract_word_count) FROM stdin;
1	1	0	1	0	1	1	0	0	0	0	500
2	1	0	2	0	1	1	1	0	0	0	0
\.


--
-- Name: sections_section_id_seq; Type: SEQUENCE SET; Schema: public; Owner: ojs-ci
--

SELECT pg_catalog.setval('public.sections_section_id_seq', 2, true);


--
-- Data for Name: sessions; Type: TABLE DATA; Schema: public; Owner: ojs-ci
--

COPY public.sessions (session_id, user_id, ip_address, user_agent, created, last_used, remember, data, domain) FROM stdin;
ve2svi0pr52kgen8slc2q4dm47	\N	127.0.0.1	Mozilla/5.0 (X11; Linux x86_64) AppleWebKit/537.36 (KHTML, like Gecko) HeadlessChrome/103.0.5060.53 Safari/537.36	1659950830	1659951105	0	username|s:5:"rvaca";csrf|a:2:{s:9:"timestamp";i:1659951104;s:5:"token";s:32:"73671dfa6ec79e63d5c93911347d3632";}	localhost
olrttgvo8nc7snro0so398hbcq	1	127.0.0.1	Mozilla/5.0 (X11; Linux x86_64) AppleWebKit/537.36 (KHTML, like Gecko) HeadlessChrome/103.0.5060.53 Safari/537.36	1659950785	1659950805	0	userId|i:1;username|s:5:"admin";csrf|a:2:{s:9:"timestamp";i:1659950805;s:5:"token";s:32:"a334ecbe131fcb6813fef6e0bd682e76";}	localhost
v02bqt5adc28aot6kj5csoku32	1	127.0.0.1	Mozilla/5.0 (X11; Linux x86_64) AppleWebKit/537.36 (KHTML, like Gecko) HeadlessChrome/103.0.5060.53 Safari/537.36	1659950806	1659950817	0	userId|i:1;username|s:5:"admin";csrf|a:2:{s:9:"timestamp";i:1659950817;s:5:"token";s:32:"e6752d7515c5efdaf8d2b792609e64b6";}	localhost
87o29gbv7qjr49jig066jbll7k	1	127.0.0.1	Mozilla/5.0 (X11; Linux x86_64) AppleWebKit/537.36 (KHTML, like Gecko) HeadlessChrome/103.0.5060.53 Safari/537.36	1659950818	1659950828	0	userId|i:1;username|s:5:"admin";csrf|a:2:{s:9:"timestamp";i:1659950828;s:5:"token";s:32:"baa5ff66eb052bbcc2d41a1623372711";}	localhost
lvm4q6b7hnsio9rqls2suste9d	3	127.0.0.1	Mozilla/5.0 (X11; Linux x86_64) AppleWebKit/537.36 (KHTML, like Gecko) HeadlessChrome/103.0.5060.53 Safari/537.36	1659951394	1659951463	0	csrf|a:2:{s:9:"timestamp";i:1659951463;s:5:"token";s:32:"8c4992a007181ba604611081bf392458";}username|s:7:"dbarnes";userId|i:3;	localhost
dd2pak2qfo0ackogj9dkqkroac	1	127.0.0.1	Mozilla/5.0 (X11; Linux x86_64) AppleWebKit/537.36 (KHTML, like Gecko) HeadlessChrome/103.0.5060.53 Safari/537.36	1659950768	1659950785	0	userId|i:1;username|s:5:"admin";csrf|a:2:{s:9:"timestamp";i:1659950785;s:5:"token";s:32:"b3f3389523a1150f0054c82f4747fb20";}	localhost
lbk3c4bdu72jak0jvt2cco5bph	17	127.0.0.1	Mozilla/5.0 (X11; Linux x86_64) AppleWebKit/537.36 (KHTML, like Gecko) HeadlessChrome/103.0.5060.53 Safari/537.36	1659951162	1659951177	0	csrf|a:2:{s:9:"timestamp";i:1659951176;s:5:"token";s:32:"d034c3f8ce83abd8bbff6e8ed1efb85d";}username|s:10:"amwandenga";userId|i:17;	localhost
p0420l7jrggbb0j19bgtvc3tss	1	127.0.0.1	Mozilla/5.0 (X11; Linux x86_64) AppleWebKit/537.36 (KHTML, like Gecko) HeadlessChrome/103.0.5060.53 Safari/537.36	1659951135	1659951146	0	userId|i:1;username|s:5:"admin";csrf|a:2:{s:9:"timestamp";i:1659951146;s:5:"token";s:32:"987bab016f197855f21b47e1caae1070";}	localhost
bu67cdl1b8ftqjak2945inf2eq	3	127.0.0.1	Mozilla/5.0 (X11; Linux x86_64) AppleWebKit/537.36 (KHTML, like Gecko) HeadlessChrome/103.0.5060.53 Safari/537.36	1659951245	1659951273	0	userId|i:3;username|s:7:"dbarnes";csrf|a:2:{s:9:"timestamp";i:1659951273;s:5:"token";s:32:"13d463490326b09cc1ffce28c9fc657b";}	localhost
aet1rt7h57nd60682102gfp9mv	1	127.0.0.1	Mozilla/5.0 (X11; Linux x86_64) AppleWebKit/537.36 (KHTML, like Gecko) HeadlessChrome/103.0.5060.53 Safari/537.36	1659951108	1659951133	0	userId|i:1;username|s:5:"admin";csrf|a:2:{s:9:"timestamp";i:1659951133;s:5:"token";s:32:"81f6bab9a87db95c03c5f5e3997afbbc";}	localhost
u7f8filhftjcnpgr9gu62181s3	1	127.0.0.1	Mozilla/5.0 (X11; Linux x86_64) AppleWebKit/537.36 (KHTML, like Gecko) HeadlessChrome/103.0.5060.53 Safari/537.36	1659951148	1659951159	0	userId|i:1;username|s:5:"admin";csrf|a:2:{s:9:"timestamp";i:1659951159;s:5:"token";s:32:"d783cfe38807cdf1f44dc770239e132f";}	localhost
k7t9ogtasuhdouetvp83ip9cbp	3	127.0.0.1	Mozilla/5.0 (X11; Linux x86_64) AppleWebKit/537.36 (KHTML, like Gecko) HeadlessChrome/103.0.5060.53 Safari/537.36	1659951321	1659951348	0	userId|i:3;username|s:7:"dbarnes";csrf|a:2:{s:9:"timestamp";i:1659951348;s:5:"token";s:32:"798f95f0fde0bbed61f99abf67f65535";}	localhost
cvu02p1g3d3ja0e0dc06vj2i5c	17	127.0.0.1	Mozilla/5.0 (X11; Linux x86_64) AppleWebKit/537.36 (KHTML, like Gecko) HeadlessChrome/103.0.5060.53 Safari/537.36	1659951274	1659951279	0	userId|i:17;username|s:10:"amwandenga";csrf|a:2:{s:9:"timestamp";i:1659951279;s:5:"token";s:32:"3d242f77af4cace0df94e2b6586a8fc0";}	localhost
gm7cunp2g77v3tml8b2cq9nilu	3	127.0.0.1	Mozilla/5.0 (X11; Linux x86_64) AppleWebKit/537.36 (KHTML, like Gecko) HeadlessChrome/103.0.5060.53 Safari/537.36	1659951177	1659951245	0	userId|i:3;username|s:7:"dbarnes";csrf|a:2:{s:9:"timestamp";i:1659951245;s:5:"token";s:32:"723acfc11517f1ed5a597bf370b8194e";}	localhost
s00mdp07dil7s6hksrfu3nnnsv	3	127.0.0.1	Mozilla/5.0 (X11; Linux x86_64) AppleWebKit/537.36 (KHTML, like Gecko) HeadlessChrome/103.0.5060.53 Safari/537.36	1659951308	1659951320	0	username|s:7:"dbarnes";csrf|a:2:{s:9:"timestamp";i:1659951320;s:5:"token";s:32:"1783b0dccf7168eddf586ece3ae2d8d4";}userId|i:3;	localhost
rr0djkbq2vmr98hlklk9aev75a	17	127.0.0.1	Mozilla/5.0 (X11; Linux x86_64) AppleWebKit/537.36 (KHTML, like Gecko) HeadlessChrome/103.0.5060.53 Safari/537.36	1659951280	1659951293	0	username|s:10:"amwandenga";csrf|a:2:{s:9:"timestamp";i:1659951293;s:5:"token";s:32:"818344a3c650e51b825503d238c01639";}userId|i:17;	localhost
p8jbjl8mfilgov3h67me9bh55q	3	127.0.0.1	Mozilla/5.0 (X11; Linux x86_64) AppleWebKit/537.36 (KHTML, like Gecko) HeadlessChrome/103.0.5060.53 Safari/537.36	1659951293	1659951306	0	userId|i:3;username|s:7:"dbarnes";csrf|a:2:{s:9:"timestamp";i:1659951307;s:5:"token";s:32:"8c2101571f95fb7479186fc77f1a46a5";}	localhost
96cui70328ffs9d1012re7fhj4	3	127.0.0.1	Mozilla/5.0 (X11; Linux x86_64) AppleWebKit/537.36 (KHTML, like Gecko) HeadlessChrome/103.0.5060.53 Safari/537.36	1659951360	1659951367	0	userId|i:3;username|s:7:"dbarnes";csrf|a:2:{s:9:"timestamp";i:1659951368;s:5:"token";s:32:"6ccb1438f46b0975bcbc6543b0a292fc";}	localhost
trorp8vi0a584up27g1r41hv9g	\N	127.0.0.1	Mozilla/5.0 (X11; Linux x86_64) AppleWebKit/537.36 (KHTML, like Gecko) HeadlessChrome/103.0.5060.53 Safari/537.36	1659951348	1659951358	0		localhost
m7146a355gf79kib1o90fn8pup	5	127.0.0.1	Mozilla/5.0 (X11; Linux x86_64) AppleWebKit/537.36 (KHTML, like Gecko) HeadlessChrome/103.0.5060.53 Safari/537.36	1659951369	1659951381	0	userId|i:5;username|s:8:"sberardo";csrf|a:2:{s:9:"timestamp";i:1659951381;s:5:"token";s:32:"2a7ab17f880d1b1967a0de90255fd4c7";}signedInAs|i:3;	localhost
ldls0vprr2flk20luurke7trp4	5	127.0.0.1	Mozilla/5.0 (X11; Linux x86_64) AppleWebKit/537.36 (KHTML, like Gecko) HeadlessChrome/103.0.5060.53 Safari/537.36	1659951381	1659951392	0	userId|i:5;username|s:8:"sberardo";csrf|a:2:{s:9:"timestamp";i:1659951392;s:5:"token";s:32:"1c10d7eab07d180c045aeb093263683b";}signedInAs|i:3;	localhost
ncg2q00otuk58dcjhevml348iu	3	127.0.0.1	Mozilla/5.0 (X11; Linux x86_64) AppleWebKit/537.36 (KHTML, like Gecko) HeadlessChrome/103.0.5060.53 Safari/537.36	1659952433	1659952447	0	userId|i:3;username|s:7:"dbarnes";csrf|a:2:{s:9:"timestamp";i:1659952444;s:5:"token";s:32:"106c456b59aca33338664eaeb2fb3934";}	localhost
l0psnm5vap82rtt25frgb39608	3	127.0.0.1	Mozilla/5.0 (X11; Linux x86_64) AppleWebKit/537.36 (KHTML, like Gecko) HeadlessChrome/103.0.5060.53 Safari/537.36	1659952447	1659952461	0	userId|i:3;username|s:7:"dbarnes";csrf|a:2:{s:9:"timestamp";i:1659952459;s:5:"token";s:32:"7e2cdfbe386b28e8b62dfa153a033067";}	localhost
jrf7c2ebo4haaau7eos1boagbd	20	127.0.0.1	Mozilla/5.0 (X11; Linux x86_64) AppleWebKit/537.36 (KHTML, like Gecko) HeadlessChrome/103.0.5060.53 Safari/537.36	1659951529	1659951551	0	csrf|a:2:{s:9:"timestamp";i:1659951550;s:5:"token";s:32:"769f4d3c127f48201006075a5f806685";}username|s:12:"cmontgomerie";userId|i:20;	localhost
eai436lharuvdckai43f1c4kaj	3	127.0.0.1	Mozilla/5.0 (X11; Linux x86_64) AppleWebKit/537.36 (KHTML, like Gecko) HeadlessChrome/103.0.5060.53 Safari/537.36	1659951809	1659951893	0	csrf|a:2:{s:9:"timestamp";i:1659951893;s:5:"token";s:32:"a976139665c780aa271844a8e710749f";}username|s:7:"dbarnes";userId|i:3;	localhost
lv6vuq43l4ek9vf1fku694uc5t	3	127.0.0.1	Mozilla/5.0 (X11; Linux x86_64) AppleWebKit/537.36 (KHTML, like Gecko) HeadlessChrome/103.0.5060.53 Safari/537.36	1659952461	1659952477	0	userId|i:3;username|s:7:"dbarnes";csrf|a:2:{s:9:"timestamp";i:1659952474;s:5:"token";s:32:"854d5ca8e47a168e6fd87c368f26d0e4";}	localhost
nbnanels05cmjeeogj8u61it3e	3	127.0.0.1	Mozilla/5.0 (X11; Linux x86_64) AppleWebKit/537.36 (KHTML, like Gecko) HeadlessChrome/103.0.5060.53 Safari/537.36	1659952477	1659952497	0	userId|i:3;username|s:7:"dbarnes";csrf|a:2:{s:9:"timestamp";i:1659952497;s:5:"token";s:32:"4d0ca47409b18e9457987244fa77f84b";}	localhost
iprep9cc6h7lcludhhkrl5gf4i	3	127.0.0.1	Mozilla/5.0 (X11; Linux x86_64) AppleWebKit/537.36 (KHTML, like Gecko) HeadlessChrome/103.0.5060.53 Safari/537.36	1659951465	1659951527	0	csrf|a:2:{s:9:"timestamp";i:1659951527;s:5:"token";s:32:"2b47a8da59dcb54c353ffd50ffd732dd";}username|s:7:"dbarnes";userId|i:3;	localhost
hsck6ndvi1jiqn0rprfv0h1f18	\N	127.0.0.1	Mozilla/5.0 (X11; Linux x86_64) AppleWebKit/537.36 (KHTML, like Gecko) HeadlessChrome/103.0.5060.53 Safari/537.36	1659951895	1659951970	0	csrf|a:2:{s:9:"timestamp";i:1659951970;s:5:"token";s:32:"698750f4b908489aaafebfc6fc696100";}username|s:8:"agallego";	localhost
d5hha4ec5laiujh32c9f1lvfa3	3	127.0.0.1	Mozilla/5.0 (X11; Linux x86_64) AppleWebKit/537.36 (KHTML, like Gecko) HeadlessChrome/103.0.5060.53 Safari/537.36	1659951553	1659951636	0	csrf|a:2:{s:9:"timestamp";i:1659951636;s:5:"token";s:32:"9237ce1ff562191d3f46257edc8f826c";}username|s:7:"dbarnes";userId|i:3;	localhost
sb2oo4ikjv8motlg5t63mgssbk	27	127.0.0.1	Mozilla/5.0 (X11; Linux x86_64) AppleWebKit/537.36 (KHTML, like Gecko) HeadlessChrome/103.0.5060.53 Safari/537.36	1659951973	1659951992	0	csrf|a:2:{s:9:"timestamp";i:1659951991;s:5:"token";s:32:"9db262d10ba4f07fe2aa9acd80acd3fb";}username|s:10:"kalkhafaji";userId|i:27;	localhost
vormoaf4etpihvtudk58dqk0u1	3	127.0.0.1	Mozilla/5.0 (X11; Linux x86_64) AppleWebKit/537.36 (KHTML, like Gecko) HeadlessChrome/103.0.5060.53 Safari/537.36	1659951994	1659952044	0	csrf|a:2:{s:9:"timestamp";i:1659952043;s:5:"token";s:32:"ee88a2b3a31ef9ec0bb329cb67da6a58";}username|s:7:"dbarnes";userId|i:3;	localhost
lkliv2gv7t8aqrtfdt85ch04pg	\N	127.0.0.1	Mozilla/5.0 (X11; Linux x86_64) AppleWebKit/537.36 (KHTML, like Gecko) HeadlessChrome/103.0.5060.53 Safari/537.36	1659951718	1659951784	0	csrf|a:2:{s:9:"timestamp";i:1659951784;s:5:"token";s:32:"d37ded1c9d0828ed40b6d89fb0a1c949";}username|s:7:"phudson";	localhost
9qff0t2samm4bh565t5kkfeob8	3	127.0.0.1	Mozilla/5.0 (X11; Linux x86_64) AppleWebKit/537.36 (KHTML, like Gecko) HeadlessChrome/103.0.5060.53 Safari/537.36	1659951638	1659951716	0	csrf|a:2:{s:9:"timestamp";i:1659951716;s:5:"token";s:32:"7eda672de843efad57c591112c2b5203";}username|s:7:"dbarnes";userId|i:3;	localhost
28fgah490s5e37fdu2sg3ko6cc	24	127.0.0.1	Mozilla/5.0 (X11; Linux x86_64) AppleWebKit/537.36 (KHTML, like Gecko) HeadlessChrome/103.0.5060.53 Safari/537.36	1659951787	1659951807	0	csrf|a:2:{s:9:"timestamp";i:1659951806;s:5:"token";s:32:"278c950a1b2de2a2ec4f3b27c3622f78";}username|s:7:"eostrom";userId|i:24;	localhost
4022mdv7l53c3di64dkjqfveqh	30	127.0.0.1	Mozilla/5.0 (X11; Linux x86_64) AppleWebKit/537.36 (KHTML, like Gecko) HeadlessChrome/103.0.5060.53 Safari/537.36	1659952178	1659952194	0	csrf|a:2:{s:9:"timestamp";i:1659952194;s:5:"token";s:32:"febf420941a39de4ecb1b2993e1a3b0b";}username|s:7:"pdaniel";userId|i:30;	localhost
q6dncf5knnjn86a2ct0ekv9nfh	3	127.0.0.1	Mozilla/5.0 (X11; Linux x86_64) AppleWebKit/537.36 (KHTML, like Gecko) HeadlessChrome/103.0.5060.53 Safari/537.36	1659952046	1659952176	0	csrf|a:2:{s:9:"timestamp";i:1659952176;s:5:"token";s:32:"aa5f6a1135096d75336962cfec92c522";}username|s:7:"dbarnes";userId|i:3;	localhost
s18k4g84ntnf2u8o37nlkk8bsa	32	127.0.0.1	Mozilla/5.0 (X11; Linux x86_64) AppleWebKit/537.36 (KHTML, like Gecko) HeadlessChrome/103.0.5060.53 Safari/537.36	1659952280	1659952297	0	csrf|a:2:{s:9:"timestamp";i:1659952296;s:5:"token";s:32:"d38db00345f2310bfc0d2878edecf57a";}username|s:6:"rrossi";userId|i:32;	localhost
16k6octg8ot0nogia6ucshv42o	3	127.0.0.1	Mozilla/5.0 (X11; Linux x86_64) AppleWebKit/537.36 (KHTML, like Gecko) HeadlessChrome/103.0.5060.53 Safari/537.36	1659952196	1659952278	0	csrf|a:2:{s:9:"timestamp";i:1659952278;s:5:"token";s:32:"45191627a771cb77f076804e7a88cbfd";}username|s:7:"dbarnes";userId|i:3;	localhost
bfie1o5gubnmadh8oqjt4ujk2l	3	127.0.0.1	Mozilla/5.0 (X11; Linux x86_64) AppleWebKit/537.36 (KHTML, like Gecko) HeadlessChrome/103.0.5060.53 Safari/537.36	1659952298	1659952398	0	csrf|a:2:{s:9:"timestamp";i:1659952398;s:5:"token";s:32:"5e99368896f7556f00630b9f1c1f744e";}username|s:7:"dbarnes";userId|i:3;	localhost
5tf8snc5jgq8olcqo27btotpfc	3	127.0.0.1	Mozilla/5.0 (X11; Linux x86_64) AppleWebKit/537.36 (KHTML, like Gecko) HeadlessChrome/103.0.5060.53 Safari/537.36	1659952400	1659952417	0	userId|i:3;username|s:7:"dbarnes";csrf|a:2:{s:9:"timestamp";i:1659952418;s:5:"token";s:32:"e828c2860d4b954647ddde0ac1c43a36";}	localhost
0f68h8l2831cvrd48ktei0gc67	3	127.0.0.1	Mozilla/5.0 (X11; Linux x86_64) AppleWebKit/537.36 (KHTML, like Gecko) HeadlessChrome/103.0.5060.53 Safari/537.36	1659952418	1659952432	0	userId|i:3;username|s:7:"dbarnes";csrf|a:2:{s:9:"timestamp";i:1659952430;s:5:"token";s:32:"128cad69470bfdcff5fc89555224d8fb";}	localhost
089fcdaj6ega165rin7eddb33f	3	127.0.0.1	Mozilla/5.0 (X11; Linux x86_64) AppleWebKit/537.36 (KHTML, like Gecko) HeadlessChrome/103.0.5060.53 Safari/537.36	1659952539	1659952603	0	csrf|a:2:{s:9:"timestamp";i:1659952603;s:5:"token";s:32:"d0cb040bf2e33688b8b9ccc3c52ce8ea";}username|s:7:"dbarnes";userId|i:3;	localhost
s3qomeirqopui99hbl49p3imod	3	127.0.0.1	Mozilla/5.0 (X11; Linux x86_64) AppleWebKit/537.36 (KHTML, like Gecko) HeadlessChrome/103.0.5060.53 Safari/537.36	1659952500	1659952537	0	csrf|a:2:{s:9:"timestamp";i:1659952535;s:5:"token";s:32:"8191b73bfa46e8cdb4a708fd9d323499";}username|s:7:"dbarnes";userId|i:3;	localhost
\.


--
-- Data for Name: site; Type: TABLE DATA; Schema: public; Owner: ojs-ci
--

COPY public.site (redirect, primary_locale, min_password_length, installed_locales, supported_locales, original_style_file_name) FROM stdin;
0	en_US	6	["en_US","fr_CA"]	["en_US","fr_CA"]	\N
\.


--
-- Data for Name: site_settings; Type: TABLE DATA; Schema: public; Owner: ojs-ci
--

COPY public.site_settings (setting_name, locale, setting_value) FROM stdin;
contactEmail	en_US	pkpadmin@mailinator.com
contactName	en_US	Open Journal Systems
contactName	fr_CA	Open Journal Systems
compressStatsLogs		0
enableGeoUsageStats		disabled
enableInstitutionUsageStats		0
keepDailyUsageStats		0
isSiteSushiPlatform		0
themePluginPath		default
\.


--
-- Data for Name: stage_assignments; Type: TABLE DATA; Schema: public; Owner: ojs-ci
--

COPY public.stage_assignments (stage_assignment_id, submission_id, user_group_id, user_id, date_assigned, recommend_only, can_change_metadata) FROM stdin;
2	1	3	3	2022-08-08 09:32:56	0	1
3	1	5	4	2022-08-08 09:32:56	0	1
5	1	7	12	2022-08-08 09:33:43	0	0
6	1	11	14	2022-08-08 09:33:58	0	0
7	1	13	16	2022-08-08 09:34:04	0	0
1	1	14	17	2022-08-08 09:34:45	0	1
4	1	5	5	2022-08-08 09:36:26	1	0
8	2	14	18	2022-08-08 09:36:41	0	0
9	2	3	3	2022-08-08 09:36:48	0	1
10	2	5	4	2022-08-08 09:36:49	0	1
11	2	5	5	2022-08-08 09:36:49	0	1
12	2	5	6	2022-08-08 09:37:10	1	1
13	3	14	19	2022-08-08 09:37:52	0	0
14	3	3	3	2022-08-08 09:38:00	0	1
15	3	5	4	2022-08-08 09:38:00	0	1
16	3	5	5	2022-08-08 09:38:00	0	1
17	3	7	11	2022-08-08 09:38:45	0	0
18	4	14	20	2022-08-08 09:38:57	0	0
19	4	3	3	2022-08-08 09:39:10	0	1
20	4	5	4	2022-08-08 09:39:10	0	1
21	4	5	5	2022-08-08 09:39:10	0	1
22	5	14	21	2022-08-08 09:39:20	0	0
23	5	3	3	2022-08-08 09:39:27	0	1
24	5	5	4	2022-08-08 09:39:27	0	1
25	5	5	5	2022-08-08 09:39:27	0	1
26	5	7	11	2022-08-08 09:40:13	0	0
27	5	11	13	2022-08-08 09:40:28	0	0
28	5	13	15	2022-08-08 09:40:34	0	0
29	6	14	22	2022-08-08 09:40:46	0	0
30	6	3	3	2022-08-08 09:40:54	0	1
31	6	5	4	2022-08-08 09:40:54	0	1
32	6	5	5	2022-08-08 09:40:54	0	1
33	6	7	11	2022-08-08 09:41:39	0	0
34	6	11	13	2022-08-08 09:41:54	0	0
35	7	14	23	2022-08-08 09:42:06	0	0
36	7	3	3	2022-08-08 09:42:12	0	1
37	7	5	4	2022-08-08 09:42:12	0	1
38	7	5	5	2022-08-08 09:42:12	0	1
39	8	14	24	2022-08-08 09:43:14	0	0
40	8	3	3	2022-08-08 09:43:27	0	1
41	8	5	4	2022-08-08 09:43:27	0	1
42	8	5	5	2022-08-08 09:43:27	0	1
43	9	14	25	2022-08-08 09:43:37	0	0
44	9	3	3	2022-08-08 09:43:44	0	1
45	9	5	6	2022-08-08 09:43:44	0	1
46	9	7	12	2022-08-08 09:44:29	0	0
47	9	11	14	2022-08-08 09:44:46	0	0
48	9	13	16	2022-08-08 09:44:52	0	0
49	10	14	26	2022-08-08 09:45:03	0	0
50	10	3	3	2022-08-08 09:45:11	0	1
51	10	5	4	2022-08-08 09:45:11	0	1
52	10	5	5	2022-08-08 09:45:11	0	1
53	11	14	27	2022-08-08 09:46:20	0	0
54	11	3	3	2022-08-08 09:46:31	0	1
55	11	5	4	2022-08-08 09:46:31	0	1
56	11	5	5	2022-08-08 09:46:31	0	1
57	12	14	28	2022-08-08 09:46:42	0	0
58	12	3	3	2022-08-08 09:46:49	0	1
59	12	5	4	2022-08-08 09:46:49	0	1
60	12	5	5	2022-08-08 09:46:49	0	1
61	13	14	29	2022-08-08 09:47:34	0	0
62	13	3	3	2022-08-08 09:47:43	0	1
63	13	5	4	2022-08-08 09:47:43	0	1
64	13	5	5	2022-08-08 09:47:43	0	1
65	14	14	30	2022-08-08 09:49:46	0	0
66	14	3	3	2022-08-08 09:49:54	0	1
67	14	5	4	2022-08-08 09:49:54	0	1
68	14	5	5	2022-08-08 09:49:54	0	1
69	15	14	31	2022-08-08 09:50:04	0	0
70	15	3	3	2022-08-08 09:50:10	0	1
71	15	5	4	2022-08-08 09:50:11	0	1
72	15	5	5	2022-08-08 09:50:11	0	1
73	15	7	12	2022-08-08 09:51:01	0	0
74	15	11	14	2022-08-08 09:51:17	0	0
75	16	14	32	2022-08-08 09:51:28	0	0
76	16	3	3	2022-08-08 09:51:36	0	1
77	16	5	4	2022-08-08 09:51:36	0	1
78	16	5	5	2022-08-08 09:51:36	0	1
79	17	14	33	2022-08-08 09:51:46	0	0
80	17	3	3	2022-08-08 09:51:55	0	1
81	17	5	4	2022-08-08 09:51:55	0	1
82	17	5	5	2022-08-08 09:51:55	0	1
83	17	7	11	2022-08-08 09:52:46	0	0
84	17	11	13	2022-08-08 09:53:02	0	0
85	17	13	15	2022-08-08 09:53:08	0	0
86	18	14	34	2022-08-08 09:55:08	0	0
87	18	3	3	2022-08-08 09:55:15	0	1
88	18	5	4	2022-08-08 09:55:15	0	1
89	18	5	5	2022-08-08 09:55:15	0	1
90	19	14	35	2022-08-08 09:55:46	0	0
91	19	3	3	2022-08-08 09:55:53	0	1
92	19	5	6	2022-08-08 09:55:53	0	1
93	19	7	12	2022-08-08 09:56:42	0	0
\.


--
-- Name: stage_assignments_stage_assignment_id_seq; Type: SEQUENCE SET; Schema: public; Owner: ojs-ci
--

SELECT pg_catalog.setval('public.stage_assignments_stage_assignment_id_seq', 93, true);


--
-- Data for Name: static_page_settings; Type: TABLE DATA; Schema: public; Owner: ojs-ci
--

COPY public.static_page_settings (static_page_id, locale, setting_name, setting_value, setting_type) FROM stdin;
\.


--
-- Data for Name: static_pages; Type: TABLE DATA; Schema: public; Owner: ojs-ci
--

COPY public.static_pages (static_page_id, path, context_id) FROM stdin;
\.


--
-- Name: static_pages_static_page_id_seq; Type: SEQUENCE SET; Schema: public; Owner: ojs-ci
--

SELECT pg_catalog.setval('public.static_pages_static_page_id_seq', 1, false);


--
-- Data for Name: subeditor_submission_group; Type: TABLE DATA; Schema: public; Owner: ojs-ci
--

COPY public.subeditor_submission_group (context_id, assoc_id, assoc_type, user_id) FROM stdin;
1	1	530	4
1	1	530	5
1	2	530	6
\.


--
-- Data for Name: submission_comments; Type: TABLE DATA; Schema: public; Owner: ojs-ci
--

COPY public.submission_comments (comment_id, comment_type, role_id, submission_id, assoc_id, author_id, comment_title, comments, date_posted, date_modified, viewable) FROM stdin;
1	1	4096	7	10	8		<p>Here are my review comments</p>	2022-08-08 09:43:04	\N	1
2	1	4096	10	15	9		<p>Here are my review comments</p>	2022-08-08 09:45:56	\N	1
3	1	4096	10	16	10		<p>Here are my review comments</p>	2022-08-08 09:46:09	\N	1
4	1	4096	13	19	7		<p>Here are my review comments</p>	2022-08-08 09:48:39	\N	1
5	1	4096	13	20	9		<p>Here are my review comments</p>	2022-08-08 09:48:52	\N	1
6	1	4096	13	21	10		<p>Here are my review comments</p>	2022-08-08 09:49:07	\N	1
\.


--
-- Name: submission_comments_comment_id_seq; Type: SEQUENCE SET; Schema: public; Owner: ojs-ci
--

SELECT pg_catalog.setval('public.submission_comments_comment_id_seq', 6, true);


--
-- Data for Name: submission_file_revisions; Type: TABLE DATA; Schema: public; Owner: ojs-ci
--

COPY public.submission_file_revisions (revision_id, submission_file_id, file_id) FROM stdin;
1	1	1
2	2	1
3	3	2
4	4	3
5	5	3
6	6	4
7	7	4
8	8	5
9	9	6
10	10	6
11	11	7
12	12	7
13	13	8
14	14	8
15	15	9
16	16	10
17	17	10
18	18	11
19	19	11
20	20	12
21	21	13
22	22	13
23	23	14
24	24	14
25	25	15
26	26	16
27	27	16
28	28	17
29	29	18
30	30	18
31	31	19
32	32	20
33	33	21
34	34	21
\.


--
-- Name: submission_file_revisions_revision_id_seq; Type: SEQUENCE SET; Schema: public; Owner: ojs-ci
--

SELECT pg_catalog.setval('public.submission_file_revisions_revision_id_seq', 34, true);


--
-- Data for Name: submission_file_settings; Type: TABLE DATA; Schema: public; Owner: ojs-ci
--

COPY public.submission_file_settings (submission_file_id, locale, setting_name, setting_value, setting_type) FROM stdin;
1	en_US	name	Signalling Theory Dividends: A Review Of The Literature And Empirical Evidence.pdf	string
2	en_US	name	Signalling Theory Dividends: A Review Of The Literature And Empirical Evidence.pdf	string
3	en_US	name	article.pdf	string
3	fr_CA	name		string
4	en_US	name	The influence of lactation on the quantity and quality of cashmere production.pdf	string
5	en_US	name	The influence of lactation on the quantity and quality of cashmere production.pdf	string
6	en_US	name	The Facets Of Job Satisfaction: A Nine-Nation Comparative Study Of Construct Equivalence.pdf	string
7	en_US	name	The Facets Of Job Satisfaction: A Nine-Nation Comparative Study Of Construct Equivalence.pdf	string
8	en_US	name	Computer Skill Requirements for New and Existing Teachers: Implications for Policy and Practice.pdf	string
9	en_US	name	Genetic transformation of forest trees.pdf	string
10	en_US	name	Genetic transformation of forest trees.pdf	string
11	en_US	name	Investigating the Shared Background Required for Argument: A Critique of Fogelin's Thesis on Deep Disagreement.pdf	string
12	en_US	name	Investigating the Shared Background Required for Argument: A Critique of Fogelin's Thesis on Deep Disagreement.pdf	string
13	en_US	name	Developing efficacy beliefs in the classroom.pdf	string
14	en_US	name	Developing efficacy beliefs in the classroom.pdf	string
15	en_US	name	Traditions and Trends in the Study of the Commons.pdf	string
16	en_US	name	Hansen & Pinto: Reason Reclaimed.pdf	string
17	en_US	name	Hansen & Pinto: Reason Reclaimed.pdf	string
18	en_US	name	Condensing Water Availability Models to Focus on Specific Water Management Systems.pdf	string
19	en_US	name	Condensing Water Availability Models to Focus on Specific Water Management Systems.pdf	string
20	en_US	name	Learning Sustainable Design through Service.pdf	string
21	en_US	name	Sodium butyrate improves growth performance of weaned piglets during the first period after weaning.pdf	string
22	en_US	name	Sodium butyrate improves growth performance of weaned piglets during the first period after weaning.pdf	string
23	en_US	name	Hydrologic Connectivity in the Edwards Aquifer between San Marcos Springs and Barton Springs during 2009 Drought Conditions.pdf	string
24	en_US	name	Hydrologic Connectivity in the Edwards Aquifer between San Marcos Springs and Barton Springs during 2009 Drought Conditions.pdf	string
25	en_US	name	Towards Designing an Intercultural Curriculum: A Case Study from the Atlantic Coast of Nicaragua.pdf	string
26	en_US	name	Yam diseases and its management in Nigeria.pdf	string
27	en_US	name	Yam diseases and its management in Nigeria.pdf	string
28	en_US	name	Influence of long-term nutrition with different dietary fats on fatty acid composition of heavy pigs backfat.pdf	string
29	en_US	name	Antimicrobial, heavy metal resistance and plasmid profile of coliforms isolated from nosocomial infections in a hospital in Isfahan, Iran.pdf	string
30	en_US	name	Antimicrobial, heavy metal resistance and plasmid profile of coliforms isolated from nosocomial infections in a hospital in Isfahan, Iran.pdf	string
31	en_US	name	article.pdf	string
31	fr_CA	name		string
32	en_US	name	Self-Organization in Multi-Level Institutions in Networked Environments.pdf	string
33	en_US	name	Finocchiaro: Arguments About Arguments.pdf	string
34	en_US	name	Finocchiaro: Arguments About Arguments.pdf	string
\.


--
-- Data for Name: submission_files; Type: TABLE DATA; Schema: public; Owner: ojs-ci
--

COPY public.submission_files (submission_file_id, submission_id, file_id, source_submission_file_id, genre_id, file_stage, direct_sales_price, sales_type, viewable, created_at, updated_at, uploader_user_id, assoc_type, assoc_id) FROM stdin;
1	1	1	\N	1	2	\N	\N	\N	2022-08-08 09:32:51	2022-08-08 09:32:51	17	\N	\N
2	1	1	1	1	4	\N	\N	\N	2022-08-08 09:33:07	2022-08-08 09:33:07	17	523	1
3	1	2	\N	1	10	\N	\N	\N	2022-08-08 09:34:32	2022-08-08 09:34:33	3	521	1
4	2	3	\N	1	2	\N	\N	\N	2022-08-08 09:36:44	2022-08-08 09:36:44	18	\N	\N
5	2	3	4	1	4	\N	\N	\N	2022-08-08 09:37:02	2022-08-08 09:37:02	18	523	2
6	3	4	\N	1	2	\N	\N	\N	2022-08-08 09:37:55	2022-08-08 09:37:55	19	\N	\N
7	3	4	6	1	4	\N	\N	\N	2022-08-08 09:38:14	2022-08-08 09:38:14	19	523	3
8	4	5	\N	1	2	\N	\N	\N	2022-08-08 09:39:00	2022-08-08 09:39:00	20	\N	\N
9	5	6	\N	1	2	\N	\N	\N	2022-08-08 09:39:23	2022-08-08 09:39:23	21	\N	\N
10	5	6	9	1	4	\N	\N	\N	2022-08-08 09:39:41	2022-08-08 09:39:41	21	523	4
11	6	7	\N	1	2	\N	\N	\N	2022-08-08 09:40:48	2022-08-08 09:40:48	22	\N	\N
12	6	7	11	1	4	\N	\N	\N	2022-08-08 09:41:07	2022-08-08 09:41:07	22	523	5
13	7	8	\N	1	2	\N	\N	\N	2022-08-08 09:42:08	2022-08-08 09:42:08	23	\N	\N
14	7	8	13	1	4	\N	\N	\N	2022-08-08 09:42:26	2022-08-08 09:42:26	23	523	6
15	8	9	\N	1	2	\N	\N	\N	2022-08-08 09:43:17	2022-08-08 09:43:17	24	\N	\N
16	9	10	\N	1	2	\N	\N	\N	2022-08-08 09:43:40	2022-08-08 09:43:40	25	\N	\N
17	9	10	16	1	4	\N	\N	\N	2022-08-08 09:43:59	2022-08-08 09:43:59	25	523	7
18	10	11	\N	1	2	\N	\N	\N	2022-08-08 09:45:05	2022-08-08 09:45:06	26	\N	\N
19	10	11	18	1	4	\N	\N	\N	2022-08-08 09:45:26	2022-08-08 09:45:26	26	523	8
20	11	12	\N	1	2	\N	\N	\N	2022-08-08 09:46:23	2022-08-08 09:46:23	27	\N	\N
21	12	13	\N	1	2	\N	\N	\N	2022-08-08 09:46:44	2022-08-08 09:46:44	28	\N	\N
22	12	13	21	1	4	\N	\N	\N	2022-08-08 09:47:06	2022-08-08 09:47:06	28	523	9
23	13	14	\N	1	2	\N	\N	\N	2022-08-08 09:47:37	2022-08-08 09:47:37	29	\N	\N
24	13	14	23	1	4	\N	\N	\N	2022-08-08 09:48:01	2022-08-08 09:48:01	29	523	10
25	14	15	\N	1	2	\N	\N	\N	2022-08-08 09:49:48	2022-08-08 09:49:49	30	\N	\N
26	15	16	\N	1	2	\N	\N	\N	2022-08-08 09:50:06	2022-08-08 09:50:07	31	\N	\N
27	15	16	26	1	4	\N	\N	\N	2022-08-08 09:50:28	2022-08-08 09:50:28	31	523	11
28	16	17	\N	1	2	\N	\N	\N	2022-08-08 09:51:30	2022-08-08 09:51:30	32	\N	\N
29	17	18	\N	1	2	\N	\N	\N	2022-08-08 09:51:48	2022-08-08 09:51:48	33	\N	\N
30	17	18	29	1	4	\N	\N	\N	2022-08-08 09:52:14	2022-08-08 09:52:14	33	523	12
31	17	19	\N	1	10	\N	\N	\N	2022-08-08 09:53:16	2022-08-08 09:53:17	3	521	3
32	18	20	\N	1	2	\N	\N	\N	2022-08-08 09:55:10	2022-08-08 09:55:11	34	\N	\N
33	19	21	\N	1	2	\N	\N	\N	2022-08-08 09:55:49	2022-08-08 09:55:49	35	\N	\N
34	19	21	33	1	4	\N	\N	\N	2022-08-08 09:56:11	2022-08-08 09:56:11	35	523	13
\.


--
-- Name: submission_files_submission_file_id_seq; Type: SEQUENCE SET; Schema: public; Owner: ojs-ci
--

SELECT pg_catalog.setval('public.submission_files_submission_file_id_seq', 34, true);


--
-- Data for Name: submission_search_keyword_list; Type: TABLE DATA; Schema: public; Owner: ojs-ci
--

COPY public.submission_search_keyword_list (keyword_id, keyword_text) FROM stdin;
1	alan
2	mwandenga
3	university
4	cape
5	town
6	lorem
7	ipsum
8	signalling
9	theory
10	dividends
11	review
12	literature
13	empirical
14	evidence
15	signaling
16	suggests
17	signal
18	future
19	prospects
20	firm
21	recent
22	offer
23	conclusive
24	issue
25	conflicting
26	policy
27	implications
28	financial
29	economists
30	practical
31	dividend
32	guidance
33	management
34	existing
35	potential
36	investors
37	shareholding
38	corporate
39	investment
40	financing
41	distribution
42	decisions
43	continuous
44	function
45	rely
46	intuitive
47	evaluation
48	professional
49	development
50	social
51	transformation
52	version
53	vajiheh
54	karbasizaed
55	tehran
56	antimicrobial
57	heavy
58	metal
59	resistance
60	plasmid
61	profile
62	coliforms
63	isolated
64	nosocomial
65	infections
66	hospital
67	isfahan
68	iran
69	patterns
70	profiles
71	enterobacteriacea
72	healthy
73	human
74	faeces
75	compared
76	fifteen
77	isolates
78	identified
79	escherichia
80	coli
81	remaining
82	kelebsiella
83	pneumoniae
84	seventy
85	percent
86	strains
87	possess
88	multiple
89	antibiotics
90	difference
91	minimal
92	inhibitory
93	concentration
94	mic
95	values
96	clinical
97	cases
98	metals
99	significant
100	tolerant
101	persons
102	consistent
103	relationship
104	group
105	pattern
106	conjugative
107	encoding
108	recovered
109	results
110	multidrug-resistance
111	infection
112	region
\.


--
-- Name: submission_search_keyword_list_keyword_id_seq; Type: SEQUENCE SET; Schema: public; Owner: ojs-ci
--

SELECT pg_catalog.setval('public.submission_search_keyword_list_keyword_id_seq', 112, true);


--
-- Data for Name: submission_search_object_keywords; Type: TABLE DATA; Schema: public; Owner: ojs-ci
--

COPY public.submission_search_object_keywords (object_id, keyword_id, pos) FROM stdin;
9	1	0
9	2	1
9	3	2
9	4	3
9	5	4
9	6	5
9	7	6
10	8	0
10	9	1
10	10	2
10	11	3
10	12	4
10	13	5
10	14	6
11	15	0
11	9	1
11	16	2
11	10	3
11	17	4
11	18	5
11	19	6
11	20	7
11	21	8
11	13	9
11	14	10
11	22	11
11	23	12
11	14	13
11	24	14
11	25	15
11	26	16
11	27	17
11	28	18
11	29	19
11	30	20
11	31	21
11	26	22
11	32	23
11	33	24
11	34	25
11	35	26
11	36	27
11	37	28
11	38	29
11	39	30
11	40	31
11	41	32
11	42	33
11	43	34
11	44	35
11	33	36
11	31	37
11	42	38
11	45	39
11	46	40
11	47	41
13	48	0
13	49	1
13	50	2
13	51	3
51	98	75
51	89	76
51	108	77
51	86	78
51	63	79
51	64	80
51	65	81
51	109	82
51	110	83
51	62	84
51	35	85
51	64	86
51	111	87
51	112	88
49	53	0
49	54	1
49	3	2
49	55	3
50	56	0
50	57	1
50	58	2
50	59	3
50	60	4
50	61	5
50	62	6
50	63	7
50	64	8
50	65	9
50	66	10
50	67	11
50	68	12
51	56	0
51	57	1
51	58	2
51	59	3
51	69	4
51	60	5
51	70	6
51	62	7
51	71	8
51	63	9
51	64	10
51	65	11
51	72	12
51	73	13
51	74	14
51	75	15
51	76	16
51	77	17
51	64	18
51	65	19
51	78	20
51	79	21
51	80	22
51	81	23
51	82	24
51	83	25
51	84	26
51	85	27
51	86	28
51	63	29
51	64	30
51	65	31
51	87	32
51	88	33
51	59	34
51	89	35
51	75	36
51	86	37
51	72	38
51	73	39
51	74	40
51	90	41
51	91	42
51	92	43
51	93	44
51	94	45
51	95	46
51	86	47
51	96	48
51	97	49
51	74	50
51	57	51
51	98	52
51	99	53
51	86	54
51	63	55
51	66	56
51	100	57
51	57	58
51	58	59
51	72	60
51	101	61
51	102	62
51	103	63
51	60	64
51	61	65
51	104	66
51	56	67
51	59	68
51	105	69
51	106	70
51	60	71
51	107	72
51	59	73
51	57	74
\.


--
-- Data for Name: submission_search_objects; Type: TABLE DATA; Schema: public; Owner: ojs-ci
--

COPY public.submission_search_objects (object_id, submission_id, type, assoc_id) FROM stdin;
9	1	1	0
10	1	2	0
11	1	4	0
12	1	16	0
13	1	17	0
14	1	8	0
15	1	32	0
16	1	64	0
49	17	1	0
50	17	2	0
51	17	4	0
52	17	16	0
53	17	17	0
54	17	8	0
55	17	32	0
56	17	64	0
\.


--
-- Name: submission_search_objects_object_id_seq; Type: SEQUENCE SET; Schema: public; Owner: ojs-ci
--

SELECT pg_catalog.setval('public.submission_search_objects_object_id_seq', 56, true);


--
-- Data for Name: submission_settings; Type: TABLE DATA; Schema: public; Owner: ojs-ci
--

COPY public.submission_settings (submission_id, locale, setting_name, setting_value) FROM stdin;
\.


--
-- Data for Name: submissions; Type: TABLE DATA; Schema: public; Owner: ojs-ci
--

COPY public.submissions (submission_id, context_id, current_publication_id, date_last_activity, date_submitted, last_modified, stage_id, locale, status, submission_progress, work_type) FROM stdin;
2	1	3	2022-08-08 09:37:29	2022-08-08 09:36:48	2022-08-08 09:36:48	3	en_US	1	0	0
9	1	10	2022-08-08 09:44:52	2022-08-08 09:43:44	2022-08-08 09:43:44	5	en_US	1	0	0
6	1	7	2022-08-08 09:41:54	2022-08-08 09:40:54	2022-08-08 09:40:54	5	en_US	1	0	0
3	1	4	2022-08-08 09:38:46	2022-08-08 09:38:00	2022-08-08 09:38:00	4	en_US	1	0	0
13	1	14	2022-08-08 09:49:31	2022-08-08 09:47:43	2022-08-08 09:48:26	3	en_US	1	0	0
19	1	20	2022-08-08 09:56:42	2022-08-08 09:55:53	2022-08-08 09:55:53	4	en_US	1	0	0
4	1	5	2022-08-08 09:39:11	2022-08-08 09:39:10	2022-08-08 09:39:10	1	en_US	1	0	0
7	1	8	2022-08-08 09:43:04	2022-08-08 09:42:12	2022-08-08 09:42:36	3	en_US	1	0	0
10	1	11	2022-08-08 09:46:09	2022-08-08 09:45:11	2022-08-08 09:45:44	3	en_US	1	0	0
14	1	15	2022-08-08 09:49:54	2022-08-08 09:49:54	2022-08-08 09:49:54	1	en_US	1	0	0
8	1	9	2022-08-08 09:43:27	2022-08-08 09:43:26	2022-08-08 09:43:26	1	en_US	1	0	0
1	1	1	2022-08-08 09:36:26	2022-08-08 09:32:56	2022-08-08 09:32:56	5	en_US	3	0	0
11	1	12	2022-08-08 09:46:32	2022-08-08 09:46:31	2022-08-08 09:46:31	1	en_US	1	0	0
5	1	6	2022-08-08 09:40:34	2022-08-08 09:39:27	2022-08-08 09:39:27	5	en_US	1	0	0
17	1	18	2022-08-08 09:54:49	2022-08-08 09:51:55	2022-08-08 09:51:55	5	en_US	3	0	0
12	1	13	2022-08-08 09:47:23	2022-08-08 09:46:49	2022-08-08 09:46:49	3	en_US	1	0	0
15	1	16	2022-08-08 09:51:17	2022-08-08 09:50:10	2022-08-08 09:50:10	5	en_US	1	0	0
16	1	17	2022-08-08 09:51:36	2022-08-08 09:51:36	2022-08-08 09:51:36	1	en_US	1	0	0
18	1	19	2022-08-08 09:55:33	2022-08-08 09:55:15	2022-08-08 09:55:15	1	en_US	4	0	0
\.


--
-- Name: submissions_submission_id_seq; Type: SEQUENCE SET; Schema: public; Owner: ojs-ci
--

SELECT pg_catalog.setval('public.submissions_submission_id_seq', 19, true);


--
-- Data for Name: subscription_type_settings; Type: TABLE DATA; Schema: public; Owner: ojs-ci
--

COPY public.subscription_type_settings (type_id, locale, setting_name, setting_value, setting_type) FROM stdin;
\.


--
-- Data for Name: subscription_types; Type: TABLE DATA; Schema: public; Owner: ojs-ci
--

COPY public.subscription_types (type_id, journal_id, cost, currency_code_alpha, duration, format, institutional, membership, disable_public_display, seq) FROM stdin;
\.


--
-- Name: subscription_types_type_id_seq; Type: SEQUENCE SET; Schema: public; Owner: ojs-ci
--

SELECT pg_catalog.setval('public.subscription_types_type_id_seq', 1, false);


--
-- Data for Name: subscriptions; Type: TABLE DATA; Schema: public; Owner: ojs-ci
--

COPY public.subscriptions (subscription_id, journal_id, user_id, type_id, date_start, date_end, status, membership, reference_number, notes) FROM stdin;
\.


--
-- Name: subscriptions_subscription_id_seq; Type: SEQUENCE SET; Schema: public; Owner: ojs-ci
--

SELECT pg_catalog.setval('public.subscriptions_subscription_id_seq', 1, false);


--
-- Data for Name: temporary_files; Type: TABLE DATA; Schema: public; Owner: ojs-ci
--

COPY public.temporary_files (file_id, user_id, file_name, file_type, file_size, original_file_name, date_uploaded) FROM stdin;
\.


--
-- Name: temporary_files_file_id_seq; Type: SEQUENCE SET; Schema: public; Owner: ojs-ci
--

SELECT pg_catalog.setval('public.temporary_files_file_id_seq', 1, false);


--
-- Data for Name: usage_stats_institution_temporary_records; Type: TABLE DATA; Schema: public; Owner: ojs-ci
--

COPY public.usage_stats_institution_temporary_records (load_id, line_number, institution_id) FROM stdin;
\.


--
-- Data for Name: usage_stats_total_temporary_records; Type: TABLE DATA; Schema: public; Owner: ojs-ci
--

COPY public.usage_stats_total_temporary_records (date, ip, user_agent, line_number, canonical_url, issue_id, issue_galley_id, context_id, submission_id, representation_id, submission_file_id, assoc_type, file_type, country, region, city, load_id) FROM stdin;
\.


--
-- Data for Name: usage_stats_unique_item_investigations_temporary_records; Type: TABLE DATA; Schema: public; Owner: ojs-ci
--

COPY public.usage_stats_unique_item_investigations_temporary_records (date, ip, user_agent, line_number, context_id, submission_id, representation_id, submission_file_id, assoc_type, file_type, country, region, city, load_id) FROM stdin;
\.


--
-- Data for Name: usage_stats_unique_item_requests_temporary_records; Type: TABLE DATA; Schema: public; Owner: ojs-ci
--

COPY public.usage_stats_unique_item_requests_temporary_records (date, ip, user_agent, line_number, context_id, submission_id, representation_id, submission_file_id, assoc_type, file_type, country, region, city, load_id) FROM stdin;
\.


--
-- Data for Name: user_group_settings; Type: TABLE DATA; Schema: public; Owner: ojs-ci
--

COPY public.user_group_settings (user_group_id, locale, setting_name, setting_value, setting_type) FROM stdin;
1	en_US	name	Site Admin	string
1	fr_CA	name	Administrateur-trice du site	string
2		nameLocaleKey	default.groups.name.manager	string
2		abbrevLocaleKey	default.groups.abbrev.manager	string
3		nameLocaleKey	default.groups.name.editor	string
3		abbrevLocaleKey	default.groups.abbrev.editor	string
4		nameLocaleKey	default.groups.name.productionEditor	string
4		abbrevLocaleKey	default.groups.abbrev.productionEditor	string
5		nameLocaleKey	default.groups.name.sectionEditor	string
5		abbrevLocaleKey	default.groups.abbrev.sectionEditor	string
6		nameLocaleKey	default.groups.name.guestEditor	string
6		abbrevLocaleKey	default.groups.abbrev.guestEditor	string
7		nameLocaleKey	default.groups.name.copyeditor	string
7		abbrevLocaleKey	default.groups.abbrev.copyeditor	string
8		nameLocaleKey	default.groups.name.designer	string
8		abbrevLocaleKey	default.groups.abbrev.designer	string
9		nameLocaleKey	default.groups.name.funding	string
9		abbrevLocaleKey	default.groups.abbrev.funding	string
10		nameLocaleKey	default.groups.name.indexer	string
10		abbrevLocaleKey	default.groups.abbrev.indexer	string
11		nameLocaleKey	default.groups.name.layoutEditor	string
11		abbrevLocaleKey	default.groups.abbrev.layoutEditor	string
12		nameLocaleKey	default.groups.name.marketing	string
12		abbrevLocaleKey	default.groups.abbrev.marketing	string
13		nameLocaleKey	default.groups.name.proofreader	string
13		abbrevLocaleKey	default.groups.abbrev.proofreader	string
14		nameLocaleKey	default.groups.name.author	string
14		abbrevLocaleKey	default.groups.abbrev.author	string
15		nameLocaleKey	default.groups.name.translator	string
15		abbrevLocaleKey	default.groups.abbrev.translator	string
16		nameLocaleKey	default.groups.name.externalReviewer	string
16		abbrevLocaleKey	default.groups.abbrev.externalReviewer	string
17		nameLocaleKey	default.groups.name.reader	string
17		abbrevLocaleKey	default.groups.abbrev.reader	string
18		nameLocaleKey	default.groups.name.subscriptionManager	string
18		abbrevLocaleKey	default.groups.abbrev.subscriptionManager	string
2	en_US	name	Journal manager	string
2	en_US	abbrev	JM	string
3	en_US	name	Journal editor	string
3	en_US	abbrev	JE	string
4	en_US	name	Production editor	string
4	en_US	abbrev	ProdE	string
5	en_US	name	Section editor	string
5	en_US	abbrev	SecE	string
6	en_US	name	Guest editor	string
6	en_US	abbrev	GE	string
7	en_US	name	Copyeditor	string
7	en_US	abbrev	CE	string
8	en_US	name	Designer	string
8	en_US	abbrev	Design	string
9	en_US	name	Funding coordinator	string
9	en_US	abbrev	FC	string
10	en_US	name	Indexer	string
10	en_US	abbrev	IND	string
11	en_US	name	Layout Editor	string
11	en_US	abbrev	LE	string
12	en_US	name	Marketing and sales coordinator	string
12	en_US	abbrev	MS	string
13	en_US	name	Proofreader	string
13	en_US	abbrev	PR	string
14	en_US	name	Author	string
14	en_US	abbrev	AU	string
15	en_US	name	Translator	string
15	en_US	abbrev	Trans	string
16	en_US	name	Reviewer	string
16	en_US	abbrev	R	string
17	en_US	name	Reader	string
17	en_US	abbrev	Read	string
18	en_US	name	Subscription Manager	string
18	en_US	abbrev	SubM	string
2	fr_CA	name	Directeur-trice de la revue	string
2	fr_CA	abbrev	DIR	string
3	fr_CA	name	Rdacteur-trice	string
3	fr_CA	abbrev	RD	string
4	fr_CA	name	Directeur-trice de production	string
4	fr_CA	abbrev	DirProd	string
5	fr_CA	name	Rdacteur-trice de rubrique	string
5	fr_CA	abbrev	RDRUB	string
6	fr_CA	name	Rdacteur-trice invit-e	string
6	fr_CA	abbrev	RDINV	string
7	fr_CA	name	Rviseur-e	string
7	fr_CA	abbrev	RV	string
8	fr_CA	name	Designer	string
8	fr_CA	abbrev	Design	string
9	fr_CA	name	Coordonnateur-trice du financement	string
9	fr_CA	abbrev	CF	string
10	fr_CA	name	Indexeur-e	string
10	fr_CA	abbrev	Indx	string
11	fr_CA	name	Responsable de la mise en page	string
11	fr_CA	abbrev	RespMP	string
12	fr_CA	name	Coordonnateur-trice des ventes et du marketing	string
12	fr_CA	abbrev	CVM	string
13	fr_CA	name	Correcteur-trice d'preuves	string
13	fr_CA	abbrev	CorEp	string
14	fr_CA	name	Auteur-e	string
14	fr_CA	abbrev	AU	string
15	fr_CA	name	Traducteur-trice	string
15	fr_CA	abbrev	Trad	string
16	fr_CA	name	valuateur-trice	string
16	fr_CA	abbrev	VAL	string
17	fr_CA	name	Lecteur-trice	string
17	fr_CA	abbrev	Lect	string
18	fr_CA	name	Responsable des abonnements	string
18	fr_CA	abbrev	RespAB	string
\.


--
-- Data for Name: user_group_stage; Type: TABLE DATA; Schema: public; Owner: ojs-ci
--

COPY public.user_group_stage (context_id, user_group_id, stage_id) FROM stdin;
1	3	1
1	3	3
1	3	4
1	3	5
1	4	4
1	4	5
1	5	1
1	5	3
1	5	4
1	5	5
1	6	1
1	6	3
1	6	4
1	6	5
1	7	4
1	8	5
1	9	1
1	9	3
1	10	5
1	11	5
1	12	4
1	13	5
1	14	1
1	14	3
1	14	4
1	14	5
1	15	1
1	15	3
1	15	4
1	15	5
1	16	3
\.


--
-- Data for Name: user_groups; Type: TABLE DATA; Schema: public; Owner: ojs-ci
--

COPY public.user_groups (user_group_id, context_id, role_id, is_default, show_title, permit_self_registration, permit_metadata_edit) FROM stdin;
1	0	1	1	0	0	0
2	1	16	1	0	0	1
3	1	16	1	0	0	1
4	1	16	1	0	0	1
5	1	17	1	0	0	1
6	1	17	1	0	0	0
7	1	4097	1	0	0	0
8	1	4097	1	0	0	0
9	1	4097	1	0	0	0
10	1	4097	1	0	0	0
11	1	4097	1	0	0	0
12	1	4097	1	0	0	0
13	1	4097	1	0	0	0
14	1	65536	1	0	1	0
15	1	65536	1	0	0	0
16	1	4096	1	0	1	0
17	1	1048576	1	0	1	0
18	1	2097152	1	0	0	0
\.


--
-- Name: user_groups_user_group_id_seq; Type: SEQUENCE SET; Schema: public; Owner: ojs-ci
--

SELECT pg_catalog.setval('public.user_groups_user_group_id_seq', 18, true);


--
-- Data for Name: user_interests; Type: TABLE DATA; Schema: public; Owner: ojs-ci
--

COPY public.user_interests (user_id, controlled_vocab_entry_id) FROM stdin;
\.


--
-- Data for Name: user_settings; Type: TABLE DATA; Schema: public; Owner: ojs-ci
--

COPY public.user_settings (user_id, locale, setting_name, setting_value) FROM stdin;
11	en_US	affiliation	Ghent University
11	fr_CA	affiliation	
11	en_US	biography	
11	fr_CA	biography	
11	en_US	familyName	Fritz
11	fr_CA	familyName	
11	en_US	givenName	Maria
11	fr_CA	givenName	
1	en_US	familyName	admin
1	en_US	givenName	admin
4	en_US	affiliation	University of Chicago
4	fr_CA	affiliation	
4	en_US	biography	
4	fr_CA	biography	
4	en_US	familyName	Buskins
4	fr_CA	familyName	
4	en_US	givenName	David
4	fr_CA	givenName	
4		orcid	
4	en_US	preferredPublicName	
4	fr_CA	preferredPublicName	
4	en_US	signature	
4	fr_CA	signature	
5	en_US	affiliation	University of Toronto
5	fr_CA	affiliation	
5	en_US	biography	
5	fr_CA	biography	
5	en_US	familyName	Berardo
5	fr_CA	familyName	
5	en_US	givenName	Stephanie
5	fr_CA	givenName	
5		orcid	
5	en_US	preferredPublicName	
5	fr_CA	preferredPublicName	
5	en_US	signature	
5	fr_CA	signature	
11		orcid	
11	en_US	preferredPublicName	
11	fr_CA	preferredPublicName	
11	en_US	signature	
2	fr_CA	biography	
2	en_US	familyName	Vaca
2	fr_CA	familyName	
2	en_US	givenName	Ramiro
2	fr_CA	givenName	
2		orcid	
2	en_US	preferredPublicName	
2	fr_CA	preferredPublicName	
2	en_US	signature	
2	fr_CA	signature	
3	en_US	familyName	Barnes
2	fr_CA	affiliation	
2	en_US	biography	
3	fr_CA	givenName	
3	en_US	signature	
3	fr_CA	preferredPublicName	
3	en_US	givenName	Daniel
8	en_US	affiliation	McGill University
3	fr_CA	affiliation	
3	en_US	biography	
7	en_US	affiliation	Utrecht University
6	en_US	affiliation	Kyoto University
9	fr_CA	affiliation	
3	fr_CA	signature	
6	fr_CA	affiliation	
6	en_US	biography	
6	fr_CA	biography	
6	en_US	familyName	Inoue
6	fr_CA	familyName	
6	en_US	givenName	Minoti
6	fr_CA	givenName	
6		orcid	
6	en_US	preferredPublicName	
6	fr_CA	preferredPublicName	
6	en_US	signature	
6	fr_CA	signature	
8	fr_CA	affiliation	
8	en_US	biography	
8	fr_CA	biography	
8	en_US	familyName	Hudson
8	fr_CA	familyName	
8	en_US	givenName	Paul
8	fr_CA	givenName	
8		orcid	
8	en_US	preferredPublicName	
8	fr_CA	preferredPublicName	
8	en_US	signature	
8	fr_CA	signature	
3		orcid	
9	en_US	biography	
9	fr_CA	biography	
9	en_US	familyName	McCrae
9	fr_CA	familyName	
9	en_US	givenName	Aisla
9	fr_CA	givenName	
9		orcid	
9	fr_CA	preferredPublicName	
9	en_US	signature	
9	fr_CA	signature	
10	en_US	affiliation	State University of New York
10	fr_CA	affiliation	
10	en_US	biography	
10	fr_CA	biography	
10	en_US	familyName	Gallego
10	fr_CA	familyName	
10	en_US	givenName	Adela
10	fr_CA	givenName	
10		orcid	
10	en_US	preferredPublicName	
10	fr_CA	preferredPublicName	
10	en_US	signature	
10	fr_CA	signature	
3	fr_CA	familyName	
7	fr_CA	affiliation	
7	en_US	biography	
7	fr_CA	biography	
7	en_US	familyName	Janssen
7	fr_CA	familyName	
7	en_US	givenName	Julie
7	fr_CA	givenName	
7		orcid	
7	en_US	preferredPublicName	
7	fr_CA	preferredPublicName	
7	en_US	signature	
7	fr_CA	signature	
11	fr_CA	signature	
12	en_US	affiliation	Universidad de Chile
12	fr_CA	affiliation	
12	en_US	biography	
12	fr_CA	biography	
12	en_US	familyName	Vogt
12	fr_CA	familyName	
12	en_US	givenName	Sarah
12	fr_CA	givenName	
12		orcid	
12	en_US	preferredPublicName	
12	fr_CA	preferredPublicName	
12	en_US	signature	
12	fr_CA	signature	
13	en_US	affiliation	Duke University
13	fr_CA	affiliation	
13	en_US	biography	
13	fr_CA	biography	
13	en_US	familyName	Cox
13	fr_CA	familyName	
13	en_US	givenName	Graham
13	fr_CA	givenName	
13		orcid	
13	en_US	preferredPublicName	
13	fr_CA	preferredPublicName	
13	en_US	signature	
13	fr_CA	signature	
14	en_US	affiliation	University of Cape Town
14	fr_CA	affiliation	
14	en_US	biography	
14	fr_CA	biography	
14	en_US	familyName	Hellier
14	fr_CA	familyName	
14	en_US	givenName	Stephen
14	fr_CA	givenName	
14		orcid	
14	en_US	preferredPublicName	
14	fr_CA	preferredPublicName	
14	en_US	signature	
14	fr_CA	signature	
15	en_US	affiliation	Imperial College London
15	fr_CA	affiliation	
15	en_US	biography	
15	fr_CA	biography	
15	en_US	familyName	Turner
15	fr_CA	familyName	
15	en_US	givenName	Catherine
15	fr_CA	givenName	
15		orcid	
15	en_US	preferredPublicName	
15	fr_CA	preferredPublicName	
15	en_US	signature	
15	fr_CA	signature	
16	en_US	affiliation	National University of Singapore
16	fr_CA	affiliation	
16	en_US	biography	
16	fr_CA	biography	
16	en_US	familyName	Kumar
16	fr_CA	familyName	
16	en_US	givenName	Sabine
16	fr_CA	givenName	
16		orcid	
16	en_US	preferredPublicName	
16	fr_CA	preferredPublicName	
16	en_US	signature	
16	fr_CA	signature	
20	en_US	familyName	Montgomerie
2	en_US	affiliation	Universidad Nacional Autnoma de Mxico
20	en_US	givenName	Craig
21	en_US	affiliation	Alexandria University
21	en_US	familyName	Diouf
21	en_US	givenName	Diaga
24	en_US	givenName	Elinor
17	en_US	affiliation	University of Cape Town
17	en_US	familyName	Mwandenga
17	en_US	givenName	Alan
22	en_US	affiliation	University of Toronto
22	en_US	familyName	Phillips
22	en_US	givenName	Dana
18	en_US	affiliation	University of Bologna
18	en_US	familyName	Corino
18	en_US	givenName	Carlo
19	en_US	affiliation	University of Windsor
19	en_US	familyName	Kwantes
19	en_US	givenName	Catherine
25	en_US	affiliation	University of Rome
25	en_US	familyName	Paglieri
20	en_US	affiliation	University of Alberta
23	en_US	affiliation	University College Cork
23	en_US	familyName	Sokoloff
23	en_US	givenName	Domatilia
27	en_US	affiliation	Stanford University
27	en_US	familyName	Al-Khafaji
24	en_US	affiliation	Indiana University
24	en_US	familyName	Ostrom
25	en_US	givenName	Fabio
27	en_US	givenName	Karim
26	en_US	affiliation	Aalborg University
26	en_US	familyName	Novak
26	en_US	givenName	John
29	en_US	affiliation	University of Cape Town
29	en_US	familyName	Kumiega
28	en_US	affiliation	Australian National University
28	en_US	familyName	Christopher
28	en_US	givenName	Leo
9	en_US	affiliation	University of Manitoba
29	en_US	givenName	Lise
9	en_US	preferredPublicName	
3	en_US	preferredPublicName	
30	en_US	affiliation	University of Wolverhampton
30	en_US	familyName	Daniel
30	en_US	givenName	Patricia
31	en_US	affiliation	University of Nairobi
31	en_US	familyName	Baiyewu
31	en_US	givenName	Rana
3	fr_CA	biography	
32	en_US	affiliation	Barcelona University
32	en_US	familyName	Rossi
32	en_US	givenName	Rosanna
3	en_US	affiliation	University of Melbourne
33	en_US	affiliation	University of Tehran
33	en_US	familyName	Karbasizaed
33	en_US	givenName	Vajiheh
34	en_US	affiliation	University of Windsor
34	en_US	familyName	Williamson
34	en_US	givenName	Valerie
35	en_US	affiliation	CUNY
35	en_US	familyName	Woods
35	en_US	givenName	Zita
\.


--
-- Data for Name: user_user_groups; Type: TABLE DATA; Schema: public; Owner: ojs-ci
--

COPY public.user_user_groups (user_group_id, user_id) FROM stdin;
1	1
2	1
2	2
3	3
5	4
5	5
5	6
16	7
16	8
16	9
16	10
7	11
7	12
11	13
11	14
13	15
13	16
17	17
14	17
17	18
14	18
17	19
14	19
17	20
14	20
17	21
14	21
17	22
14	22
17	23
14	23
17	24
14	24
17	25
14	25
17	26
14	26
17	27
14	27
17	28
14	28
17	29
14	29
17	30
14	30
17	31
14	31
17	32
14	32
17	33
14	33
17	34
14	34
17	35
14	35
\.


--
-- Data for Name: users; Type: TABLE DATA; Schema: public; Owner: ojs-ci
--

COPY public.users (user_id, username, password, email, url, phone, mailing_address, billing_address, country, locales, gossip, date_last_email, date_registered, date_validated, date_last_login, must_change_password, auth_id, auth_str, disabled, disabled_reason, inline_help) FROM stdin;
18	ccorino	$2y$10$eFGSBQNs8ara4vE1Wl.fmuijH1o8Dg/4UIWxANXEKJUdWMEPtOtA2	ccorino@mailinator.com	\N	\N	\N	\N	IT	[]	\N	\N	2022-08-08 09:36:37	\N	2022-08-08 09:36:37	\N	\N	\N	0	\N	1
6	minoue	$2y$10$RpbbHtPpA7/rgaXFu/NaOuFEcW4m0GkzH28RxM0X9mpwnU0cTdAXy	minoue@mailinator.com				\N	JP	[]	\N	\N	2022-08-08 09:28:10	\N	2022-08-08 09:37:16	0	0	\N	0	\N	1
26	jnovak	$2y$10$Dg1LEWox8FgKY9fc3PxNfODYTJHU9R//NgC0shfwEgP/snnPomNPO	jnovak@mailinator.com	\N	\N	\N	\N	DK	[]	\N	\N	2022-08-08 09:44:58	\N	2022-08-08 09:44:58	\N	\N	\N	0	\N	1
4	dbuskins	$2y$10$6PxvaQZV8/q88WUfTVnSb.F.A4dMwfDyBL6tc1O4/R6jSYgFNmbRG	dbuskins@mailinator.com				\N	US	[]	\N	\N	2022-08-08 09:27:46	\N	\N	0	0	\N	0	\N	1
5	sberardo	$2y$10$tPl.McDOOeDrkBo2XvC9Cu.YhW79r2EKy9nfc.AoyrGOA9mXamH0C	sberardo@mailinator.com				\N	CA	[]	\N	\N	2022-08-08 09:27:58	\N	\N	0	0	\N	0	\N	1
11	mfritz	$2y$10$zzqiKdeEiAuwuDSSmFCAd.AoutNpd8QqrYhkZf3qvajTLXVmTNBG.	mfritz@mailinator.com				\N	BE	[]	\N	\N	2022-08-08 09:29:25	\N	\N	0	0	\N	0	\N	1
12	svogt	$2y$10$5jh5mQJkriAHlOpytjE8RuNlnxCJ9ikw5nqB71kRtNPNqVDcpuER2	svogt@mailinator.com				\N	CL	[]	\N	\N	2022-08-08 09:29:44	\N	\N	0	0	\N	0	\N	1
13	gcox	$2y$10$.a1RTfuX2Nfgg0eNGIfa4.a0lRgRKYp0k5fCBF6LYjV0/OWkCxP6e	gcox@mailinator.com				\N	US	[]	\N	\N	2022-08-08 09:30:02	\N	\N	0	0	\N	0	\N	1
14	shellier	$2y$10$u4jHBB2OLTo7g5Yjirtvx.paHfoFajpesIJlndFymQgONHlEyG5Cy	shellier@mailinator.com				\N	ZA	[]	\N	\N	2022-08-08 09:30:27	\N	\N	0	0	\N	0	\N	1
15	cturner	$2y$10$ONct4dcVl3Zx.JRnpml4IOBetvvCnN8U3yANLgXZ9L0WkFCwLrFYi	cturner@mailinator.com				\N	GB	[]	\N	\N	2022-08-08 09:30:54	\N	\N	0	0	\N	0	\N	1
16	skumar	$2y$10$UH0yHZ5cSGtYfo.Az2aQKub5nj4vkXNuA17FZ8I.EL90KxUbS8sUi	skumar@mailinator.com				\N	SG	[]	\N	\N	2022-08-08 09:31:22	\N	\N	0	0	\N	0	\N	1
19	ckwantes	$2y$10$YNmVfWSCweXR2ADmr8AVYeDayyfKjpQZkjQAWko/UrYZ8mkl/gw.W	ckwantes@mailinator.com	\N	\N	\N	\N	CA	[]	\N	\N	2022-08-08 09:37:48	\N	2022-08-08 09:37:48	\N	\N	\N	0	\N	1
2	rvaca	$2y$10$TTLi/7sfz7OepWlYescD3O.3HIyGMLRlsfsl22h.cZE4v857rhSzG	rvaca@mailinator.com				\N	MX	[]	\N	\N	2022-08-08 09:27:23	\N	2022-08-08 09:31:40	0	0	\N	0	\N	1
20	cmontgomerie	$2y$10$DyDxHLz2VIpqV7IqZeWBl.HXE/Nfs0o4uOoLaCwN4kAvm3Fiv0PlS	cmontgomerie@mailinator.com	\N	\N	\N	\N	CA	[]	\N	\N	2022-08-08 09:38:52	\N	2022-08-08 09:38:52	\N	\N	\N	0	\N	1
1	admin	$2y$10$ICgAz25jMPnrC2kE18fH9ufCOBf1bvSoHsgYQztW/eVqrni7Crw.q	pkpadmin@mailinator.com	\N	\N	\N	\N	\N	[]	\N	\N	2022-08-08 09:26:03	\N	2022-08-08 09:32:28	\N	\N	\N	0	\N	1
21	ddiouf	$2y$10$kFuu2RSV11GAaNBtoNkwSuhVym0v1WTw8g99NXgtPjHiwR3Gsptba	ddiouf@mailinator.com	\N	\N	\N	\N	EG	[]	\N	\N	2022-08-08 09:39:16	\N	2022-08-08 09:39:16	\N	\N	\N	0	\N	1
30	pdaniel	$2y$10$dmaJ2JdZm1ESB4O25tgeQeNZJsO/i4a0/eq1ieZJr1J5aVb8eRcVS	pdaniel@mailinator.com	\N	\N	\N	\N	GB	[]	\N	\N	2022-08-08 09:49:41	\N	2022-08-08 09:49:41	\N	\N	\N	0	\N	1
22	dphillips	$2y$10$x5g0ike12qkZ1uRZbe1wM.JU92.vdrsoFclEYmolhqXSTL3UYV2X6	dphillips@mailinator.com	\N	\N	\N	\N	CA	[]	\N	\N	2022-08-08 09:40:41	\N	2022-08-08 09:40:41	\N	\N	\N	0	\N	1
17	amwandenga	$2y$10$Yr3btGu7GKfybJcXEmlkbu9ASgewJe4udaj2TWbhoNUlP2PaMlQUa	amwandenga@mailinator.com	\N	\N	\N	\N	ZA	[]	\N	\N	2022-08-08 09:32:44	\N	2022-08-08 09:34:49	\N	\N	\N	0	\N	1
23	dsokoloff	$2y$10$OxZdD32209TOkypYUK5oh.PFtZlQ.k.IK79v.T9yyOEJW2YgKAtzi	dsokoloff@mailinator.com	\N	\N	\N	\N	IE	[]	\N	\N	2022-08-08 09:42:01	\N	2022-08-08 09:42:01	\N	\N	\N	0	\N	1
8	phudson	$2y$10$XXRaV3C2WxVs9apOWMh7/uHfVcHPkg.gJ0BxCDzRBF0Vt5vVNNwVm	phudson@mailinator.com				\N	CA	[]	\N	\N	2022-08-08 09:28:36	\N	2022-08-08 09:42:53	0	0	\N	0	\N	1
27	kalkhafaji	$2y$10$RAMNzNn//C9WNqIzbQ3s3eJwzEJa8A.mNDQkgr4TFo.S5eZNRak32	kalkhafaji@mailinator.com	\N	\N	\N	\N	US	[]	\N	\N	2022-08-08 09:46:16	\N	2022-08-08 09:46:16	\N	\N	\N	0	\N	1
24	eostrom	$2y$10$TZf1z8MqwDU29WrK2p7TNO/f0E2je8eYVzgtTBoIWukoLWCizU0AK	eostrom@mailinator.com	\N	\N	\N	\N	US	[]	\N	\N	2022-08-08 09:43:10	\N	2022-08-08 09:43:10	\N	\N	\N	0	\N	1
25	fpaglieri	$2y$10$qNg1UMqkwAOzGn6PXRHssOhq50oj5WfascihswdTbMDd9v4MclSAW	fpaglieri@mailinator.com	\N	\N	\N	\N	IT	[]	\N	\N	2022-08-08 09:43:32	\N	2022-08-08 09:43:32	\N	\N	\N	0	\N	1
31	rbaiyewu	$2y$10$tarmW2KFFOVB1EIielwHK.dBlaP8lXJ9NkM9c.mXZ7V7vjbd3lb/O	rbaiyewu@mailinator.com	\N	\N	\N	\N	KE	[]	\N	\N	2022-08-08 09:49:59	\N	2022-08-08 09:49:59	\N	\N	\N	0	\N	1
28	lchristopher	$2y$10$XeYGksaDoexDliAqfmbuweeWCUmalgC8RgFe6tWGuLafMuuDzq.Aa	lchristopher@mailinator.com	\N	\N	\N	\N	AU	[]	\N	\N	2022-08-08 09:46:37	\N	2022-08-08 09:46:37	\N	\N	\N	0	\N	1
3	dbarnes	$2y$10$xN8NWZ0oAfGGgQz5DJyXweFyKUMJAwWE82lhUgTNsp2qxQpb7gXge	dbarnes@mailinator.com				\N	AU	[]	\N	\N	2022-08-08 09:27:34	\N	2022-08-08 09:55:55	0	0	\N	0	\N	1
29	lkumiega	$2y$10$.nTdZc5ZnK.QbMoAvPiYYuwZ3UEX3Hnb53rZ1Aw8ojQAkJnT4d.RS	lkumiega@mailinator.com	\N	\N	\N	\N	ZA	[]	\N	\N	2022-08-08 09:47:30	\N	2022-08-08 09:47:30	\N	\N	\N	0	\N	1
7	jjanssen	$2y$10$twMaY4b/qfR.9qqD7kqHoeGjgcl4YQxmWIYCK4ZS.KH.Rt2b8iMzW	jjanssen@mailinator.com				\N	NL	[]	\N	\N	2022-08-08 09:28:22	\N	2022-08-08 09:48:28	0	0	\N	0	\N	1
9	amccrae	$2y$10$M1A.Vf9qd8p/xz03jO546uBKtV0shemgnUvqWvCfQ6FRivX6LItRi	amccrae@mailinator.com				\N	CA	[]	\N	\N	2022-08-08 09:28:51	\N	2022-08-08 09:48:41	0	0	\N	0	\N	1
10	agallego	$2y$10$XDRryoarKxxPsPR8U3WfIeKidX8OdbaklfOEt3chzwOh07aIQmfk2	agallego@mailinator.com				\N	US	[]	\N	\N	2022-08-08 09:29:08	\N	2022-08-08 09:48:55	0	0	\N	0	\N	1
32	rrossi	$2y$10$yKNLn3lKPtCEY0WJKc8ZjOrOqK0hndfB/OqjkJdm6hM7iTtEtVIM.	rrossi@mailinator.com	\N	\N	\N	\N	ES	[]	\N	\N	2022-08-08 09:51:23	\N	2022-08-08 09:51:23	\N	\N	\N	0	\N	1
33	vkarbasizaed	$2y$10$pQ3v3mLx.rOxx4Ux6dNlYOanKBCo69TS62d7CKvffA6PEFlCQMgNa	vkarbasizaed@mailinator.com	\N	\N	\N	\N	IR	[]	\N	\N	2022-08-08 09:51:41	\N	2022-08-08 09:51:42	\N	\N	\N	0	\N	1
34	vwilliamson	$2y$10$SBEgZyqEJ.vBAFL60a/kDO7LxCMlwEfuot9cyDZu1vboWwIuTE2ze	vwilliamson@mailinator.com	\N	\N	\N	\N	CA	[]	\N	\N	2022-08-08 09:55:03	\N	2022-08-08 09:55:03	\N	\N	\N	0	\N	1
35	zwoods	$2y$10$XOgtvheGjcyFUErS0v/ws.RTulw24bezPEB.K4YNiXxNM8ZJhoPSm	zwoods@mailinator.com	\N	\N	\N	\N	US	[]	\N	\N	2022-08-08 09:55:42	\N	2022-08-08 09:55:42	\N	\N	\N	0	\N	1
\.


--
-- Name: users_user_id_seq; Type: SEQUENCE SET; Schema: public; Owner: ojs-ci
--

SELECT pg_catalog.setval('public.users_user_id_seq', 35, true);


--
-- Data for Name: versions; Type: TABLE DATA; Schema: public; Owner: ojs-ci
--

COPY public.versions (major, minor, revision, build, date_installed, current, product_type, product, product_class_name, lazy_load, sitewide) FROM stdin;
1	0	0	0	2022-08-08 09:26:03	1	plugins.auth	ldap		0	0
1	0	0	0	2022-08-08 09:26:03	1	plugins.blocks	developedBy	DevelopedByBlockPlugin	1	0
1	1	0	0	2022-08-08 09:26:03	1	plugins.blocks	subscription	SubscriptionBlockPlugin	1	0
1	0	0	0	2022-08-08 09:26:03	1	plugins.blocks	languageToggle	LanguageToggleBlockPlugin	1	0
1	0	0	0	2022-08-08 09:26:03	1	plugins.blocks	makeSubmission	MakeSubmissionBlockPlugin	1	0
1	0	0	0	2022-08-08 09:26:03	1	plugins.blocks	information	InformationBlockPlugin	1	0
1	0	1	0	2022-08-08 09:26:03	1	plugins.blocks	browse	BrowseBlockPlugin	1	0
1	0	0	0	2022-08-08 09:26:03	1	plugins.gateways	resolver		0	0
1	0	0	0	2022-08-08 09:26:03	1	plugins.generic	announcementFeed	AnnouncementFeedPlugin	1	0
1	0	1	0	2022-08-08 09:26:03	1	plugins.generic	pdfJsViewer	PdfJsViewerPlugin	1	0
1	2	0	0	2022-08-08 09:26:03	1	plugins.generic	orcidProfile	OrcidProfilePlugin	1	0
1	0	0	1	2022-08-08 09:26:03	1	plugins.generic	recommendByAuthor	RecommendByAuthorPlugin	1	1
1	0	0	0	2022-08-08 09:26:03	1	plugins.generic	googleAnalytics	GoogleAnalyticsPlugin	1	0
1	2	0	0	2022-08-08 09:26:03	1	plugins.generic	customBlockManager	CustomBlockManagerPlugin	1	0
1	0	0	0	2022-08-08 09:26:03	1	plugins.generic	webFeed	WebFeedPlugin	1	0
1	0	0	0	2022-08-08 09:26:03	1	plugins.generic	dublinCoreMeta	DublinCoreMetaPlugin	1	0
1	2	0	0	2022-08-08 09:26:03	1	plugins.generic	staticPages	StaticPagesPlugin	1	0
1	1	0	0	2022-08-08 09:26:03	1	plugins.generic	googleScholar	GoogleScholarPlugin	1	0
1	0	0	0	2022-08-08 09:26:03	1	plugins.generic	usageEvent		0	0
1	0	0	0	2022-08-08 09:26:03	1	plugins.generic	htmlArticleGalley	HtmlArticleGalleyPlugin	1	0
1	3	0	0	2022-08-08 09:26:03	1	plugins.generic	acron	AcronPlugin	1	1
0	1	0	0	2022-08-08 09:26:03	1	plugins.generic	citationStyleLanguage	CitationStyleLanguagePlugin	1	0
1	0	0	0	2022-08-08 09:26:03	1	plugins.generic	tinymce	TinyMCEPlugin	1	0
2	0	0	0	2022-08-08 09:26:03	1	plugins.generic	datacite		0	0
1	0	1	0	2022-08-08 09:26:03	1	plugins.generic	lensGalley	LensGalleyPlugin	1	0
3	0	0	0	2022-08-08 09:26:03	1	plugins.generic	crossref		0	0
1	0	0	0	2022-08-08 09:26:03	1	plugins.generic	recommendBySimilarity	RecommendBySimilarityPlugin	1	1
1	0	0	0	2022-08-08 09:26:03	1	plugins.generic	driver	DRIVERPlugin	1	0
1	0	0	0	2022-08-08 09:26:03	1	plugins.importexport	native		0	0
1	0	0	0	2022-08-08 09:26:03	1	plugins.importexport	pubmed		0	0
1	0	0	0	2022-08-08 09:26:03	1	plugins.importexport	users		0	0
1	0	0	0	2022-08-08 09:26:03	1	plugins.oaiMetadataFormats	dc		0	0
1	0	0	0	2022-08-08 09:26:03	1	plugins.oaiMetadataFormats	marcxml		0	0
1	0	0	0	2022-08-08 09:26:03	1	plugins.oaiMetadataFormats	marc		0	0
1	0	0	0	2022-08-08 09:26:03	1	plugins.oaiMetadataFormats	rfc1807		0	0
1	0	0	0	2022-08-08 09:26:03	1	plugins.paymethod	paypal		0	0
1	0	0	0	2022-08-08 09:26:03	1	plugins.paymethod	manual		0	0
1	0	0	0	2022-08-08 09:26:03	1	plugins.pubIds	urn	URNPubIdPlugin	1	0
1	0	0	0	2022-08-08 09:26:03	1	plugins.reports	subscriptions		0	0
2	0	0	0	2022-08-08 09:26:03	1	plugins.reports	reviewReport		0	0
1	0	0	0	2022-08-08 09:26:03	1	plugins.reports	articles		0	0
1	0	0	0	2022-08-08 09:26:03	1	plugins.themes	default	DefaultThemePlugin	1	0
3	4	0	0	2022-08-08 09:26:02	1	core	ojs2		0	1
1	1	0	0	2022-08-08 09:26:23	1	plugins.importexport	doaj		0	0
1	1	0	0	2022-08-08 09:26:03	1	plugins.reports	counterReport		0	0
\.


--
-- Name: access_keys_pkey; Type: CONSTRAINT; Schema: public; Owner: ojs-ci
--

ALTER TABLE ONLY public.access_keys
    ADD CONSTRAINT access_keys_pkey PRIMARY KEY (access_key_id);


--
-- Name: announcement_settings_pkey; Type: CONSTRAINT; Schema: public; Owner: ojs-ci
--

ALTER TABLE ONLY public.announcement_settings
    ADD CONSTRAINT announcement_settings_pkey UNIQUE (announcement_id, locale, setting_name);


--
-- Name: announcement_type_settings_pkey; Type: CONSTRAINT; Schema: public; Owner: ojs-ci
--

ALTER TABLE ONLY public.announcement_type_settings
    ADD CONSTRAINT announcement_type_settings_pkey UNIQUE (type_id, locale, setting_name);


--
-- Name: announcement_types_pkey; Type: CONSTRAINT; Schema: public; Owner: ojs-ci
--

ALTER TABLE ONLY public.announcement_types
    ADD CONSTRAINT announcement_types_pkey PRIMARY KEY (type_id);


--
-- Name: announcements_pkey; Type: CONSTRAINT; Schema: public; Owner: ojs-ci
--

ALTER TABLE ONLY public.announcements
    ADD CONSTRAINT announcements_pkey PRIMARY KEY (announcement_id);


--
-- Name: auth_sources_pkey; Type: CONSTRAINT; Schema: public; Owner: ojs-ci
--

ALTER TABLE ONLY public.auth_sources
    ADD CONSTRAINT auth_sources_pkey PRIMARY KEY (auth_id);


--
-- Name: author_settings_pkey; Type: CONSTRAINT; Schema: public; Owner: ojs-ci
--

ALTER TABLE ONLY public.author_settings
    ADD CONSTRAINT author_settings_pkey UNIQUE (author_id, locale, setting_name);


--
-- Name: authors_pkey; Type: CONSTRAINT; Schema: public; Owner: ojs-ci
--

ALTER TABLE ONLY public.authors
    ADD CONSTRAINT authors_pkey PRIMARY KEY (author_id);


--
-- Name: c_v_e_s_pkey; Type: CONSTRAINT; Schema: public; Owner: ojs-ci
--

ALTER TABLE ONLY public.controlled_vocab_entry_settings
    ADD CONSTRAINT c_v_e_s_pkey UNIQUE (controlled_vocab_entry_id, locale, setting_name);


--
-- Name: categories_pkey; Type: CONSTRAINT; Schema: public; Owner: ojs-ci
--

ALTER TABLE ONLY public.categories
    ADD CONSTRAINT categories_pkey PRIMARY KEY (category_id);


--
-- Name: category_path; Type: CONSTRAINT; Schema: public; Owner: ojs-ci
--

ALTER TABLE ONLY public.categories
    ADD CONSTRAINT category_path UNIQUE (context_id, path);


--
-- Name: category_settings_pkey; Type: CONSTRAINT; Schema: public; Owner: ojs-ci
--

ALTER TABLE ONLY public.category_settings
    ADD CONSTRAINT category_settings_pkey UNIQUE (category_id, locale, setting_name);


--
-- Name: citation_settings_pkey; Type: CONSTRAINT; Schema: public; Owner: ojs-ci
--

ALTER TABLE ONLY public.citation_settings
    ADD CONSTRAINT citation_settings_pkey UNIQUE (citation_id, locale, setting_name);


--
-- Name: citations_pkey; Type: CONSTRAINT; Schema: public; Owner: ojs-ci
--

ALTER TABLE ONLY public.citations
    ADD CONSTRAINT citations_pkey PRIMARY KEY (citation_id);


--
-- Name: citations_publication_seq; Type: CONSTRAINT; Schema: public; Owner: ojs-ci
--

ALTER TABLE ONLY public.citations
    ADD CONSTRAINT citations_publication_seq UNIQUE (publication_id, seq);


--
-- Name: completed_payments_pkey; Type: CONSTRAINT; Schema: public; Owner: ojs-ci
--

ALTER TABLE ONLY public.completed_payments
    ADD CONSTRAINT completed_payments_pkey PRIMARY KEY (completed_payment_id);


--
-- Name: controlled_vocab_entries_pkey; Type: CONSTRAINT; Schema: public; Owner: ojs-ci
--

ALTER TABLE ONLY public.controlled_vocab_entries
    ADD CONSTRAINT controlled_vocab_entries_pkey PRIMARY KEY (controlled_vocab_entry_id);


--
-- Name: controlled_vocab_symbolic; Type: CONSTRAINT; Schema: public; Owner: ojs-ci
--

ALTER TABLE ONLY public.controlled_vocabs
    ADD CONSTRAINT controlled_vocab_symbolic UNIQUE (symbolic, assoc_type, assoc_id);


--
-- Name: controlled_vocabs_pkey; Type: CONSTRAINT; Schema: public; Owner: ojs-ci
--

ALTER TABLE ONLY public.controlled_vocabs
    ADD CONSTRAINT controlled_vocabs_pkey PRIMARY KEY (controlled_vocab_id);


--
-- Name: custom_issue_orders_pkey; Type: CONSTRAINT; Schema: public; Owner: ojs-ci
--

ALTER TABLE ONLY public.custom_issue_orders
    ADD CONSTRAINT custom_issue_orders_pkey UNIQUE (issue_id);


--
-- Name: custom_section_orders_pkey; Type: CONSTRAINT; Schema: public; Owner: ojs-ci
--

ALTER TABLE ONLY public.custom_section_orders
    ADD CONSTRAINT custom_section_orders_pkey UNIQUE (issue_id, section_id);


--
-- Name: data_object_tombstone_oai_set_objects_pkey; Type: CONSTRAINT; Schema: public; Owner: ojs-ci
--

ALTER TABLE ONLY public.data_object_tombstone_oai_set_objects
    ADD CONSTRAINT data_object_tombstone_oai_set_objects_pkey PRIMARY KEY (object_id);


--
-- Name: data_object_tombstone_settings_pkey; Type: CONSTRAINT; Schema: public; Owner: ojs-ci
--

ALTER TABLE ONLY public.data_object_tombstone_settings
    ADD CONSTRAINT data_object_tombstone_settings_pkey UNIQUE (tombstone_id, locale, setting_name);


--
-- Name: data_object_tombstones_pkey; Type: CONSTRAINT; Schema: public; Owner: ojs-ci
--

ALTER TABLE ONLY public.data_object_tombstones
    ADD CONSTRAINT data_object_tombstones_pkey PRIMARY KEY (tombstone_id);


--
-- Name: doi_settings_pkey; Type: CONSTRAINT; Schema: public; Owner: ojs-ci
--

ALTER TABLE ONLY public.doi_settings
    ADD CONSTRAINT doi_settings_pkey UNIQUE (doi_id, locale, setting_name);


--
-- Name: dois_pkey; Type: CONSTRAINT; Schema: public; Owner: ojs-ci
--

ALTER TABLE ONLY public.dois
    ADD CONSTRAINT dois_pkey PRIMARY KEY (doi_id);


--
-- Name: edit_decisions_pkey; Type: CONSTRAINT; Schema: public; Owner: ojs-ci
--

ALTER TABLE ONLY public.edit_decisions
    ADD CONSTRAINT edit_decisions_pkey PRIMARY KEY (edit_decision_id);


--
-- Name: email_log_pkey; Type: CONSTRAINT; Schema: public; Owner: ojs-ci
--

ALTER TABLE ONLY public.email_log
    ADD CONSTRAINT email_log_pkey PRIMARY KEY (log_id);


--
-- Name: email_log_user_id; Type: CONSTRAINT; Schema: public; Owner: ojs-ci
--

ALTER TABLE ONLY public.email_log_users
    ADD CONSTRAINT email_log_user_id UNIQUE (email_log_id, user_id);


--
-- Name: email_settings_pkey; Type: CONSTRAINT; Schema: public; Owner: ojs-ci
--

ALTER TABLE ONLY public.email_templates_settings
    ADD CONSTRAINT email_settings_pkey UNIQUE (email_id, locale, setting_name);


--
-- Name: email_templates_default_data_pkey; Type: CONSTRAINT; Schema: public; Owner: ojs-ci
--

ALTER TABLE ONLY public.email_templates_default_data
    ADD CONSTRAINT email_templates_default_data_pkey UNIQUE (email_key, locale);


--
-- Name: email_templates_default_pkey; Type: CONSTRAINT; Schema: public; Owner: ojs-ci
--

ALTER TABLE ONLY public.email_templates_default
    ADD CONSTRAINT email_templates_default_pkey PRIMARY KEY (email_id);


--
-- Name: email_templates_email_key; Type: CONSTRAINT; Schema: public; Owner: ojs-ci
--

ALTER TABLE ONLY public.email_templates
    ADD CONSTRAINT email_templates_email_key UNIQUE (email_key, context_id);


--
-- Name: email_templates_pkey; Type: CONSTRAINT; Schema: public; Owner: ojs-ci
--

ALTER TABLE ONLY public.email_templates
    ADD CONSTRAINT email_templates_pkey PRIMARY KEY (email_id);


--
-- Name: event_log_pkey; Type: CONSTRAINT; Schema: public; Owner: ojs-ci
--

ALTER TABLE ONLY public.event_log
    ADD CONSTRAINT event_log_pkey PRIMARY KEY (log_id);


--
-- Name: event_log_settings_pkey; Type: CONSTRAINT; Schema: public; Owner: ojs-ci
--

ALTER TABLE ONLY public.event_log_settings
    ADD CONSTRAINT event_log_settings_pkey UNIQUE (log_id, setting_name);


--
-- Name: failed_jobs_pkey; Type: CONSTRAINT; Schema: public; Owner: ojs-ci
--

ALTER TABLE ONLY public.failed_jobs
    ADD CONSTRAINT failed_jobs_pkey PRIMARY KEY (id);


--
-- Name: files_pkey; Type: CONSTRAINT; Schema: public; Owner: ojs-ci
--

ALTER TABLE ONLY public.files
    ADD CONSTRAINT files_pkey PRIMARY KEY (file_id);


--
-- Name: filter_groups_pkey; Type: CONSTRAINT; Schema: public; Owner: ojs-ci
--

ALTER TABLE ONLY public.filter_groups
    ADD CONSTRAINT filter_groups_pkey PRIMARY KEY (filter_group_id);


--
-- Name: filter_groups_symbolic; Type: CONSTRAINT; Schema: public; Owner: ojs-ci
--

ALTER TABLE ONLY public.filter_groups
    ADD CONSTRAINT filter_groups_symbolic UNIQUE (symbolic);


--
-- Name: filter_settings_pkey; Type: CONSTRAINT; Schema: public; Owner: ojs-ci
--

ALTER TABLE ONLY public.filter_settings
    ADD CONSTRAINT filter_settings_pkey UNIQUE (filter_id, locale, setting_name);


--
-- Name: filters_pkey; Type: CONSTRAINT; Schema: public; Owner: ojs-ci
--

ALTER TABLE ONLY public.filters
    ADD CONSTRAINT filters_pkey PRIMARY KEY (filter_id);


--
-- Name: genre_settings_pkey; Type: CONSTRAINT; Schema: public; Owner: ojs-ci
--

ALTER TABLE ONLY public.genre_settings
    ADD CONSTRAINT genre_settings_pkey UNIQUE (genre_id, locale, setting_name);


--
-- Name: genres_pkey; Type: CONSTRAINT; Schema: public; Owner: ojs-ci
--

ALTER TABLE ONLY public.genres
    ADD CONSTRAINT genres_pkey PRIMARY KEY (genre_id);


--
-- Name: institution_ip_pkey; Type: CONSTRAINT; Schema: public; Owner: ojs-ci
--

ALTER TABLE ONLY public.institution_ip
    ADD CONSTRAINT institution_ip_pkey PRIMARY KEY (institution_ip_id);


--
-- Name: institution_settings_pkey; Type: CONSTRAINT; Schema: public; Owner: ojs-ci
--

ALTER TABLE ONLY public.institution_settings
    ADD CONSTRAINT institution_settings_pkey UNIQUE (institution_id, locale, setting_name);


--
-- Name: institutional_subscriptions_pkey; Type: CONSTRAINT; Schema: public; Owner: ojs-ci
--

ALTER TABLE ONLY public.institutional_subscriptions
    ADD CONSTRAINT institutional_subscriptions_pkey PRIMARY KEY (institutional_subscription_id);


--
-- Name: institutions_pkey; Type: CONSTRAINT; Schema: public; Owner: ojs-ci
--

ALTER TABLE ONLY public.institutions
    ADD CONSTRAINT institutions_pkey PRIMARY KEY (institution_id);


--
-- Name: issue_files_pkey; Type: CONSTRAINT; Schema: public; Owner: ojs-ci
--

ALTER TABLE ONLY public.issue_files
    ADD CONSTRAINT issue_files_pkey PRIMARY KEY (file_id);


--
-- Name: issue_galley_settings_pkey; Type: CONSTRAINT; Schema: public; Owner: ojs-ci
--

ALTER TABLE ONLY public.issue_galley_settings
    ADD CONSTRAINT issue_galley_settings_pkey UNIQUE (galley_id, locale, setting_name);


--
-- Name: issue_galleys_pkey; Type: CONSTRAINT; Schema: public; Owner: ojs-ci
--

ALTER TABLE ONLY public.issue_galleys
    ADD CONSTRAINT issue_galleys_pkey PRIMARY KEY (galley_id);


--
-- Name: issue_settings_pkey; Type: CONSTRAINT; Schema: public; Owner: ojs-ci
--

ALTER TABLE ONLY public.issue_settings
    ADD CONSTRAINT issue_settings_pkey UNIQUE (issue_id, locale, setting_name);


--
-- Name: issues_pkey; Type: CONSTRAINT; Schema: public; Owner: ojs-ci
--

ALTER TABLE ONLY public.issues
    ADD CONSTRAINT issues_pkey PRIMARY KEY (issue_id);


--
-- Name: item_views_pkey; Type: CONSTRAINT; Schema: public; Owner: ojs-ci
--

ALTER TABLE ONLY public.item_views
    ADD CONSTRAINT item_views_pkey UNIQUE (assoc_type, assoc_id, user_id);


--
-- Name: jobs_pkey; Type: CONSTRAINT; Schema: public; Owner: ojs-ci
--

ALTER TABLE ONLY public.jobs
    ADD CONSTRAINT jobs_pkey PRIMARY KEY (id);


--
-- Name: journal_settings_pkey; Type: CONSTRAINT; Schema: public; Owner: ojs-ci
--

ALTER TABLE ONLY public.journal_settings
    ADD CONSTRAINT journal_settings_pkey UNIQUE (journal_id, locale, setting_name);


--
-- Name: journals_path; Type: CONSTRAINT; Schema: public; Owner: ojs-ci
--

ALTER TABLE ONLY public.journals
    ADD CONSTRAINT journals_path UNIQUE (path);


--
-- Name: journals_pkey; Type: CONSTRAINT; Schema: public; Owner: ojs-ci
--

ALTER TABLE ONLY public.journals
    ADD CONSTRAINT journals_pkey PRIMARY KEY (journal_id);


--
-- Name: library_file_settings_pkey; Type: CONSTRAINT; Schema: public; Owner: ojs-ci
--

ALTER TABLE ONLY public.library_file_settings
    ADD CONSTRAINT library_file_settings_pkey UNIQUE (file_id, locale, setting_name);


--
-- Name: library_files_pkey; Type: CONSTRAINT; Schema: public; Owner: ojs-ci
--

ALTER TABLE ONLY public.library_files
    ADD CONSTRAINT library_files_pkey PRIMARY KEY (file_id);


--
-- Name: mailable_templates_pkey; Type: CONSTRAINT; Schema: public; Owner: ojs-ci
--

ALTER TABLE ONLY public.mailable_templates
    ADD CONSTRAINT mailable_templates_pkey PRIMARY KEY (email_id, mailable_id);


--
-- Name: metadata_descriptions_pkey; Type: CONSTRAINT; Schema: public; Owner: ojs-ci
--

ALTER TABLE ONLY public.metadata_descriptions
    ADD CONSTRAINT metadata_descriptions_pkey PRIMARY KEY (metadata_description_id);


--
-- Name: metadata_descripton_settings_pkey; Type: CONSTRAINT; Schema: public; Owner: ojs-ci
--

ALTER TABLE ONLY public.metadata_description_settings
    ADD CONSTRAINT metadata_descripton_settings_pkey UNIQUE (metadata_description_id, locale, setting_name);


--
-- Name: msd_uc_load_id_context_id_submission_id_date; Type: CONSTRAINT; Schema: public; Owner: ojs-ci
--

ALTER TABLE ONLY public.metrics_counter_submission_daily
    ADD CONSTRAINT msd_uc_load_id_context_id_submission_id_date UNIQUE (load_id, context_id, submission_id, date);


--
-- Name: msgd_uc_load_context_submission_c_r_c_date; Type: CONSTRAINT; Schema: public; Owner: ojs-ci
--

ALTER TABLE ONLY public.metrics_submission_geo_daily
    ADD CONSTRAINT msgd_uc_load_context_submission_c_r_c_date UNIQUE (load_id, context_id, submission_id, country, region, city, date);


--
-- Name: msgm_uc_context_submission_c_r_c_month; Type: CONSTRAINT; Schema: public; Owner: ojs-ci
--

ALTER TABLE ONLY public.metrics_submission_geo_monthly
    ADD CONSTRAINT msgm_uc_context_submission_c_r_c_month UNIQUE (context_id, submission_id, country, region, city, month);


--
-- Name: msid_uc_load_id_context_id_submission_id_institution_id_date; Type: CONSTRAINT; Schema: public; Owner: ojs-ci
--

ALTER TABLE ONLY public.metrics_counter_submission_institution_daily
    ADD CONSTRAINT msid_uc_load_id_context_id_submission_id_institution_id_date UNIQUE (load_id, context_id, submission_id, institution_id, date);


--
-- Name: msim_uc_context_id_submission_id_institution_id_month; Type: CONSTRAINT; Schema: public; Owner: ojs-ci
--

ALTER TABLE ONLY public.metrics_counter_submission_institution_monthly
    ADD CONSTRAINT msim_uc_context_id_submission_id_institution_id_month UNIQUE (context_id, submission_id, institution_id, month);


--
-- Name: msm_uc_context_id_submission_id_month; Type: CONSTRAINT; Schema: public; Owner: ojs-ci
--

ALTER TABLE ONLY public.metrics_counter_submission_monthly
    ADD CONSTRAINT msm_uc_context_id_submission_id_month UNIQUE (context_id, submission_id, month);


--
-- Name: navigation_menu_item_assignment_settings_pkey; Type: CONSTRAINT; Schema: public; Owner: ojs-ci
--

ALTER TABLE ONLY public.navigation_menu_item_assignment_settings
    ADD CONSTRAINT navigation_menu_item_assignment_settings_pkey UNIQUE (navigation_menu_item_assignment_id, locale, setting_name);


--
-- Name: navigation_menu_item_assignments_pkey; Type: CONSTRAINT; Schema: public; Owner: ojs-ci
--

ALTER TABLE ONLY public.navigation_menu_item_assignments
    ADD CONSTRAINT navigation_menu_item_assignments_pkey PRIMARY KEY (navigation_menu_item_assignment_id);


--
-- Name: navigation_menu_item_settings_pkey; Type: CONSTRAINT; Schema: public; Owner: ojs-ci
--

ALTER TABLE ONLY public.navigation_menu_item_settings
    ADD CONSTRAINT navigation_menu_item_settings_pkey UNIQUE (navigation_menu_item_id, locale, setting_name);


--
-- Name: navigation_menu_items_pkey; Type: CONSTRAINT; Schema: public; Owner: ojs-ci
--

ALTER TABLE ONLY public.navigation_menu_items
    ADD CONSTRAINT navigation_menu_items_pkey PRIMARY KEY (navigation_menu_item_id);


--
-- Name: navigation_menus_pkey; Type: CONSTRAINT; Schema: public; Owner: ojs-ci
--

ALTER TABLE ONLY public.navigation_menus
    ADD CONSTRAINT navigation_menus_pkey PRIMARY KEY (navigation_menu_id);


--
-- Name: notes_pkey; Type: CONSTRAINT; Schema: public; Owner: ojs-ci
--

ALTER TABLE ONLY public.notes
    ADD CONSTRAINT notes_pkey PRIMARY KEY (note_id);


--
-- Name: notification_mail_list_email_context; Type: CONSTRAINT; Schema: public; Owner: ojs-ci
--

ALTER TABLE ONLY public.notification_mail_list
    ADD CONSTRAINT notification_mail_list_email_context UNIQUE (email, context);


--
-- Name: notification_mail_list_pkey; Type: CONSTRAINT; Schema: public; Owner: ojs-ci
--

ALTER TABLE ONLY public.notification_mail_list
    ADD CONSTRAINT notification_mail_list_pkey PRIMARY KEY (notification_mail_list_id);


--
-- Name: notification_settings_pkey; Type: CONSTRAINT; Schema: public; Owner: ojs-ci
--

ALTER TABLE ONLY public.notification_settings
    ADD CONSTRAINT notification_settings_pkey UNIQUE (notification_id, locale, setting_name);


--
-- Name: notification_subscription_settings_pkey; Type: CONSTRAINT; Schema: public; Owner: ojs-ci
--

ALTER TABLE ONLY public.notification_subscription_settings
    ADD CONSTRAINT notification_subscription_settings_pkey PRIMARY KEY (setting_id);


--
-- Name: notifications_pkey; Type: CONSTRAINT; Schema: public; Owner: ojs-ci
--

ALTER TABLE ONLY public.notifications
    ADD CONSTRAINT notifications_pkey PRIMARY KEY (notification_id);


--
-- Name: oai_resumption_tokens_pkey; Type: CONSTRAINT; Schema: public; Owner: ojs-ci
--

ALTER TABLE ONLY public.oai_resumption_tokens
    ADD CONSTRAINT oai_resumption_tokens_pkey UNIQUE (token);


--
-- Name: plugin_settings_pkey; Type: CONSTRAINT; Schema: public; Owner: ojs-ci
--

ALTER TABLE ONLY public.plugin_settings
    ADD CONSTRAINT plugin_settings_pkey UNIQUE (plugin_name, context_id, setting_name);


--
-- Name: publication_categories_id; Type: CONSTRAINT; Schema: public; Owner: ojs-ci
--

ALTER TABLE ONLY public.publication_categories
    ADD CONSTRAINT publication_categories_id UNIQUE (publication_id, category_id);


--
-- Name: publication_galley_settings_pkey; Type: CONSTRAINT; Schema: public; Owner: ojs-ci
--

ALTER TABLE ONLY public.publication_galley_settings
    ADD CONSTRAINT publication_galley_settings_pkey UNIQUE (galley_id, locale, setting_name);


--
-- Name: publication_galleys_pkey; Type: CONSTRAINT; Schema: public; Owner: ojs-ci
--

ALTER TABLE ONLY public.publication_galleys
    ADD CONSTRAINT publication_galleys_pkey PRIMARY KEY (galley_id);


--
-- Name: publication_settings_pkey; Type: CONSTRAINT; Schema: public; Owner: ojs-ci
--

ALTER TABLE ONLY public.publication_settings
    ADD CONSTRAINT publication_settings_pkey UNIQUE (publication_id, locale, setting_name);


--
-- Name: publications_pkey; Type: CONSTRAINT; Schema: public; Owner: ojs-ci
--

ALTER TABLE ONLY public.publications
    ADD CONSTRAINT publications_pkey PRIMARY KEY (publication_id);


--
-- Name: queries_pkey; Type: CONSTRAINT; Schema: public; Owner: ojs-ci
--

ALTER TABLE ONLY public.queries
    ADD CONSTRAINT queries_pkey PRIMARY KEY (query_id);


--
-- Name: query_participants_pkey; Type: CONSTRAINT; Schema: public; Owner: ojs-ci
--

ALTER TABLE ONLY public.query_participants
    ADD CONSTRAINT query_participants_pkey UNIQUE (query_id, user_id);


--
-- Name: queued_payments_pkey; Type: CONSTRAINT; Schema: public; Owner: ojs-ci
--

ALTER TABLE ONLY public.queued_payments
    ADD CONSTRAINT queued_payments_pkey PRIMARY KEY (queued_payment_id);


--
-- Name: review_assignments_pkey; Type: CONSTRAINT; Schema: public; Owner: ojs-ci
--

ALTER TABLE ONLY public.review_assignments
    ADD CONSTRAINT review_assignments_pkey PRIMARY KEY (review_id);


--
-- Name: review_files_pkey; Type: CONSTRAINT; Schema: public; Owner: ojs-ci
--

ALTER TABLE ONLY public.review_files
    ADD CONSTRAINT review_files_pkey UNIQUE (review_id, submission_file_id);


--
-- Name: review_form_element_settings_pkey; Type: CONSTRAINT; Schema: public; Owner: ojs-ci
--

ALTER TABLE ONLY public.review_form_element_settings
    ADD CONSTRAINT review_form_element_settings_pkey UNIQUE (review_form_element_id, locale, setting_name);


--
-- Name: review_form_elements_pkey; Type: CONSTRAINT; Schema: public; Owner: ojs-ci
--

ALTER TABLE ONLY public.review_form_elements
    ADD CONSTRAINT review_form_elements_pkey PRIMARY KEY (review_form_element_id);


--
-- Name: review_form_settings_pkey; Type: CONSTRAINT; Schema: public; Owner: ojs-ci
--

ALTER TABLE ONLY public.review_form_settings
    ADD CONSTRAINT review_form_settings_pkey UNIQUE (review_form_id, locale, setting_name);


--
-- Name: review_forms_pkey; Type: CONSTRAINT; Schema: public; Owner: ojs-ci
--

ALTER TABLE ONLY public.review_forms
    ADD CONSTRAINT review_forms_pkey PRIMARY KEY (review_form_id);


--
-- Name: review_round_files_pkey; Type: CONSTRAINT; Schema: public; Owner: ojs-ci
--

ALTER TABLE ONLY public.review_round_files
    ADD CONSTRAINT review_round_files_pkey UNIQUE (submission_id, review_round_id, submission_file_id);


--
-- Name: review_rounds_pkey; Type: CONSTRAINT; Schema: public; Owner: ojs-ci
--

ALTER TABLE ONLY public.review_rounds
    ADD CONSTRAINT review_rounds_pkey PRIMARY KEY (review_round_id);


--
-- Name: review_rounds_submission_id_stage_id_round_pkey; Type: CONSTRAINT; Schema: public; Owner: ojs-ci
--

ALTER TABLE ONLY public.review_rounds
    ADD CONSTRAINT review_rounds_submission_id_stage_id_round_pkey UNIQUE (submission_id, stage_id, round);


--
-- Name: scheduled_tasks_pkey; Type: CONSTRAINT; Schema: public; Owner: ojs-ci
--

ALTER TABLE ONLY public.scheduled_tasks
    ADD CONSTRAINT scheduled_tasks_pkey UNIQUE (class_name);


--
-- Name: section_editors_pkey; Type: CONSTRAINT; Schema: public; Owner: ojs-ci
--

ALTER TABLE ONLY public.subeditor_submission_group
    ADD CONSTRAINT section_editors_pkey UNIQUE (context_id, assoc_id, assoc_type, user_id);


--
-- Name: section_settings_pkey; Type: CONSTRAINT; Schema: public; Owner: ojs-ci
--

ALTER TABLE ONLY public.section_settings
    ADD CONSTRAINT section_settings_pkey UNIQUE (section_id, locale, setting_name);


--
-- Name: sections_pkey; Type: CONSTRAINT; Schema: public; Owner: ojs-ci
--

ALTER TABLE ONLY public.sections
    ADD CONSTRAINT sections_pkey PRIMARY KEY (section_id);


--
-- Name: sessions_pkey; Type: CONSTRAINT; Schema: public; Owner: ojs-ci
--

ALTER TABLE ONLY public.sessions
    ADD CONSTRAINT sessions_pkey UNIQUE (session_id);


--
-- Name: site_settings_pkey; Type: CONSTRAINT; Schema: public; Owner: ojs-ci
--

ALTER TABLE ONLY public.site_settings
    ADD CONSTRAINT site_settings_pkey UNIQUE (setting_name, locale);


--
-- Name: stage_assignment; Type: CONSTRAINT; Schema: public; Owner: ojs-ci
--

ALTER TABLE ONLY public.stage_assignments
    ADD CONSTRAINT stage_assignment UNIQUE (submission_id, user_group_id, user_id);


--
-- Name: stage_assignments_pkey; Type: CONSTRAINT; Schema: public; Owner: ojs-ci
--

ALTER TABLE ONLY public.stage_assignments
    ADD CONSTRAINT stage_assignments_pkey PRIMARY KEY (stage_assignment_id);


--
-- Name: static_page_settings_pkey; Type: CONSTRAINT; Schema: public; Owner: ojs-ci
--

ALTER TABLE ONLY public.static_page_settings
    ADD CONSTRAINT static_page_settings_pkey UNIQUE (static_page_id, locale, setting_name);


--
-- Name: static_pages_pkey; Type: CONSTRAINT; Schema: public; Owner: ojs-ci
--

ALTER TABLE ONLY public.static_pages
    ADD CONSTRAINT static_pages_pkey PRIMARY KEY (static_page_id);


--
-- Name: submission_comments_pkey; Type: CONSTRAINT; Schema: public; Owner: ojs-ci
--

ALTER TABLE ONLY public.submission_comments
    ADD CONSTRAINT submission_comments_pkey PRIMARY KEY (comment_id);


--
-- Name: submission_file_revisions_pkey; Type: CONSTRAINT; Schema: public; Owner: ojs-ci
--

ALTER TABLE ONLY public.submission_file_revisions
    ADD CONSTRAINT submission_file_revisions_pkey PRIMARY KEY (revision_id);


--
-- Name: submission_file_settings_pkey; Type: CONSTRAINT; Schema: public; Owner: ojs-ci
--

ALTER TABLE ONLY public.submission_file_settings
    ADD CONSTRAINT submission_file_settings_pkey UNIQUE (submission_file_id, locale, setting_name);


--
-- Name: submission_files_pkey; Type: CONSTRAINT; Schema: public; Owner: ojs-ci
--

ALTER TABLE ONLY public.submission_files
    ADD CONSTRAINT submission_files_pkey PRIMARY KEY (submission_file_id);


--
-- Name: submission_search_keyword_list_pkey; Type: CONSTRAINT; Schema: public; Owner: ojs-ci
--

ALTER TABLE ONLY public.submission_search_keyword_list
    ADD CONSTRAINT submission_search_keyword_list_pkey PRIMARY KEY (keyword_id);


--
-- Name: submission_search_keyword_text; Type: CONSTRAINT; Schema: public; Owner: ojs-ci
--

ALTER TABLE ONLY public.submission_search_keyword_list
    ADD CONSTRAINT submission_search_keyword_text UNIQUE (keyword_text);


--
-- Name: submission_search_object_keywords_pkey; Type: CONSTRAINT; Schema: public; Owner: ojs-ci
--

ALTER TABLE ONLY public.submission_search_object_keywords
    ADD CONSTRAINT submission_search_object_keywords_pkey UNIQUE (object_id, pos);


--
-- Name: submission_search_objects_pkey; Type: CONSTRAINT; Schema: public; Owner: ojs-ci
--

ALTER TABLE ONLY public.submission_search_objects
    ADD CONSTRAINT submission_search_objects_pkey PRIMARY KEY (object_id);


--
-- Name: submission_settings_pkey; Type: CONSTRAINT; Schema: public; Owner: ojs-ci
--

ALTER TABLE ONLY public.submission_settings
    ADD CONSTRAINT submission_settings_pkey UNIQUE (submission_id, locale, setting_name);


--
-- Name: submissions_pkey; Type: CONSTRAINT; Schema: public; Owner: ojs-ci
--

ALTER TABLE ONLY public.submissions
    ADD CONSTRAINT submissions_pkey PRIMARY KEY (submission_id);


--
-- Name: subscription_type_settings_pkey; Type: CONSTRAINT; Schema: public; Owner: ojs-ci
--

ALTER TABLE ONLY public.subscription_type_settings
    ADD CONSTRAINT subscription_type_settings_pkey UNIQUE (type_id, locale, setting_name);


--
-- Name: subscription_types_pkey; Type: CONSTRAINT; Schema: public; Owner: ojs-ci
--

ALTER TABLE ONLY public.subscription_types
    ADD CONSTRAINT subscription_types_pkey PRIMARY KEY (type_id);


--
-- Name: subscriptions_pkey; Type: CONSTRAINT; Schema: public; Owner: ojs-ci
--

ALTER TABLE ONLY public.subscriptions
    ADD CONSTRAINT subscriptions_pkey PRIMARY KEY (subscription_id);


--
-- Name: temporary_files_pkey; Type: CONSTRAINT; Schema: public; Owner: ojs-ci
--

ALTER TABLE ONLY public.temporary_files
    ADD CONSTRAINT temporary_files_pkey PRIMARY KEY (file_id);


--
-- Name: u_e_pkey; Type: CONSTRAINT; Schema: public; Owner: ojs-ci
--

ALTER TABLE ONLY public.user_interests
    ADD CONSTRAINT u_e_pkey UNIQUE (user_id, controlled_vocab_entry_id);


--
-- Name: user_group_settings_pkey; Type: CONSTRAINT; Schema: public; Owner: ojs-ci
--

ALTER TABLE ONLY public.user_group_settings
    ADD CONSTRAINT user_group_settings_pkey UNIQUE (user_group_id, locale, setting_name);


--
-- Name: user_group_stage_pkey; Type: CONSTRAINT; Schema: public; Owner: ojs-ci
--

ALTER TABLE ONLY public.user_group_stage
    ADD CONSTRAINT user_group_stage_pkey UNIQUE (context_id, user_group_id, stage_id);


--
-- Name: user_groups_pkey; Type: CONSTRAINT; Schema: public; Owner: ojs-ci
--

ALTER TABLE ONLY public.user_groups
    ADD CONSTRAINT user_groups_pkey PRIMARY KEY (user_group_id);


--
-- Name: user_settings_pkey; Type: CONSTRAINT; Schema: public; Owner: ojs-ci
--

ALTER TABLE ONLY public.user_settings
    ADD CONSTRAINT user_settings_pkey UNIQUE (user_id, locale, setting_name);


--
-- Name: user_user_groups_pkey; Type: CONSTRAINT; Schema: public; Owner: ojs-ci
--

ALTER TABLE ONLY public.user_user_groups
    ADD CONSTRAINT user_user_groups_pkey UNIQUE (user_group_id, user_id);


--
-- Name: users_email; Type: CONSTRAINT; Schema: public; Owner: ojs-ci
--

ALTER TABLE ONLY public.users
    ADD CONSTRAINT users_email UNIQUE (email);


--
-- Name: users_pkey; Type: CONSTRAINT; Schema: public; Owner: ojs-ci
--

ALTER TABLE ONLY public.users
    ADD CONSTRAINT users_pkey PRIMARY KEY (user_id);


--
-- Name: users_username; Type: CONSTRAINT; Schema: public; Owner: ojs-ci
--

ALTER TABLE ONLY public.users
    ADD CONSTRAINT users_username UNIQUE (username);


--
-- Name: usitr_load_id_line_number_institution_id; Type: CONSTRAINT; Schema: public; Owner: ojs-ci
--

ALTER TABLE ONLY public.usage_stats_institution_temporary_records
    ADD CONSTRAINT usitr_load_id_line_number_institution_id UNIQUE (load_id, line_number, institution_id);


--
-- Name: versions_pkey; Type: CONSTRAINT; Schema: public; Owner: ojs-ci
--

ALTER TABLE ONLY public.versions
    ADD CONSTRAINT versions_pkey UNIQUE (product_type, product, major, minor, revision, build);


--
-- Name: access_keys_hash; Type: INDEX; Schema: public; Owner: ojs-ci
--

CREATE INDEX access_keys_hash ON public.access_keys USING btree (key_hash, user_id, context);


--
-- Name: announcement_settings_announcement_id; Type: INDEX; Schema: public; Owner: ojs-ci
--

CREATE INDEX announcement_settings_announcement_id ON public.announcement_settings USING btree (announcement_id);


--
-- Name: announcement_type_settings_type_id; Type: INDEX; Schema: public; Owner: ojs-ci
--

CREATE INDEX announcement_type_settings_type_id ON public.announcement_type_settings USING btree (type_id);


--
-- Name: announcement_types_context_id; Type: INDEX; Schema: public; Owner: ojs-ci
--

CREATE INDEX announcement_types_context_id ON public.announcement_types USING btree (context_id);


--
-- Name: announcements_assoc; Type: INDEX; Schema: public; Owner: ojs-ci
--

CREATE INDEX announcements_assoc ON public.announcements USING btree (assoc_type, assoc_id);


--
-- Name: assignment_settings_navigation_menu_item_assignment_id; Type: INDEX; Schema: public; Owner: ojs-ci
--

CREATE INDEX assignment_settings_navigation_menu_item_assignment_id ON public.navigation_menu_item_assignment_settings USING btree (navigation_menu_item_assignment_id);


--
-- Name: author_settings_author_id; Type: INDEX; Schema: public; Owner: ojs-ci
--

CREATE INDEX author_settings_author_id ON public.author_settings USING btree (author_id);


--
-- Name: authors_publication_id; Type: INDEX; Schema: public; Owner: ojs-ci
--

CREATE INDEX authors_publication_id ON public.authors USING btree (publication_id);


--
-- Name: c_v_e_s_entry_id; Type: INDEX; Schema: public; Owner: ojs-ci
--

CREATE INDEX c_v_e_s_entry_id ON public.controlled_vocab_entry_settings USING btree (controlled_vocab_entry_id);


--
-- Name: category_context_id; Type: INDEX; Schema: public; Owner: ojs-ci
--

CREATE INDEX category_context_id ON public.categories USING btree (context_id, parent_id);


--
-- Name: citation_settings_citation_id; Type: INDEX; Schema: public; Owner: ojs-ci
--

CREATE INDEX citation_settings_citation_id ON public.citation_settings USING btree (citation_id);


--
-- Name: citations_publication; Type: INDEX; Schema: public; Owner: ojs-ci
--

CREATE INDEX citations_publication ON public.citations USING btree (publication_id);


--
-- Name: controlled_vocab_entries_cv_id; Type: INDEX; Schema: public; Owner: ojs-ci
--

CREATE INDEX controlled_vocab_entries_cv_id ON public.controlled_vocab_entries USING btree (controlled_vocab_id, seq);


--
-- Name: data_object_tombstone_oai_set_objects_tombstone_id; Type: INDEX; Schema: public; Owner: ojs-ci
--

CREATE INDEX data_object_tombstone_oai_set_objects_tombstone_id ON public.data_object_tombstone_oai_set_objects USING btree (tombstone_id);


--
-- Name: data_object_tombstone_settings_tombstone_id; Type: INDEX; Schema: public; Owner: ojs-ci
--

CREATE INDEX data_object_tombstone_settings_tombstone_id ON public.data_object_tombstone_settings USING btree (tombstone_id);


--
-- Name: data_object_tombstones_data_object_id; Type: INDEX; Schema: public; Owner: ojs-ci
--

CREATE INDEX data_object_tombstones_data_object_id ON public.data_object_tombstones USING btree (data_object_id);


--
-- Name: doi_settings_doi_id; Type: INDEX; Schema: public; Owner: ojs-ci
--

CREATE INDEX doi_settings_doi_id ON public.doi_settings USING btree (doi_id);


--
-- Name: edit_decisions_editor_id; Type: INDEX; Schema: public; Owner: ojs-ci
--

CREATE INDEX edit_decisions_editor_id ON public.edit_decisions USING btree (editor_id);


--
-- Name: edit_decisions_submission_id; Type: INDEX; Schema: public; Owner: ojs-ci
--

CREATE INDEX edit_decisions_submission_id ON public.edit_decisions USING btree (submission_id);


--
-- Name: email_log_assoc; Type: INDEX; Schema: public; Owner: ojs-ci
--

CREATE INDEX email_log_assoc ON public.email_log USING btree (assoc_type, assoc_id);


--
-- Name: email_settings_email_id; Type: INDEX; Schema: public; Owner: ojs-ci
--

CREATE INDEX email_settings_email_id ON public.email_templates_settings USING btree (email_id);


--
-- Name: email_templates_default_email_key; Type: INDEX; Schema: public; Owner: ojs-ci
--

CREATE INDEX email_templates_default_email_key ON public.email_templates_default USING btree (email_key);


--
-- Name: event_log_assoc; Type: INDEX; Schema: public; Owner: ojs-ci
--

CREATE INDEX event_log_assoc ON public.event_log USING btree (assoc_type, assoc_id);


--
-- Name: event_log_settings_log_id; Type: INDEX; Schema: public; Owner: ojs-ci
--

CREATE INDEX event_log_settings_log_id ON public.event_log_settings USING btree (log_id);


--
-- Name: event_log_settings_name_value; Type: INDEX; Schema: public; Owner: ojs-ci
--

CREATE INDEX event_log_settings_name_value ON public.event_log_settings USING btree (setting_name, setting_value) WHERE ((setting_name)::text = ANY ((ARRAY['fileId'::character varying, 'submissionId'::character varying])::text[]));


--
-- Name: filter_settings_id; Type: INDEX; Schema: public; Owner: ojs-ci
--

CREATE INDEX filter_settings_id ON public.filter_settings USING btree (filter_id);


--
-- Name: institution_ip_end; Type: INDEX; Schema: public; Owner: ojs-ci
--

CREATE INDEX institution_ip_end ON public.institution_ip USING btree (ip_end);


--
-- Name: institution_ip_institution_id; Type: INDEX; Schema: public; Owner: ojs-ci
--

CREATE INDEX institution_ip_institution_id ON public.institution_ip USING btree (institution_id);


--
-- Name: institution_ip_start; Type: INDEX; Schema: public; Owner: ojs-ci
--

CREATE INDEX institution_ip_start ON public.institution_ip USING btree (ip_start);


--
-- Name: institution_settings_institution_id; Type: INDEX; Schema: public; Owner: ojs-ci
--

CREATE INDEX institution_settings_institution_id ON public.institution_settings USING btree (institution_id);


--
-- Name: institutional_subscriptions_domain; Type: INDEX; Schema: public; Owner: ojs-ci
--

CREATE INDEX institutional_subscriptions_domain ON public.institutional_subscriptions USING btree (domain);


--
-- Name: institutional_subscriptions_subscription_id; Type: INDEX; Schema: public; Owner: ojs-ci
--

CREATE INDEX institutional_subscriptions_subscription_id ON public.institutional_subscriptions USING btree (subscription_id);


--
-- Name: issue_files_issue_id; Type: INDEX; Schema: public; Owner: ojs-ci
--

CREATE INDEX issue_files_issue_id ON public.issue_files USING btree (issue_id);


--
-- Name: issue_galley_settings_galley_id; Type: INDEX; Schema: public; Owner: ojs-ci
--

CREATE INDEX issue_galley_settings_galley_id ON public.issue_galley_settings USING btree (galley_id);


--
-- Name: issue_galleys_issue_id; Type: INDEX; Schema: public; Owner: ojs-ci
--

CREATE INDEX issue_galleys_issue_id ON public.issue_galleys USING btree (issue_id);


--
-- Name: issue_galleys_url_path; Type: INDEX; Schema: public; Owner: ojs-ci
--

CREATE INDEX issue_galleys_url_path ON public.issue_galleys USING btree (url_path);


--
-- Name: issue_settings_issue_id; Type: INDEX; Schema: public; Owner: ojs-ci
--

CREATE INDEX issue_settings_issue_id ON public.issue_settings USING btree (issue_id);


--
-- Name: issue_settings_name_value; Type: INDEX; Schema: public; Owner: ojs-ci
--

CREATE INDEX issue_settings_name_value ON public.issue_settings USING btree (setting_name, setting_value) WHERE ((setting_name)::text = ANY ((ARRAY['medra::registeredDoi'::character varying, 'datacite::registeredDoi'::character varying])::text[]));


--
-- Name: issues_journal_id; Type: INDEX; Schema: public; Owner: ojs-ci
--

CREATE INDEX issues_journal_id ON public.issues USING btree (journal_id);


--
-- Name: issues_url_path; Type: INDEX; Schema: public; Owner: ojs-ci
--

CREATE INDEX issues_url_path ON public.issues USING btree (url_path);


--
-- Name: jobs_queue_reserved_at_index; Type: INDEX; Schema: public; Owner: ojs-ci
--

CREATE INDEX jobs_queue_reserved_at_index ON public.jobs USING btree (queue, reserved_at);


--
-- Name: journal_settings_journal_id; Type: INDEX; Schema: public; Owner: ojs-ci
--

CREATE INDEX journal_settings_journal_id ON public.journal_settings USING btree (journal_id);


--
-- Name: library_file_settings_id; Type: INDEX; Schema: public; Owner: ojs-ci
--

CREATE INDEX library_file_settings_id ON public.library_file_settings USING btree (file_id);


--
-- Name: library_files_context_id; Type: INDEX; Schema: public; Owner: ojs-ci
--

CREATE INDEX library_files_context_id ON public.library_files USING btree (context_id);


--
-- Name: library_files_submission_id; Type: INDEX; Schema: public; Owner: ojs-ci
--

CREATE INDEX library_files_submission_id ON public.library_files USING btree (submission_id);


--
-- Name: metadata_description_settings_id; Type: INDEX; Schema: public; Owner: ojs-ci
--

CREATE INDEX metadata_description_settings_id ON public.metadata_description_settings USING btree (metadata_description_id);


--
-- Name: metadata_descriptions_assoc; Type: INDEX; Schema: public; Owner: ojs-ci
--

CREATE INDEX metadata_descriptions_assoc ON public.metadata_descriptions USING btree (assoc_type, assoc_id);


--
-- Name: metrics_context_context_id; Type: INDEX; Schema: public; Owner: ojs-ci
--

CREATE INDEX metrics_context_context_id ON public.metrics_context USING btree (context_id);


--
-- Name: metrics_context_load_id; Type: INDEX; Schema: public; Owner: ojs-ci
--

CREATE INDEX metrics_context_load_id ON public.metrics_context USING btree (load_id);


--
-- Name: metrics_issue_context_id_issue_id; Type: INDEX; Schema: public; Owner: ojs-ci
--

CREATE INDEX metrics_issue_context_id_issue_id ON public.metrics_issue USING btree (context_id, issue_id);


--
-- Name: metrics_issue_load_id; Type: INDEX; Schema: public; Owner: ojs-ci
--

CREATE INDEX metrics_issue_load_id ON public.metrics_issue USING btree (load_id);


--
-- Name: ms_context_id_submission_id_assoc_type_file_type; Type: INDEX; Schema: public; Owner: ojs-ci
--

CREATE INDEX ms_context_id_submission_id_assoc_type_file_type ON public.metrics_submission USING btree (context_id, submission_id, assoc_type, file_type);


--
-- Name: ms_load_id; Type: INDEX; Schema: public; Owner: ojs-ci
--

CREATE INDEX ms_load_id ON public.metrics_submission USING btree (load_id);


--
-- Name: msd_context_id_submission_id; Type: INDEX; Schema: public; Owner: ojs-ci
--

CREATE INDEX msd_context_id_submission_id ON public.metrics_counter_submission_daily USING btree (context_id, submission_id);


--
-- Name: msd_load_id; Type: INDEX; Schema: public; Owner: ojs-ci
--

CREATE INDEX msd_load_id ON public.metrics_counter_submission_daily USING btree (load_id);


--
-- Name: msgd_context_id_submission_id; Type: INDEX; Schema: public; Owner: ojs-ci
--

CREATE INDEX msgd_context_id_submission_id ON public.metrics_submission_geo_daily USING btree (context_id, submission_id);


--
-- Name: msgd_load_id; Type: INDEX; Schema: public; Owner: ojs-ci
--

CREATE INDEX msgd_load_id ON public.metrics_submission_geo_daily USING btree (load_id);


--
-- Name: msgm_context_id_submission_id; Type: INDEX; Schema: public; Owner: ojs-ci
--

CREATE INDEX msgm_context_id_submission_id ON public.metrics_submission_geo_monthly USING btree (context_id, submission_id);


--
-- Name: msid_context_id_submission_id; Type: INDEX; Schema: public; Owner: ojs-ci
--

CREATE INDEX msid_context_id_submission_id ON public.metrics_counter_submission_institution_daily USING btree (context_id, submission_id);


--
-- Name: msid_load_id; Type: INDEX; Schema: public; Owner: ojs-ci
--

CREATE INDEX msid_load_id ON public.metrics_counter_submission_institution_daily USING btree (load_id);


--
-- Name: msim_context_id_submission_id; Type: INDEX; Schema: public; Owner: ojs-ci
--

CREATE INDEX msim_context_id_submission_id ON public.metrics_counter_submission_institution_monthly USING btree (context_id, submission_id);


--
-- Name: msm_context_id_submission_id; Type: INDEX; Schema: public; Owner: ojs-ci
--

CREATE INDEX msm_context_id_submission_id ON public.metrics_counter_submission_monthly USING btree (context_id, submission_id);


--
-- Name: navigation_menu_item_settings_navigation_menu_id; Type: INDEX; Schema: public; Owner: ojs-ci
--

CREATE INDEX navigation_menu_item_settings_navigation_menu_id ON public.navigation_menu_item_settings USING btree (navigation_menu_item_id);


--
-- Name: notes_assoc; Type: INDEX; Schema: public; Owner: ojs-ci
--

CREATE INDEX notes_assoc ON public.notes USING btree (assoc_type, assoc_id);


--
-- Name: notifications_assoc; Type: INDEX; Schema: public; Owner: ojs-ci
--

CREATE INDEX notifications_assoc ON public.notifications USING btree (assoc_type, assoc_id);


--
-- Name: notifications_context_id; Type: INDEX; Schema: public; Owner: ojs-ci
--

CREATE INDEX notifications_context_id ON public.notifications USING btree (context_id, level);


--
-- Name: notifications_context_id_user_id; Type: INDEX; Schema: public; Owner: ojs-ci
--

CREATE INDEX notifications_context_id_user_id ON public.notifications USING btree (context_id, user_id, level);


--
-- Name: notifications_user_id_level; Type: INDEX; Schema: public; Owner: ojs-ci
--

CREATE INDEX notifications_user_id_level ON public.notifications USING btree (user_id, level);


--
-- Name: plugin_settings_plugin_name; Type: INDEX; Schema: public; Owner: ojs-ci
--

CREATE INDEX plugin_settings_plugin_name ON public.plugin_settings USING btree (plugin_name);


--
-- Name: publication_galley_settings_galley_id; Type: INDEX; Schema: public; Owner: ojs-ci
--

CREATE INDEX publication_galley_settings_galley_id ON public.publication_galley_settings USING btree (galley_id);


--
-- Name: publication_galley_settings_name_value; Type: INDEX; Schema: public; Owner: ojs-ci
--

CREATE INDEX publication_galley_settings_name_value ON public.publication_galley_settings USING btree (setting_name, setting_value);


--
-- Name: publication_galleys_publication_id; Type: INDEX; Schema: public; Owner: ojs-ci
--

CREATE INDEX publication_galleys_publication_id ON public.publication_galleys USING btree (publication_id);


--
-- Name: publication_galleys_url_path; Type: INDEX; Schema: public; Owner: ojs-ci
--

CREATE INDEX publication_galleys_url_path ON public.publication_galleys USING btree (url_path);


--
-- Name: publication_settings_name_value; Type: INDEX; Schema: public; Owner: ojs-ci
--

CREATE INDEX publication_settings_name_value ON public.publication_settings USING btree (setting_name, setting_value) WHERE ((setting_name)::text = ANY ((ARRAY['indexingState'::character varying, 'medra::registeredDoi'::character varying, 'datacite::registeredDoi'::character varying, 'pub-id::publisher-id'::character varying])::text[]));


--
-- Name: publication_settings_publication_id; Type: INDEX; Schema: public; Owner: ojs-ci
--

CREATE INDEX publication_settings_publication_id ON public.publication_settings USING btree (publication_id);


--
-- Name: publications_section_id; Type: INDEX; Schema: public; Owner: ojs-ci
--

CREATE INDEX publications_section_id ON public.publications USING btree (section_id);


--
-- Name: publications_submission_id; Type: INDEX; Schema: public; Owner: ojs-ci
--

CREATE INDEX publications_submission_id ON public.publications USING btree (submission_id);


--
-- Name: publications_url_path; Type: INDEX; Schema: public; Owner: ojs-ci
--

CREATE INDEX publications_url_path ON public.publications USING btree (url_path);


--
-- Name: queries_assoc_id; Type: INDEX; Schema: public; Owner: ojs-ci
--

CREATE INDEX queries_assoc_id ON public.queries USING btree (assoc_type, assoc_id);


--
-- Name: review_assignment_reviewer_round; Type: INDEX; Schema: public; Owner: ojs-ci
--

CREATE INDEX review_assignment_reviewer_round ON public.review_assignments USING btree (review_round_id, reviewer_id);


--
-- Name: review_assignments_form_id; Type: INDEX; Schema: public; Owner: ojs-ci
--

CREATE INDEX review_assignments_form_id ON public.review_assignments USING btree (review_form_id);


--
-- Name: review_assignments_reviewer_id; Type: INDEX; Schema: public; Owner: ojs-ci
--

CREATE INDEX review_assignments_reviewer_id ON public.review_assignments USING btree (reviewer_id);


--
-- Name: review_assignments_reviewer_review; Type: INDEX; Schema: public; Owner: ojs-ci
--

CREATE INDEX review_assignments_reviewer_review ON public.review_assignments USING btree (reviewer_id, review_id);


--
-- Name: review_assignments_submission_id; Type: INDEX; Schema: public; Owner: ojs-ci
--

CREATE INDEX review_assignments_submission_id ON public.review_assignments USING btree (submission_id);


--
-- Name: review_files_review_id; Type: INDEX; Schema: public; Owner: ojs-ci
--

CREATE INDEX review_files_review_id ON public.review_files USING btree (review_id);


--
-- Name: review_form_element_settings_review_form_element_id; Type: INDEX; Schema: public; Owner: ojs-ci
--

CREATE INDEX review_form_element_settings_review_form_element_id ON public.review_form_element_settings USING btree (review_form_element_id);


--
-- Name: review_form_elements_review_form_id; Type: INDEX; Schema: public; Owner: ojs-ci
--

CREATE INDEX review_form_elements_review_form_id ON public.review_form_elements USING btree (review_form_id);


--
-- Name: review_form_responses_pkey; Type: INDEX; Schema: public; Owner: ojs-ci
--

CREATE INDEX review_form_responses_pkey ON public.review_form_responses USING btree (review_form_element_id, review_id);


--
-- Name: review_form_settings_review_form_id; Type: INDEX; Schema: public; Owner: ojs-ci
--

CREATE INDEX review_form_settings_review_form_id ON public.review_form_settings USING btree (review_form_id);


--
-- Name: review_round_files_submission_id; Type: INDEX; Schema: public; Owner: ojs-ci
--

CREATE INDEX review_round_files_submission_id ON public.review_round_files USING btree (submission_id);


--
-- Name: review_rounds_submission_id; Type: INDEX; Schema: public; Owner: ojs-ci
--

CREATE INDEX review_rounds_submission_id ON public.review_rounds USING btree (submission_id);


--
-- Name: section_editors_context_id; Type: INDEX; Schema: public; Owner: ojs-ci
--

CREATE INDEX section_editors_context_id ON public.subeditor_submission_group USING btree (context_id);


--
-- Name: section_settings_section_id; Type: INDEX; Schema: public; Owner: ojs-ci
--

CREATE INDEX section_settings_section_id ON public.section_settings USING btree (section_id);


--
-- Name: sections_journal_id; Type: INDEX; Schema: public; Owner: ojs-ci
--

CREATE INDEX sections_journal_id ON public.sections USING btree (journal_id);


--
-- Name: sessions_user_id; Type: INDEX; Schema: public; Owner: ojs-ci
--

CREATE INDEX sessions_user_id ON public.sessions USING btree (user_id);


--
-- Name: stage_assignments_submission_id; Type: INDEX; Schema: public; Owner: ojs-ci
--

CREATE INDEX stage_assignments_submission_id ON public.stage_assignments USING btree (submission_id);


--
-- Name: stage_assignments_user_group_id; Type: INDEX; Schema: public; Owner: ojs-ci
--

CREATE INDEX stage_assignments_user_group_id ON public.stage_assignments USING btree (user_group_id);


--
-- Name: stage_assignments_user_id; Type: INDEX; Schema: public; Owner: ojs-ci
--

CREATE INDEX stage_assignments_user_id ON public.stage_assignments USING btree (user_id);


--
-- Name: static_page_settings_static_page_id; Type: INDEX; Schema: public; Owner: ojs-ci
--

CREATE INDEX static_page_settings_static_page_id ON public.static_page_settings USING btree (static_page_id);


--
-- Name: subeditor_submission_group_assoc_id; Type: INDEX; Schema: public; Owner: ojs-ci
--

CREATE INDEX subeditor_submission_group_assoc_id ON public.subeditor_submission_group USING btree (assoc_id, assoc_type);


--
-- Name: subeditor_submission_group_user_id; Type: INDEX; Schema: public; Owner: ojs-ci
--

CREATE INDEX subeditor_submission_group_user_id ON public.subeditor_submission_group USING btree (user_id);


--
-- Name: submission_comments_submission_id; Type: INDEX; Schema: public; Owner: ojs-ci
--

CREATE INDEX submission_comments_submission_id ON public.submission_comments USING btree (submission_id);


--
-- Name: submission_file_settings_id; Type: INDEX; Schema: public; Owner: ojs-ci
--

CREATE INDEX submission_file_settings_id ON public.submission_file_settings USING btree (submission_file_id);


--
-- Name: submission_files_stage_assoc; Type: INDEX; Schema: public; Owner: ojs-ci
--

CREATE INDEX submission_files_stage_assoc ON public.submission_files USING btree (file_stage, assoc_type, assoc_id);


--
-- Name: submission_files_submission_id; Type: INDEX; Schema: public; Owner: ojs-ci
--

CREATE INDEX submission_files_submission_id ON public.submission_files USING btree (submission_id);


--
-- Name: submission_search_object_keywords_keyword_id; Type: INDEX; Schema: public; Owner: ojs-ci
--

CREATE INDEX submission_search_object_keywords_keyword_id ON public.submission_search_object_keywords USING btree (keyword_id);


--
-- Name: submission_search_object_submission; Type: INDEX; Schema: public; Owner: ojs-ci
--

CREATE INDEX submission_search_object_submission ON public.submission_search_objects USING btree (submission_id);


--
-- Name: submission_settings_submission_id; Type: INDEX; Schema: public; Owner: ojs-ci
--

CREATE INDEX submission_settings_submission_id ON public.submission_settings USING btree (submission_id);


--
-- Name: submissions_context_id; Type: INDEX; Schema: public; Owner: ojs-ci
--

CREATE INDEX submissions_context_id ON public.submissions USING btree (context_id);


--
-- Name: submissions_publication_id; Type: INDEX; Schema: public; Owner: ojs-ci
--

CREATE INDEX submissions_publication_id ON public.submissions USING btree (current_publication_id);


--
-- Name: subscription_type_settings_type_id; Type: INDEX; Schema: public; Owner: ojs-ci
--

CREATE INDEX subscription_type_settings_type_id ON public.subscription_type_settings USING btree (type_id);


--
-- Name: temporary_files_user_id; Type: INDEX; Schema: public; Owner: ojs-ci
--

CREATE INDEX temporary_files_user_id ON public.temporary_files USING btree (user_id);


--
-- Name: user_group_stage_context_id; Type: INDEX; Schema: public; Owner: ojs-ci
--

CREATE INDEX user_group_stage_context_id ON public.user_group_stage USING btree (context_id);


--
-- Name: user_group_stage_stage_id; Type: INDEX; Schema: public; Owner: ojs-ci
--

CREATE INDEX user_group_stage_stage_id ON public.user_group_stage USING btree (stage_id);


--
-- Name: user_group_stage_user_group_id; Type: INDEX; Schema: public; Owner: ojs-ci
--

CREATE INDEX user_group_stage_user_group_id ON public.user_group_stage USING btree (user_group_id);


--
-- Name: user_groups_context_id; Type: INDEX; Schema: public; Owner: ojs-ci
--

CREATE INDEX user_groups_context_id ON public.user_groups USING btree (context_id);


--
-- Name: user_groups_role_id; Type: INDEX; Schema: public; Owner: ojs-ci
--

CREATE INDEX user_groups_role_id ON public.user_groups USING btree (role_id);


--
-- Name: user_groups_user_group_id; Type: INDEX; Schema: public; Owner: ojs-ci
--

CREATE INDEX user_groups_user_group_id ON public.user_groups USING btree (user_group_id);


--
-- Name: user_settings_locale_setting_name_index; Type: INDEX; Schema: public; Owner: ojs-ci
--

CREATE INDEX user_settings_locale_setting_name_index ON public.user_settings USING btree (setting_name, locale);


--
-- Name: user_settings_user_id; Type: INDEX; Schema: public; Owner: ojs-ci
--

CREATE INDEX user_settings_user_id ON public.user_settings USING btree (user_id);


--
-- Name: user_user_groups_user_group_id; Type: INDEX; Schema: public; Owner: ojs-ci
--

CREATE INDEX user_user_groups_user_group_id ON public.user_user_groups USING btree (user_group_id);


--
-- Name: user_user_groups_user_id; Type: INDEX; Schema: public; Owner: ojs-ci
--

CREATE INDEX user_user_groups_user_id ON public.user_user_groups USING btree (user_id);


--
-- Name: announcement_settings_announcement_id_foreign; Type: FK CONSTRAINT; Schema: public; Owner: ojs-ci
--

ALTER TABLE ONLY public.announcement_settings
    ADD CONSTRAINT announcement_settings_announcement_id_foreign FOREIGN KEY (announcement_id) REFERENCES public.announcements(announcement_id);


--
-- Name: announcement_type_settings_type_id_foreign; Type: FK CONSTRAINT; Schema: public; Owner: ojs-ci
--

ALTER TABLE ONLY public.announcement_type_settings
    ADD CONSTRAINT announcement_type_settings_type_id_foreign FOREIGN KEY (type_id) REFERENCES public.announcement_types(type_id);


--
-- Name: announcement_types_context_id_foreign; Type: FK CONSTRAINT; Schema: public; Owner: ojs-ci
--

ALTER TABLE ONLY public.announcement_types
    ADD CONSTRAINT announcement_types_context_id_foreign FOREIGN KEY (context_id) REFERENCES public.journals(journal_id);


--
-- Name: announcements_type_id_foreign; Type: FK CONSTRAINT; Schema: public; Owner: ojs-ci
--

ALTER TABLE ONLY public.announcements
    ADD CONSTRAINT announcements_type_id_foreign FOREIGN KEY (type_id) REFERENCES public.announcement_types(type_id);


--
-- Name: categories_context_id_foreign; Type: FK CONSTRAINT; Schema: public; Owner: ojs-ci
--

ALTER TABLE ONLY public.categories
    ADD CONSTRAINT categories_context_id_foreign FOREIGN KEY (context_id) REFERENCES public.journals(journal_id);


--
-- Name: categories_parent_id_foreign; Type: FK CONSTRAINT; Schema: public; Owner: ojs-ci
--

ALTER TABLE ONLY public.categories
    ADD CONSTRAINT categories_parent_id_foreign FOREIGN KEY (parent_id) REFERENCES public.categories(category_id) ON DELETE SET NULL;


--
-- Name: category_settings_category_id_foreign; Type: FK CONSTRAINT; Schema: public; Owner: ojs-ci
--

ALTER TABLE ONLY public.category_settings
    ADD CONSTRAINT category_settings_category_id_foreign FOREIGN KEY (category_id) REFERENCES public.categories(category_id) ON DELETE CASCADE;


--
-- Name: doi_settings_doi_id_foreign; Type: FK CONSTRAINT; Schema: public; Owner: ojs-ci
--

ALTER TABLE ONLY public.doi_settings
    ADD CONSTRAINT doi_settings_doi_id_foreign FOREIGN KEY (doi_id) REFERENCES public.dois(doi_id) ON DELETE CASCADE;


--
-- Name: dois_context_id_foreign; Type: FK CONSTRAINT; Schema: public; Owner: ojs-ci
--

ALTER TABLE ONLY public.dois
    ADD CONSTRAINT dois_context_id_foreign FOREIGN KEY (context_id) REFERENCES public.journals(journal_id);


--
-- Name: edit_decisions_review_round_id_foreign; Type: FK CONSTRAINT; Schema: public; Owner: ojs-ci
--

ALTER TABLE ONLY public.edit_decisions
    ADD CONSTRAINT edit_decisions_review_round_id_foreign FOREIGN KEY (review_round_id) REFERENCES public.review_rounds(review_round_id);


--
-- Name: genre_settings_genre_id_foreign; Type: FK CONSTRAINT; Schema: public; Owner: ojs-ci
--

ALTER TABLE ONLY public.genre_settings
    ADD CONSTRAINT genre_settings_genre_id_foreign FOREIGN KEY (genre_id) REFERENCES public.genres(genre_id) ON DELETE CASCADE;


--
-- Name: genres_context_id_foreign; Type: FK CONSTRAINT; Schema: public; Owner: ojs-ci
--

ALTER TABLE ONLY public.genres
    ADD CONSTRAINT genres_context_id_foreign FOREIGN KEY (context_id) REFERENCES public.journals(journal_id);


--
-- Name: institution_ip_institution_id_foreign; Type: FK CONSTRAINT; Schema: public; Owner: ojs-ci
--

ALTER TABLE ONLY public.institution_ip
    ADD CONSTRAINT institution_ip_institution_id_foreign FOREIGN KEY (institution_id) REFERENCES public.institutions(institution_id) ON DELETE CASCADE;


--
-- Name: institution_settings_institution_id_foreign; Type: FK CONSTRAINT; Schema: public; Owner: ojs-ci
--

ALTER TABLE ONLY public.institution_settings
    ADD CONSTRAINT institution_settings_institution_id_foreign FOREIGN KEY (institution_id) REFERENCES public.institutions(institution_id) ON DELETE CASCADE;


--
-- Name: institutional_subscriptions_institution_id_foreign; Type: FK CONSTRAINT; Schema: public; Owner: ojs-ci
--

ALTER TABLE ONLY public.institutional_subscriptions
    ADD CONSTRAINT institutional_subscriptions_institution_id_foreign FOREIGN KEY (institution_id) REFERENCES public.institutions(institution_id);


--
-- Name: institutions_context_id_foreign; Type: FK CONSTRAINT; Schema: public; Owner: ojs-ci
--

ALTER TABLE ONLY public.institutions
    ADD CONSTRAINT institutions_context_id_foreign FOREIGN KEY (context_id) REFERENCES public.journals(journal_id) ON DELETE CASCADE;


--
-- Name: issues_doi_id_foreign; Type: FK CONSTRAINT; Schema: public; Owner: ojs-ci
--

ALTER TABLE ONLY public.issues
    ADD CONSTRAINT issues_doi_id_foreign FOREIGN KEY (doi_id) REFERENCES public.dois(doi_id) ON DELETE SET NULL;


--
-- Name: item_views_user_id_foreign; Type: FK CONSTRAINT; Schema: public; Owner: ojs-ci
--

ALTER TABLE ONLY public.item_views
    ADD CONSTRAINT item_views_user_id_foreign FOREIGN KEY (user_id) REFERENCES public.users(user_id);


--
-- Name: journals_current_issue_id_foreign; Type: FK CONSTRAINT; Schema: public; Owner: ojs-ci
--

ALTER TABLE ONLY public.journals
    ADD CONSTRAINT journals_current_issue_id_foreign FOREIGN KEY (current_issue_id) REFERENCES public.issues(issue_id);


--
-- Name: mailable_templates_email_id_foreign; Type: FK CONSTRAINT; Schema: public; Owner: ojs-ci
--

ALTER TABLE ONLY public.mailable_templates
    ADD CONSTRAINT mailable_templates_email_id_foreign FOREIGN KEY (email_id) REFERENCES public.email_templates(email_id);


--
-- Name: metrics_context_context_id_foreign; Type: FK CONSTRAINT; Schema: public; Owner: ojs-ci
--

ALTER TABLE ONLY public.metrics_context
    ADD CONSTRAINT metrics_context_context_id_foreign FOREIGN KEY (context_id) REFERENCES public.journals(journal_id) ON DELETE CASCADE;


--
-- Name: metrics_issue_context_id_foreign; Type: FK CONSTRAINT; Schema: public; Owner: ojs-ci
--

ALTER TABLE ONLY public.metrics_issue
    ADD CONSTRAINT metrics_issue_context_id_foreign FOREIGN KEY (context_id) REFERENCES public.journals(journal_id) ON DELETE CASCADE;


--
-- Name: metrics_issue_issue_galley_id_foreign; Type: FK CONSTRAINT; Schema: public; Owner: ojs-ci
--

ALTER TABLE ONLY public.metrics_issue
    ADD CONSTRAINT metrics_issue_issue_galley_id_foreign FOREIGN KEY (issue_galley_id) REFERENCES public.issue_galleys(galley_id) ON DELETE CASCADE;


--
-- Name: metrics_issue_issue_id_foreign; Type: FK CONSTRAINT; Schema: public; Owner: ojs-ci
--

ALTER TABLE ONLY public.metrics_issue
    ADD CONSTRAINT metrics_issue_issue_id_foreign FOREIGN KEY (issue_id) REFERENCES public.issues(issue_id) ON DELETE CASCADE;


--
-- Name: metrics_submission_context_id_foreign; Type: FK CONSTRAINT; Schema: public; Owner: ojs-ci
--

ALTER TABLE ONLY public.metrics_submission
    ADD CONSTRAINT metrics_submission_context_id_foreign FOREIGN KEY (context_id) REFERENCES public.journals(journal_id) ON DELETE CASCADE;


--
-- Name: metrics_submission_representation_id_foreign; Type: FK CONSTRAINT; Schema: public; Owner: ojs-ci
--

ALTER TABLE ONLY public.metrics_submission
    ADD CONSTRAINT metrics_submission_representation_id_foreign FOREIGN KEY (representation_id) REFERENCES public.publication_galleys(galley_id) ON DELETE CASCADE;


--
-- Name: metrics_submission_submission_file_id_foreign; Type: FK CONSTRAINT; Schema: public; Owner: ojs-ci
--

ALTER TABLE ONLY public.metrics_submission
    ADD CONSTRAINT metrics_submission_submission_file_id_foreign FOREIGN KEY (submission_file_id) REFERENCES public.submission_files(submission_file_id) ON DELETE CASCADE;


--
-- Name: metrics_submission_submission_id_foreign; Type: FK CONSTRAINT; Schema: public; Owner: ojs-ci
--

ALTER TABLE ONLY public.metrics_submission
    ADD CONSTRAINT metrics_submission_submission_id_foreign FOREIGN KEY (submission_id) REFERENCES public.submissions(submission_id) ON DELETE CASCADE;


--
-- Name: msd_context_id_foreign; Type: FK CONSTRAINT; Schema: public; Owner: ojs-ci
--

ALTER TABLE ONLY public.metrics_counter_submission_daily
    ADD CONSTRAINT msd_context_id_foreign FOREIGN KEY (context_id) REFERENCES public.journals(journal_id) ON DELETE CASCADE;


--
-- Name: msd_submission_id_foreign; Type: FK CONSTRAINT; Schema: public; Owner: ojs-ci
--

ALTER TABLE ONLY public.metrics_counter_submission_daily
    ADD CONSTRAINT msd_submission_id_foreign FOREIGN KEY (submission_id) REFERENCES public.submissions(submission_id) ON DELETE CASCADE;


--
-- Name: msgd_context_id_foreign; Type: FK CONSTRAINT; Schema: public; Owner: ojs-ci
--

ALTER TABLE ONLY public.metrics_submission_geo_daily
    ADD CONSTRAINT msgd_context_id_foreign FOREIGN KEY (context_id) REFERENCES public.journals(journal_id) ON DELETE CASCADE;


--
-- Name: msgd_submission_id_foreign; Type: FK CONSTRAINT; Schema: public; Owner: ojs-ci
--

ALTER TABLE ONLY public.metrics_submission_geo_daily
    ADD CONSTRAINT msgd_submission_id_foreign FOREIGN KEY (submission_id) REFERENCES public.submissions(submission_id) ON DELETE CASCADE;


--
-- Name: msgm_context_id_foreign; Type: FK CONSTRAINT; Schema: public; Owner: ojs-ci
--

ALTER TABLE ONLY public.metrics_submission_geo_monthly
    ADD CONSTRAINT msgm_context_id_foreign FOREIGN KEY (context_id) REFERENCES public.journals(journal_id) ON DELETE CASCADE;


--
-- Name: msgm_submission_id_foreign; Type: FK CONSTRAINT; Schema: public; Owner: ojs-ci
--

ALTER TABLE ONLY public.metrics_submission_geo_monthly
    ADD CONSTRAINT msgm_submission_id_foreign FOREIGN KEY (submission_id) REFERENCES public.submissions(submission_id) ON DELETE CASCADE;


--
-- Name: msid_context_id_foreign; Type: FK CONSTRAINT; Schema: public; Owner: ojs-ci
--

ALTER TABLE ONLY public.metrics_counter_submission_institution_daily
    ADD CONSTRAINT msid_context_id_foreign FOREIGN KEY (context_id) REFERENCES public.journals(journal_id) ON DELETE CASCADE;


--
-- Name: msid_institution_id_foreign; Type: FK CONSTRAINT; Schema: public; Owner: ojs-ci
--

ALTER TABLE ONLY public.metrics_counter_submission_institution_daily
    ADD CONSTRAINT msid_institution_id_foreign FOREIGN KEY (institution_id) REFERENCES public.institutions(institution_id) ON DELETE CASCADE;


--
-- Name: msid_submission_id_foreign; Type: FK CONSTRAINT; Schema: public; Owner: ojs-ci
--

ALTER TABLE ONLY public.metrics_counter_submission_institution_daily
    ADD CONSTRAINT msid_submission_id_foreign FOREIGN KEY (submission_id) REFERENCES public.submissions(submission_id) ON DELETE CASCADE;


--
-- Name: msim_context_id_foreign; Type: FK CONSTRAINT; Schema: public; Owner: ojs-ci
--

ALTER TABLE ONLY public.metrics_counter_submission_institution_monthly
    ADD CONSTRAINT msim_context_id_foreign FOREIGN KEY (context_id) REFERENCES public.journals(journal_id) ON DELETE CASCADE;


--
-- Name: msim_institution_id_foreign; Type: FK CONSTRAINT; Schema: public; Owner: ojs-ci
--

ALTER TABLE ONLY public.metrics_counter_submission_institution_monthly
    ADD CONSTRAINT msim_institution_id_foreign FOREIGN KEY (institution_id) REFERENCES public.institutions(institution_id) ON DELETE CASCADE;


--
-- Name: msim_submission_id_foreign; Type: FK CONSTRAINT; Schema: public; Owner: ojs-ci
--

ALTER TABLE ONLY public.metrics_counter_submission_institution_monthly
    ADD CONSTRAINT msim_submission_id_foreign FOREIGN KEY (submission_id) REFERENCES public.submissions(submission_id) ON DELETE CASCADE;


--
-- Name: msm_context_id_foreign; Type: FK CONSTRAINT; Schema: public; Owner: ojs-ci
--

ALTER TABLE ONLY public.metrics_counter_submission_monthly
    ADD CONSTRAINT msm_context_id_foreign FOREIGN KEY (context_id) REFERENCES public.journals(journal_id) ON DELETE CASCADE;


--
-- Name: msm_submission_id_foreign; Type: FK CONSTRAINT; Schema: public; Owner: ojs-ci
--

ALTER TABLE ONLY public.metrics_counter_submission_monthly
    ADD CONSTRAINT msm_submission_id_foreign FOREIGN KEY (submission_id) REFERENCES public.submissions(submission_id) ON DELETE CASCADE;


--
-- Name: publication_categories_category_id_foreign; Type: FK CONSTRAINT; Schema: public; Owner: ojs-ci
--

ALTER TABLE ONLY public.publication_categories
    ADD CONSTRAINT publication_categories_category_id_foreign FOREIGN KEY (category_id) REFERENCES public.categories(category_id) ON DELETE CASCADE;


--
-- Name: publication_categories_publication_id_foreign; Type: FK CONSTRAINT; Schema: public; Owner: ojs-ci
--

ALTER TABLE ONLY public.publication_categories
    ADD CONSTRAINT publication_categories_publication_id_foreign FOREIGN KEY (publication_id) REFERENCES public.publications(publication_id) ON DELETE CASCADE;


--
-- Name: publication_galleys_doi_id_foreign; Type: FK CONSTRAINT; Schema: public; Owner: ojs-ci
--

ALTER TABLE ONLY public.publication_galleys
    ADD CONSTRAINT publication_galleys_doi_id_foreign FOREIGN KEY (doi_id) REFERENCES public.dois(doi_id) ON DELETE SET NULL;


--
-- Name: publication_galleys_submission_file_id_foreign; Type: FK CONSTRAINT; Schema: public; Owner: ojs-ci
--

ALTER TABLE ONLY public.publication_galleys
    ADD CONSTRAINT publication_galleys_submission_file_id_foreign FOREIGN KEY (submission_file_id) REFERENCES public.submission_files(submission_file_id);


--
-- Name: publications_doi_id_foreign; Type: FK CONSTRAINT; Schema: public; Owner: ojs-ci
--

ALTER TABLE ONLY public.publications
    ADD CONSTRAINT publications_doi_id_foreign FOREIGN KEY (doi_id) REFERENCES public.dois(doi_id) ON DELETE SET NULL;


--
-- Name: review_assignments_review_form_id_foreign; Type: FK CONSTRAINT; Schema: public; Owner: ojs-ci
--

ALTER TABLE ONLY public.review_assignments
    ADD CONSTRAINT review_assignments_review_form_id_foreign FOREIGN KEY (review_form_id) REFERENCES public.review_forms(review_form_id);


--
-- Name: review_assignments_review_round_id_foreign; Type: FK CONSTRAINT; Schema: public; Owner: ojs-ci
--

ALTER TABLE ONLY public.review_assignments
    ADD CONSTRAINT review_assignments_review_round_id_foreign FOREIGN KEY (review_round_id) REFERENCES public.review_rounds(review_round_id);


--
-- Name: review_assignments_reviewer_id_foreign; Type: FK CONSTRAINT; Schema: public; Owner: ojs-ci
--

ALTER TABLE ONLY public.review_assignments
    ADD CONSTRAINT review_assignments_reviewer_id_foreign FOREIGN KEY (reviewer_id) REFERENCES public.users(user_id);


--
-- Name: review_assignments_submission_id_foreign; Type: FK CONSTRAINT; Schema: public; Owner: ojs-ci
--

ALTER TABLE ONLY public.review_assignments
    ADD CONSTRAINT review_assignments_submission_id_foreign FOREIGN KEY (submission_id) REFERENCES public.submissions(submission_id);


--
-- Name: review_files_submission_file_id_foreign; Type: FK CONSTRAINT; Schema: public; Owner: ojs-ci
--

ALTER TABLE ONLY public.review_files
    ADD CONSTRAINT review_files_submission_file_id_foreign FOREIGN KEY (submission_file_id) REFERENCES public.submission_files(submission_file_id);


--
-- Name: review_round_files_submission_file_id_foreign; Type: FK CONSTRAINT; Schema: public; Owner: ojs-ci
--

ALTER TABLE ONLY public.review_round_files
    ADD CONSTRAINT review_round_files_submission_file_id_foreign FOREIGN KEY (submission_file_id) REFERENCES public.submission_files(submission_file_id);


--
-- Name: submission_file_revisions_file_id_foreign; Type: FK CONSTRAINT; Schema: public; Owner: ojs-ci
--

ALTER TABLE ONLY public.submission_file_revisions
    ADD CONSTRAINT submission_file_revisions_file_id_foreign FOREIGN KEY (file_id) REFERENCES public.files(file_id);


--
-- Name: submission_file_revisions_submission_file_id_foreign; Type: FK CONSTRAINT; Schema: public; Owner: ojs-ci
--

ALTER TABLE ONLY public.submission_file_revisions
    ADD CONSTRAINT submission_file_revisions_submission_file_id_foreign FOREIGN KEY (submission_file_id) REFERENCES public.submission_files(submission_file_id);


--
-- Name: submission_files_file_id_foreign; Type: FK CONSTRAINT; Schema: public; Owner: ojs-ci
--

ALTER TABLE ONLY public.submission_files
    ADD CONSTRAINT submission_files_file_id_foreign FOREIGN KEY (file_id) REFERENCES public.files(file_id);


--
-- Name: usi_institution_id_foreign; Type: FK CONSTRAINT; Schema: public; Owner: ojs-ci
--

ALTER TABLE ONLY public.usage_stats_institution_temporary_records
    ADD CONSTRAINT usi_institution_id_foreign FOREIGN KEY (institution_id) REFERENCES public.institutions(institution_id) ON DELETE CASCADE;


--
-- Name: usii_context_id_foreign; Type: FK CONSTRAINT; Schema: public; Owner: ojs-ci
--

ALTER TABLE ONLY public.usage_stats_unique_item_investigations_temporary_records
    ADD CONSTRAINT usii_context_id_foreign FOREIGN KEY (context_id) REFERENCES public.journals(journal_id) ON DELETE CASCADE;


--
-- Name: usii_representation_id_foreign; Type: FK CONSTRAINT; Schema: public; Owner: ojs-ci
--

ALTER TABLE ONLY public.usage_stats_unique_item_investigations_temporary_records
    ADD CONSTRAINT usii_representation_id_foreign FOREIGN KEY (representation_id) REFERENCES public.publication_galleys(galley_id) ON DELETE CASCADE;


--
-- Name: usii_submission_file_id_foreign; Type: FK CONSTRAINT; Schema: public; Owner: ojs-ci
--

ALTER TABLE ONLY public.usage_stats_unique_item_investigations_temporary_records
    ADD CONSTRAINT usii_submission_file_id_foreign FOREIGN KEY (submission_file_id) REFERENCES public.submission_files(submission_file_id) ON DELETE CASCADE;


--
-- Name: usii_submission_id_foreign; Type: FK CONSTRAINT; Schema: public; Owner: ojs-ci
--

ALTER TABLE ONLY public.usage_stats_unique_item_investigations_temporary_records
    ADD CONSTRAINT usii_submission_id_foreign FOREIGN KEY (submission_id) REFERENCES public.submissions(submission_id) ON DELETE CASCADE;


--
-- Name: usir_context_id_foreign; Type: FK CONSTRAINT; Schema: public; Owner: ojs-ci
--

ALTER TABLE ONLY public.usage_stats_unique_item_requests_temporary_records
    ADD CONSTRAINT usir_context_id_foreign FOREIGN KEY (context_id) REFERENCES public.journals(journal_id) ON DELETE CASCADE;


--
-- Name: usir_representation_id_foreign; Type: FK CONSTRAINT; Schema: public; Owner: ojs-ci
--

ALTER TABLE ONLY public.usage_stats_unique_item_requests_temporary_records
    ADD CONSTRAINT usir_representation_id_foreign FOREIGN KEY (representation_id) REFERENCES public.publication_galleys(galley_id) ON DELETE CASCADE;


--
-- Name: usir_submission_file_id_foreign; Type: FK CONSTRAINT; Schema: public; Owner: ojs-ci
--

ALTER TABLE ONLY public.usage_stats_unique_item_requests_temporary_records
    ADD CONSTRAINT usir_submission_file_id_foreign FOREIGN KEY (submission_file_id) REFERENCES public.submission_files(submission_file_id) ON DELETE CASCADE;


--
-- Name: usir_submission_id_foreign; Type: FK CONSTRAINT; Schema: public; Owner: ojs-ci
--

ALTER TABLE ONLY public.usage_stats_unique_item_requests_temporary_records
    ADD CONSTRAINT usir_submission_id_foreign FOREIGN KEY (submission_id) REFERENCES public.submissions(submission_id) ON DELETE CASCADE;


--
-- Name: ust_context_id_foreign; Type: FK CONSTRAINT; Schema: public; Owner: ojs-ci
--

ALTER TABLE ONLY public.usage_stats_total_temporary_records
    ADD CONSTRAINT ust_context_id_foreign FOREIGN KEY (context_id) REFERENCES public.journals(journal_id) ON DELETE CASCADE;


--
-- Name: ust_issue_galley_id_foreign; Type: FK CONSTRAINT; Schema: public; Owner: ojs-ci
--

ALTER TABLE ONLY public.usage_stats_total_temporary_records
    ADD CONSTRAINT ust_issue_galley_id_foreign FOREIGN KEY (issue_galley_id) REFERENCES public.issue_galleys(galley_id) ON DELETE CASCADE;


--
-- Name: ust_issue_id_foreign; Type: FK CONSTRAINT; Schema: public; Owner: ojs-ci
--

ALTER TABLE ONLY public.usage_stats_total_temporary_records
    ADD CONSTRAINT ust_issue_id_foreign FOREIGN KEY (issue_id) REFERENCES public.issues(issue_id) ON DELETE CASCADE;


--
-- Name: ust_representation_id_foreign; Type: FK CONSTRAINT; Schema: public; Owner: ojs-ci
--

ALTER TABLE ONLY public.usage_stats_total_temporary_records
    ADD CONSTRAINT ust_representation_id_foreign FOREIGN KEY (representation_id) REFERENCES public.publication_galleys(galley_id) ON DELETE CASCADE;


--
-- Name: ust_submission_file_id_foreign; Type: FK CONSTRAINT; Schema: public; Owner: ojs-ci
--

ALTER TABLE ONLY public.usage_stats_total_temporary_records
    ADD CONSTRAINT ust_submission_file_id_foreign FOREIGN KEY (submission_file_id) REFERENCES public.submission_files(submission_file_id) ON DELETE CASCADE;


--
-- Name: ust_submission_id_foreign; Type: FK CONSTRAINT; Schema: public; Owner: ojs-ci
--

ALTER TABLE ONLY public.usage_stats_total_temporary_records
    ADD CONSTRAINT ust_submission_id_foreign FOREIGN KEY (submission_id) REFERENCES public.submissions(submission_id) ON DELETE CASCADE;


--
-- Name: SCHEMA public; Type: ACL; Schema: -; Owner: postgres
--

REVOKE ALL ON SCHEMA public FROM PUBLIC;
REVOKE ALL ON SCHEMA public FROM postgres;
GRANT ALL ON SCHEMA public TO postgres;
GRANT ALL ON SCHEMA public TO PUBLIC;


--
-- PostgreSQL database dump complete
--

